-- MySQL dump 10.13  Distrib 5.5.54, for debian-linux-gnu (x86_64)
--
-- Host: 127.0.0.1    Database: newsdb
-- ------------------------------------------------------
-- Server version	5.7.13-log

/*!40101 SET @OLD_CHARACTER_SET_CLIENT=@@CHARACTER_SET_CLIENT */;
/*!40101 SET @OLD_CHARACTER_SET_RESULTS=@@CHARACTER_SET_RESULTS */;
/*!40101 SET @OLD_COLLATION_CONNECTION=@@COLLATION_CONNECTION */;
/*!40101 SET NAMES utf8 */;
/*!40103 SET @OLD_TIME_ZONE=@@TIME_ZONE */;
/*!40103 SET TIME_ZONE='+00:00' */;
/*!40014 SET @OLD_UNIQUE_CHECKS=@@UNIQUE_CHECKS, UNIQUE_CHECKS=0 */;
/*!40014 SET @OLD_FOREIGN_KEY_CHECKS=@@FOREIGN_KEY_CHECKS, FOREIGN_KEY_CHECKS=0 */;
/*!40101 SET @OLD_SQL_MODE=@@SQL_MODE, SQL_MODE='NO_AUTO_VALUE_ON_ZERO' */;
/*!40111 SET @OLD_SQL_NOTES=@@SQL_NOTES, SQL_NOTES=0 */;

--
-- Table structure for table `auth_group`
--

DROP TABLE IF EXISTS `auth_group`;
/*!40101 SET @saved_cs_client     = @@character_set_client */;
/*!40101 SET character_set_client = utf8 */;
CREATE TABLE `auth_group` (
  `id` int(11) NOT NULL AUTO_INCREMENT,
  `name` varchar(80) NOT NULL,
  PRIMARY KEY (`id`),
  UNIQUE KEY `name` (`name`)
) ENGINE=InnoDB DEFAULT CHARSET=utf8;
/*!40101 SET character_set_client = @saved_cs_client */;

--
-- Dumping data for table `auth_group`
--

LOCK TABLES `auth_group` WRITE;
/*!40000 ALTER TABLE `auth_group` DISABLE KEYS */;
/*!40000 ALTER TABLE `auth_group` ENABLE KEYS */;
UNLOCK TABLES;

--
-- Table structure for table `auth_group_permissions`
--

DROP TABLE IF EXISTS `auth_group_permissions`;
/*!40101 SET @saved_cs_client     = @@character_set_client */;
/*!40101 SET character_set_client = utf8 */;
CREATE TABLE `auth_group_permissions` (
  `id` int(11) NOT NULL AUTO_INCREMENT,
  `group_id` int(11) NOT NULL,
  `permission_id` int(11) NOT NULL,
  PRIMARY KEY (`id`),
  UNIQUE KEY `auth_group_permissions_group_id_0cd325b0_uniq` (`group_id`,`permission_id`),
  KEY `auth_group_permissi_permission_id_84c5c92e_fk_auth_permission_id` (`permission_id`),
  CONSTRAINT `auth_group_permissi_permission_id_84c5c92e_fk_auth_permission_id` FOREIGN KEY (`permission_id`) REFERENCES `auth_permission` (`id`),
  CONSTRAINT `auth_group_permissions_group_id_b120cbf9_fk_auth_group_id` FOREIGN KEY (`group_id`) REFERENCES `auth_group` (`id`)
) ENGINE=InnoDB DEFAULT CHARSET=utf8;
/*!40101 SET character_set_client = @saved_cs_client */;

--
-- Dumping data for table `auth_group_permissions`
--

LOCK TABLES `auth_group_permissions` WRITE;
/*!40000 ALTER TABLE `auth_group_permissions` DISABLE KEYS */;
/*!40000 ALTER TABLE `auth_group_permissions` ENABLE KEYS */;
UNLOCK TABLES;

--
-- Table structure for table `auth_permission`
--

DROP TABLE IF EXISTS `auth_permission`;
/*!40101 SET @saved_cs_client     = @@character_set_client */;
/*!40101 SET character_set_client = utf8 */;
CREATE TABLE `auth_permission` (
  `id` int(11) NOT NULL AUTO_INCREMENT,
  `name` varchar(255) NOT NULL,
  `content_type_id` int(11) NOT NULL,
  `codename` varchar(100) NOT NULL,
  PRIMARY KEY (`id`),
  UNIQUE KEY `auth_permission_content_type_id_01ab375a_uniq` (`content_type_id`,`codename`),
  CONSTRAINT `auth_permissi_content_type_id_2f476e4b_fk_django_content_type_id` FOREIGN KEY (`content_type_id`) REFERENCES `django_content_type` (`id`)
) ENGINE=InnoDB AUTO_INCREMENT=28 DEFAULT CHARSET=utf8;
/*!40101 SET character_set_client = @saved_cs_client */;

--
-- Dumping data for table `auth_permission`
--

LOCK TABLES `auth_permission` WRITE;
/*!40000 ALTER TABLE `auth_permission` DISABLE KEYS */;
INSERT INTO `auth_permission` VALUES (1,'Can add articles',1,'add_articles'),(2,'Can change articles',1,'change_articles'),(3,'Can delete articles',1,'delete_articles'),(4,'Can add log entry',2,'add_logentry'),(5,'Can change log entry',2,'change_logentry'),(6,'Can delete log entry',2,'delete_logentry'),(7,'Can add permission',3,'add_permission'),(8,'Can change permission',3,'change_permission'),(9,'Can delete permission',3,'delete_permission'),(10,'Can add user',4,'add_user'),(11,'Can change user',4,'change_user'),(12,'Can delete user',4,'delete_user'),(13,'Can add group',5,'add_group'),(14,'Can change group',5,'change_group'),(15,'Can delete group',5,'delete_group'),(16,'Can add content type',6,'add_contenttype'),(17,'Can change content type',6,'change_contenttype'),(18,'Can delete content type',6,'delete_contenttype'),(19,'Can add session',7,'add_session'),(20,'Can change session',7,'change_session'),(21,'Can delete session',7,'delete_session'),(22,'Can add url',8,'add_url'),(23,'Can change url',8,'change_url'),(24,'Can delete url',8,'delete_url'),(25,'Can add similar article',9,'add_similararticle'),(26,'Can change similar article',9,'change_similararticle'),(27,'Can delete similar article',9,'delete_similararticle');
/*!40000 ALTER TABLE `auth_permission` ENABLE KEYS */;
UNLOCK TABLES;

--
-- Table structure for table `auth_user`
--

DROP TABLE IF EXISTS `auth_user`;
/*!40101 SET @saved_cs_client     = @@character_set_client */;
/*!40101 SET character_set_client = utf8 */;
CREATE TABLE `auth_user` (
  `id` int(11) NOT NULL AUTO_INCREMENT,
  `password` varchar(128) NOT NULL,
  `last_login` datetime(6) DEFAULT NULL,
  `is_superuser` tinyint(1) NOT NULL,
  `username` varchar(150) NOT NULL,
  `first_name` varchar(30) NOT NULL,
  `last_name` varchar(30) NOT NULL,
  `email` varchar(254) NOT NULL,
  `is_staff` tinyint(1) NOT NULL,
  `is_active` tinyint(1) NOT NULL,
  `date_joined` datetime(6) NOT NULL,
  PRIMARY KEY (`id`),
  UNIQUE KEY `username` (`username`)
) ENGINE=InnoDB AUTO_INCREMENT=4 DEFAULT CHARSET=utf8;
/*!40101 SET character_set_client = @saved_cs_client */;

--
-- Dumping data for table `auth_user`
--

LOCK TABLES `auth_user` WRITE;
/*!40000 ALTER TABLE `auth_user` DISABLE KEYS */;
INSERT INTO `auth_user` VALUES (1,'pbkdf2_sha256$30000$UsoZjzlQaF7F$dkP5yR0NFe9KiFBpdfd7O0ZbpIYWXfAgH459QvwgEiA=','2017-05-01 17:08:09.512061',0,'Evan','','','',0,1,'2017-03-07 19:53:44.000000'),(2,'pbkdf2_sha256$30000$BhfXkTBEolPN$0KN2qxVxYSudHOrgO23CckIS5m6cThP8L2yFyj/wquU=','2017-04-29 19:00:46.890632',1,'eroberts20','','','evankroberts@live.com',1,1,'2017-03-07 19:58:21.029633'),(3,'pbkdf2_sha256$30000$qIjKKzVEGz1c$oUzS5ktrz+10jeT5Sq+qaMHsDNZm9leMce6O1MVSvM4=','2017-04-27 07:45:45.359225',0,'plea','','','',0,1,'2017-04-27 07:45:45.080087');
/*!40000 ALTER TABLE `auth_user` ENABLE KEYS */;
UNLOCK TABLES;

--
-- Table structure for table `auth_user_groups`
--

DROP TABLE IF EXISTS `auth_user_groups`;
/*!40101 SET @saved_cs_client     = @@character_set_client */;
/*!40101 SET character_set_client = utf8 */;
CREATE TABLE `auth_user_groups` (
  `id` int(11) NOT NULL AUTO_INCREMENT,
  `user_id` int(11) NOT NULL,
  `group_id` int(11) NOT NULL,
  PRIMARY KEY (`id`),
  UNIQUE KEY `auth_user_groups_user_id_94350c0c_uniq` (`user_id`,`group_id`),
  KEY `auth_user_groups_group_id_97559544_fk_auth_group_id` (`group_id`),
  CONSTRAINT `auth_user_groups_group_id_97559544_fk_auth_group_id` FOREIGN KEY (`group_id`) REFERENCES `auth_group` (`id`),
  CONSTRAINT `auth_user_groups_user_id_6a12ed8b_fk_auth_user_id` FOREIGN KEY (`user_id`) REFERENCES `auth_user` (`id`)
) ENGINE=InnoDB DEFAULT CHARSET=utf8;
/*!40101 SET character_set_client = @saved_cs_client */;

--
-- Dumping data for table `auth_user_groups`
--

LOCK TABLES `auth_user_groups` WRITE;
/*!40000 ALTER TABLE `auth_user_groups` DISABLE KEYS */;
/*!40000 ALTER TABLE `auth_user_groups` ENABLE KEYS */;
UNLOCK TABLES;

--
-- Table structure for table `auth_user_user_permissions`
--

DROP TABLE IF EXISTS `auth_user_user_permissions`;
/*!40101 SET @saved_cs_client     = @@character_set_client */;
/*!40101 SET character_set_client = utf8 */;
CREATE TABLE `auth_user_user_permissions` (
  `id` int(11) NOT NULL AUTO_INCREMENT,
  `user_id` int(11) NOT NULL,
  `permission_id` int(11) NOT NULL,
  PRIMARY KEY (`id`),
  UNIQUE KEY `auth_user_user_permissions_user_id_14a6b632_uniq` (`user_id`,`permission_id`),
  KEY `auth_user_user_perm_permission_id_1fbb5f2c_fk_auth_permission_id` (`permission_id`),
  CONSTRAINT `auth_user_user_perm_permission_id_1fbb5f2c_fk_auth_permission_id` FOREIGN KEY (`permission_id`) REFERENCES `auth_permission` (`id`),
  CONSTRAINT `auth_user_user_permissions_user_id_a95ead1b_fk_auth_user_id` FOREIGN KEY (`user_id`) REFERENCES `auth_user` (`id`)
) ENGINE=InnoDB DEFAULT CHARSET=utf8;
/*!40101 SET character_set_client = @saved_cs_client */;

--
-- Dumping data for table `auth_user_user_permissions`
--

LOCK TABLES `auth_user_user_permissions` WRITE;
/*!40000 ALTER TABLE `auth_user_user_permissions` DISABLE KEYS */;
/*!40000 ALTER TABLE `auth_user_user_permissions` ENABLE KEYS */;
UNLOCK TABLES;

--
-- Table structure for table `biasapp_articles`
--

DROP TABLE IF EXISTS `biasapp_articles`;
/*!40101 SET @saved_cs_client     = @@character_set_client */;
/*!40101 SET character_set_client = utf8 */;
CREATE TABLE `biasapp_articles` (
  `id` int(11) NOT NULL AUTO_INCREMENT,
  `article_url` varchar(700) NOT NULL,
  `user_id` int(11) NOT NULL,
  `title` varchar(300),
  `calc_bias` decimal(10,5) NOT NULL,
  `social_meida_ref` int(11) NOT NULL,
  `unknown_links` int(11) NOT NULL,
  `total_links` int(11) NOT NULL,
  `self_reference` int(11) NOT NULL,
  `website` varchar(100) NOT NULL,
  `posted_on` datetime(6) NOT NULL,
  `edu_links` int(11) NOT NULL,
  `gov_links` int(11) NOT NULL,
  `all_sides_bias` decimal(10,5) DEFAULT NULL,
  PRIMARY KEY (`id`),
  KEY `biasapp_articles_user_id_5a3077a7_fk_auth_user_id` (`user_id`),
  CONSTRAINT `biasapp_articles_user_id_5a3077a7_fk_auth_user_id` FOREIGN KEY (`user_id`) REFERENCES `auth_user` (`id`)
) ENGINE=InnoDB AUTO_INCREMENT=167 DEFAULT CHARSET=utf8;
/*!40101 SET character_set_client = @saved_cs_client */;

--
-- Dumping data for table `biasapp_articles`
--

LOCK TABLES `biasapp_articles` WRITE;
/*!40000 ALTER TABLE `biasapp_articles` DISABLE KEYS */;
INSERT INTO `biasapp_articles` VALUES (44,'https://www.washingtonpost.com/world/national-security/three-white-house-officials-tied-to-files-shared-with-house-intelligence-chairman/2017/03/30/de4b8c30-1589-11e7-9e4f-09aa75d3ec57_story.html?hpid=hp_hp-top-table-main_nunes815p%3Ahomepage%2Fstory&utm_term=.3f52ac6fc3fc',1,' Three White House officials tied to files shared with House intelligence chairman - The Washington Post',-0.37500,0,0,2,2,'washingtonpost','0000-00-00 00:00:00.000000',0,0,0.00000),(45,'http://www.cnn.com/2017/03/31/politics/donald-trump-executive-order-signing-walk-out/index.html',1,'Trump leaves executive order ceremony without signing  - CNNPolitics.com',0.00000,0,1,3,2,'cnn','0000-00-00 00:00:00.000000',0,0,0.00000),(48,'http://www.cnn.com/2017/03/30/health/breast-cancer-mastectomy-study/index.html',1,'Study finds \'staggering\' rise in mastectomies in these states - CNN.com',0.00000,2,13,17,2,'cnn','0000-00-00 00:00:00.000000',0,0,0.00000),(49,'http://www.cnn.com/2017/01/16/health/lemons-breast-cancer-campaign/index.html',1,'Carton of lemons offers simple lesson about breast cancer - CNN.com',0.00000,3,3,6,0,'cnn','0000-00-00 00:00:00.000000',0,0,0.00000),(50,'http://www.cnn.com/2016/10/13/health/breast-cancer-racial-disparities/index.html',1,'Racial disparities receding for women with breast cancer  - CNN.com',0.00000,2,3,5,0,'cnn','0000-00-00 00:00:00.000000',0,0,0.00000),(51,'http://www.chicagotribune.com/news/local/breaking/ct-south-shore-slayings-met-20170331-story.html',1,'After 7 fatally shot, some South Shore residents shocked, others say it’s nothing new - Chicago Tribune',0.00000,0,0,3,3,'chicagotribune','0000-00-00 00:00:00.000000',0,0,0.00000),(52,'http://www.chicagotribune.com/news/local/politics/ct-chicago-sanctuary-city-lose-federal-dollars-met-0331-20170331-story.html',1,'Spicer ties Chicago&apos;s sanctuary city status to city&apos;s gang, violence problem - Chicago Tribune',0.00000,0,1,2,1,'chicagotribune','0000-00-00 00:00:00.000000',0,0,0.00000),(53,'http://www.chicagotribune.com/news/nationworld/ct-atlanta-overpass-fire-collapse-20170331-story.html',1,'3 arrested in fire that caused Atlanta interstate overpass collapse - Chicago Tribune',0.00000,0,0,1,1,'chicagotribune','0000-00-00 00:00:00.000000',0,0,0.00000),(54,'http://www.chicagotribune.com/news/local/politics/ct-susana-mendoza-bruce-rauner-met-0401-20170331-story.html',1,'Mendoza calls on Rauner, WGN radio host to apologize for &apos;duct tape&apos; comment - Chicago Tribune',0.00000,0,2,3,1,'chicagotribune','0000-00-00 00:00:00.000000',0,0,0.00000),(56,'http://www.nbcnews.com/politics/white-house/vast-wealth-held-trump-s-top-aides-documents-show-n741231',1,'Vast Wealth Held By Trump\'s Top Aides, Documents Show - NBC News',-0.43750,1,0,3,2,'nbcnews','0000-00-00 00:00:00.000000',0,0,0.00000),(57,'http://www.nbcnews.com/news/us-news/did-terrorists-learn-how-get-laptops-past-airport-screeners-n741406',1,'Did Terrorists Learn How to Get Laptops Past Airport Screeners? - NBC News',-0.49219,1,0,6,5,'nbcnews','0000-00-00 00:00:00.000000',0,0,0.00000),(58,'http://www.nbcnews.com/news/us-news/texas-911-caller-warned-pickup-all-over-road-deadly-church-n741441',1,'911 Caller Warned Pickup \'All Over the Road\' Before Deadly Church Bus Crash - NBC News',-0.48438,1,1,5,2,'nbcnews','0000-00-00 00:00:00.000000',0,0,0.00000),(59,'http://www.nbcnews.com/news/us-news/did-giuliani-try-cut-deal-between-u-s-turkey-iranian-n741386',1,'Did Giuliani Try to Cut Deal Between U.S. and Turkey for Iranian? - NBC News',-0.49219,1,0,6,4,'nbcnews','0000-00-00 00:00:00.000000',0,0,0.00000),(60,'http://www.nbcnews.com/news/us-news/atlanta-bridge-collapse-three-arrested-connection-blaze-n741476',1,'Atlanta Bridge Collapse: Three Arrested in Connection with Blaze - NBC News',-0.48438,1,1,5,2,'nbcnews','0000-00-00 00:00:00.000000',0,0,0.00000),(63,'http://www.usatoday.com/story/news/2017/03/31/atlanta-bridge-collapse-shows-how-fire-defeats-concrete-steel/99877148/',1,'Atlanta bridge collapse shows how fire defeats concrete, steel',0.00000,7,4,17,6,'usatoday','0000-00-00 00:00:00.000000',0,0,0.00000),(64,'http://www.usatoday.com/story/news/2017/03/31/flynns-immunity-request-exposes-possible-legal-vulnerability/99875708/',1,'Flynn\'s immunity request exposes possible legal vulnerability   ',0.00000,3,2,7,2,'usatoday','0000-00-00 00:00:00.000000',0,0,0.00000),(70,'https://www.theguardian.com/world/2017/apr/01/paraguays-congress-set-on-fire-after-vote-to-let-president-run-again',1,'\'A coup has been carried out\': Paraguay\'s congress set alight after vote to let president run again | World news | The Guardian',-0.43750,0,0,3,3,'theguardian','0000-00-00 00:00:00.000000',0,0,0.00000),(71,'http://abcnews.go.com/Politics/white-house-officials-played-role-surfacing-documents-nunes/story?id=46497170',1,'White House officials played role in surfacing documents Nunes viewed - ABC News',-0.49609,0,0,7,7,'','0000-00-00 00:00:00.000000',0,0,0.00000),(73,'http://abcnews.go.com/US/wireStory/latest-transit-system-ups-service-85-collapse-46486110',1,'The Latest: 3 arrested in connection with overpass collapse - ABC News',-0.43750,0,0,3,3,'http://abcnews.go','0000-00-00 00:00:00.000000',0,0,0.00000),(74,'http://abcnews.go.com/US/wireStory/arrested-atlanta-fire-underneath-interstate-bridge-46509148?cid=clicksource_81_null_headlines_hed',1,'3 arrested in Atlanta fire underneath interstate bridge - ABC News',-0.43750,0,0,3,3,'','0000-00-00 00:00:00.000000',0,0,0.00000),(76,'https://fivethirtyeight.com/features/trumpbeat-you-cant-build-a-legacy-on-executive-orders/',1,'TrumpBeat: You Can’t Build A Legacy On Executive Orders | FiveThirtyEight',-0.12305,0,16,37,9,'fivethirtyeight','0000-00-00 00:00:00.000000',0,0,0.00000),(79,'https://fivethirtyeight.com/features/trumpbeat-you-cant-build-a-legacy-on-executive-orders/',1,'TrumpBeat: You Can’t Build A Legacy On Executive Orders | FiveThirtyEight',-0.12305,0,16,37,9,'fivethirtyeight','0000-00-00 00:00:00.000000',0,0,0.00000),(93,'http://www.cnn.com/2017/03/31/politics/donald-trump-presidency/index.html',1,'Trump moves agenda forward even as Russia controversy swirls - CNNPolitics.com',-0.25000,0,1,15,12,'cnn','0000-00-00 00:00:00.000000',0,0,0.00000),(102,'https://www.washingtonpost.com/powerpost/democrats-have-a-new-and-surprising-weapon-on-capitol-hill-power/2017/04/01/e2ba46c0-16e3-11e7-ada0-1489b735b3a3_story.html?hpid=hp_hp-top-table-main_democrats-137pm%3Ahomepage%2Fstory&utm_term=.2b5e17b20d1c',1,' Democrats have a new and surprising weapon on Capitol Hill: Power - The Washington Post',-0.48438,0,0,5,5,'washingtonpost','0000-00-00 00:00:00.000000',0,0,0.00000),(105,'https://www.washingtonpost.com/world/national-security/trump-weighing-military-options-following-chemical-weapons-attack-in-syria/2017/04/06/0c59603a-1ae8-11e7-9887-1a5314b56a08_story.html?hpid=hp_hp-top-table-main_syria-315pm%3Ahomepage%2Fstory&utm_term=.dfec7fd11950',1,' Trump weighing military options following chemical weapons attack in Syria - The Washington Post',-0.49609,0,0,7,7,'washingtonpost','0000-00-00 00:00:00.000000',0,0,0.00000),(106,'https://www.washingtonpost.com/politics/conservatives-hope-that-trump-victory-on-gorsuch-will-breed-other-successes/2017/04/09/a63067e6-1c49-11e7-bcc2-7d1a0973e7b2_story.html?hpid=hp_hp-top-table-main_trumpvictory-1-pm%3Ahomepage%2Fstory',1,' Conservatives hope that Trump victory on Gorsuch will breed other successes - The Washington Post',-0.43750,0,0,3,3,'washingtonpost','0000-00-00 00:00:00.000000',0,0,0.00000),(107,'https://www.washingtonpost.com/powerpost/congress-greets-syria-strike-with-mix-of-applause-and-anger/2017/04/07/b7aeb7ce-1b8c-11e7-9887-1a5314b56a08_story.html?utm_term=.f38dcb636fcb&tid=a_inl',1,' Congress greets Syria strike with mix of applause and anger - The Washington Post',-0.43750,0,0,3,3,'washingtonpost','0000-00-00 00:00:00.000000',0,0,0.00000),(108,'https://fivethirtyeight.com/features/will-trump-benefit-from-a-rally-around-the-flag-effect-on-syria/',2,'Will Trump Benefit From A ‘Rally Around The Flag’ Effect After The Syria Airstrike? | FiveThirtyEight',-0.06641,0,16,25,5,'fivethirtyeight','0000-00-00 00:00:00.000000',0,0,0.00000),(109,'https://www.washingtonpost.com/world/national-security/how-jeff-sessions-wants-to-bring-back-the-war-on-drugs/2017/04/08/414ce6be-132b-11e7-ada0-1489b735b3a3_story.html?tid=pm_world_pop&utm_term=.fdc6ea385099',1,' How Jeff Sessions wants to bring back the war on drugs - The Washington Post',-0.49609,0,1,8,7,'washingtonpost','0000-00-00 00:00:00.000000',0,0,0.00000),(117,'https://www.washingtonpost.com/news/wonk/wp/2017/04/12/trump-changes-course-again-says-health-care-repeal-must-happen-before-tax-overhaul/?hpid=hp_hp-top-table-main_trumpfickle-1144am%3Ahomepage%2Fstory&utm_term=.472be4651c41',1,' Trump changes course again, says health-care repeal must happen before tax overhaul - The Washington Post',-0.43750,0,0,3,2,'washingtonpost','2017-04-12 20:21:56.214011',0,0,0.00000),(118,'http://www.cnn.com/2017/04/12/politics/trump-russia-china-nato-syria/index.html',1,'Donald Trump flips on NATO, China, Russia and Syria - CNNPolitics.com',0.00000,0,0,6,6,'cnn','2017-04-13 01:14:49.233517',0,0,0.00000),(119,'http://www.nbcnews.com/news/world/eric-trump-says-syria-strike-was-swayed-heartbroken-ivanka-n745021?cid=sm_npd_nn_tw_ma',1,'Eric Trump Says Syria Strike Was Swayed By \'Heartbroken\' Ivanka - NBC News',-0.49609,1,3,11,6,'nbcnews','2017-04-13 01:17:43.016731',0,0,0.00000),(120,'http://www.cnn.com/2017/04/14/politics/markwayne-mullin-town-hall/index.html',1,'Oklahoma pol: \'Bull crap\' constituents pay salary  - CNNPolitics.com',0.00000,1,3,5,1,'cnn','2017-04-15 22:11:02.897310',0,0,0.00000),(121,'https://fivethirtyeight.com/features/politics-podcast-trumps-first-100-days/',1,'Politics Podcast: Trump’s First 100 Days | FiveThirtyEight',0.00000,1,7,13,4,'fivethirtyeight','2017-04-25 11:27:48.865677',0,0,0.00000),(124,'http://www.foxnews.com/politics/2017/04/26/un-warned-trump-that-obamacare-repeal-could-violate-international-law.html',1,'UN warned Trump that ObamaCare repeal could violate international law | Fox News',-0.25000,0,0,1,0,'foxnews','2017-04-26 18:28:13.904638',0,0,0.00000),(125,'http://www.foxnews.com/world/2017/04/26/north-koreas-soldiers-closer-look-militarys-fake-capabilities.html',1,'North Korea\'s soldiers: A closer look the military\'s \'fake\' capabilities | Fox News',0.75000,0,6,9,0,'foxnews','2017-04-26 18:28:55.342787',0,0,0.00000),(126,'http://www.cnn.com/2017/04/26/politics/donald-trump-100-days-poll/index.html',1,'CNN/ORC Poll: At 100 days, Trump approval rating shows no sign of growth - CNNPolitics.com',0.00000,0,1,1,0,'cnn','2017-04-27 02:43:59.858684',0,0,0.00000),(127,'https://www.washingtonpost.com/business/economy/trump-to-unveil-proposal-for-massive-tax-cut/2017/04/26/2097fe42-2a94-11e7-be51-b3fc6ff7faee_story.html?hpid=hp_hp-top-table-main_trumptax-140pm%3Ahomepage%2Fstory&utm_term=.9bec5e72027d',1,' White House unveils dramatic plan to overhaul tax code in major test for Trump - The Washington Post',-0.37500,0,0,2,2,'washingtonpost','2017-04-27 02:50:17.353508',0,0,0.00000),(128,'https://fivethirtyeight.com/features/trump-dropped-his-demand-to-fund-the-wall-thats-smart-politics/',1,'Trump Dropped His Demand To Fund The Wall — That’s Smart Politics | FiveThirtyEight',-0.25000,0,6,12,1,'fivethirtyeight','2017-04-27 07:05:35.345857',2,0,0.00000),(129,'https://www.washingtonpost.com/news/checkpoint/wp/2017/04/27/top-pentagon-watchdog-launches-investigation-into-money-that-mike-flynn-received-from-foreign-groups/?hpid=hp_hp-top-table-main_flynn-1105a%3Ahomepage%2Fstory&utm_term=.2545f92719f7',1,'Top Pentagon watchdog launches investigation into money that Michael Flynn received from foreign groups - The Washington Post',-0.48438,2,1,10,5,'washingtonpost','2017-04-27 21:50:37.812900',0,2,0.00000),(131,'http://www.theblaze.com/news/2017/04/27/sean-hannity-says-its-the-total-end-of-fox-news-if-this-report-is-true/',1,'Sean Hannity says it’s the ‘total end’ of Fox News if this report is true – TheBlaze',0.87500,4,4,11,3,'theblaze','2017-04-28 01:52:08.713402',0,0,0.00000),(132,'http://www.theblaze.com/podcasts/trumps-tax-proposal-simplifies-taxes-for-the-average-american/',1,'Trump’s tax proposal simplifies taxes for the average American – TheBlaze',0.50000,0,2,4,1,'theblaze','2017-04-28 01:53:13.314799',1,0,0.00000),(133,'http://www.bbc.com/news/world-asia-39741671',1,'Trump praises China\'s Xi over handling of North Korea - BBC News',0.50000,0,0,3,0,'bbc','2017-04-28 02:05:27.966296',0,0,0.00000),(134,'http://thehill.com/homenews/house/331018-republicans-wont-vote-on-obamacare-repeal-bill-this-week',1,'Republicans won\'t vote on ObamaCare repeal bill this week | TheHill',0.00000,0,0,4,3,'http://thehill','2017-04-28 02:43:41.508845',0,0,0.00000),(145,'https://www.bloomberg.com/news/articles/2017-04-27/meet-the-google-alum-who-created-china-s-facebook-groupon-mashup',1,'Meet the Google Alum Who Created China\'s Facebook-Groupon Mashup - Bloomberg',0.00000,0,4,4,0,'bloomberg','2017-04-28 03:30:43.474203',0,0,NULL),(146,'http://www.breitbart.com/big-government/2017/04/28/ryan-under-fire-health-care-delayed-again/',1,'Paul Ryan Under Fire as Health Care Is Delayed Again',0.99609,0,1,9,8,'breitbart','2017-04-28 17:50:39.434638',0,0,1.00000),(147,'http://www1.cbn.com/cbnnews/us/2017/april/arizona-border-why-a-barbed-wire-fence-isnt-cutting-it-to-keep-bad-guys-out',1,'Camo, AK47\'s and Ranches Overrun: Why a Barbed Wire Border Fence Isn\'t Cutting It | CBN News',0.00000,0,0,0,0,'http://www1.cbn','2017-04-28 17:53:45.744768',0,0,0.00000),(150,'http://www.csmonitor.com/USA/Politics/2017/0428/On-sanctuary-cities-Trumpian-hyperbole-runs-up-against-legal-precision',1,'On \'sanctuary cities,\' Trumpian hyperbole runs up against legal precision - CSMonitor.com',-0.46875,1,4,10,0,'csmonitor','2017-04-28 18:05:08.356496',1,0,NULL),(152,'http://www.csmonitor.com/USA/Politics/2017/0427/Trump-s-steep-learning-curve',1,'Trump\'s steep learning curve - CSMonitor.com',-0.46240,0,2,12,2,'csmonitor','2017-04-28 18:22:51.609715',0,0,NULL),(155,'https://www.washingtonpost.com/news/wonk/wp/2017/04/28/trump-really-needs-an-economic-boom-so-far-hes-not-getting-one/?utm_term=.409fe5250fe5',1,'Trump really needs an economic boom. So far, he’s not getting one. - The Washington Post',-0.37500,0,0,2,2,'washingtonpost','2017-04-29 03:07:28.402057',0,0,-0.50000),(156,'http://www.thedailybeast.com/articles/2017/04/29/was-russia-behind-cia-killed-jfk.html',1,'Was Russia Behind ‘CIA Killed JFK‘? - The Daily Beast',0.00000,0,5,7,2,'thedailybeast','2017-04-29 03:11:47.224006',0,0,0.00000),(157,'https://fivethirtyeight.com/features/before-baseball-reference-statheads-relied-on-the-big-mac/',1,'Before Baseball-Reference, Statheads Relied On The ‘Big Mac’ | FiveThirtyEight',0.00000,0,2,2,0,'fivethirtyeight','2017-05-01 17:11:18.941175',0,0,NULL),(160,'http://www.thedailybeast.com/articles/2017/05/01/donald-trump-s-andrew-jackson-civil-war-answer-is-all-steve-bannon.html',1,'Donald Trump’s Andrew Jackson-Civil War Answer Is All Steve Bannon - The Daily Beast',0.00000,1,3,14,10,'thedailybeast','2017-05-01 17:16:53.930829',0,0,NULL),(161,'https://www.democracynow.org/2017/5/1/headlines/people_worldwide_pour_into_streets_for_peoples_climate_march',1,'People Worldwide Pour into Streets for People\'s Climate March | Democracy Now!',0.00000,0,0,0,0,'democracynow.org/2017/5/1/headlines/people_worldwide_pour_into_streets_for_peoples_climate_march','2017-05-01 17:23:03.739282',0,0,0.00000),(163,'http://time.com/4761595/donald-trump-rodrigo-duterte-white-house-invitiation/?xid=homepage',1,'Donald Trump: Rodrigo Duterte Comparison Didn\'t Bother Him | Time.com',-0.93750,0,0,4,4,'http://time','2017-05-01 17:53:27.961370',0,0,-1.00000),(164,'http://time.com/4767856/health-care-vote-senate-republicans-mitch-mcconnell/?xid=homepage',1,'Health Care Vote: Will Mitch McConnell Pass Trumpcare? | Time.com',-0.45000,0,0,1,1,'http://time','2017-05-04 23:15:20.661186',0,0,-1.00000),(166,'https://fivethirtyeight.com/features/is-it-cool-to-complain-to-a-member-of-congress-who-doesnt-represent-me/',1,'Is It Cool To Complain To A Member Of Congress Who Doesn’t Represent Me? | FiveThirtyEight',0.00625,0,4,8,4,'fivethirtyeight','2017-05-04 23:26:00.576775',0,0,0.00000);
/*!40000 ALTER TABLE `biasapp_articles` ENABLE KEYS */;
UNLOCK TABLES;

--
-- Table structure for table `biasapp_similararticle`
--

DROP TABLE IF EXISTS `biasapp_similararticle`;
/*!40101 SET @saved_cs_client     = @@character_set_client */;
/*!40101 SET character_set_client = utf8 */;
CREATE TABLE `biasapp_similararticle` (
  `id` int(11) NOT NULL AUTO_INCREMENT,
  `link_url` varchar(700) NOT NULL,
  `title` varchar(300) DEFAULT NULL,
  `article_id` int(11) NOT NULL,
  PRIMARY KEY (`id`),
  KEY `biasapp_similararticl_article_id_fe0ea1f1_fk_biasapp_articles_id` (`article_id`),
  CONSTRAINT `biasapp_similararticl_article_id_fe0ea1f1_fk_biasapp_articles_id` FOREIGN KEY (`article_id`) REFERENCES `biasapp_articles` (`id`)
) ENGINE=InnoDB AUTO_INCREMENT=388 DEFAULT CHARSET=utf8;
/*!40101 SET character_set_client = @saved_cs_client */;

--
-- Dumping data for table `biasapp_similararticle`
--

LOCK TABLES `biasapp_similararticle` WRITE;
/*!40000 ALTER TABLE `biasapp_similararticle` DISABLE KEYS */;
INSERT INTO `biasapp_similararticle` VALUES (1,'http://www.cnn.com/2017/01/18/politics/obama-final-news-conference/','Obama press conference: \'We\'re going to be ok\' - CNNPolitics.com',120),(2,'http://www.cnn.com/specials/politics/cnn-politics-data-app','CNN Politics App - CNNPolitics.com',120),(3,'http://www.cnn.com/2017/02/01/politics/democrats-boycott-pruitt-epa-confirmation-hearing/','Democrats boycott Pruitt\'s EPA confirmation hearing - CNNPolitics.com',120),(4,'http://www.cnn.com/2016/09/21/politics/trump-police-shooting-response/','Donald Trump \'very troubled\' by Oklahoma fatal police shooting - CNNPolitics.com',120),(5,'http://newsok.com/article/5479252','410 Gone',120),(6,'https://www.facebook.com/cnnpolitics/videos/1284516668256830/%3Fvideo_source%3Dpages_finch_thumbnail_video','Log into Facebook | Facebook',120),(7,'http://www.left.tv/obama/obama-press-conference-were-going-to-be-ok-cnnpolitics-com','Obama press conference: ‘We’re going to be ok’ – CNNPolitics.com – Progressive Political Issues Forum: Left TV Progressive Political Issues Forum: Left TV',120),(8,'http://b987fm.com/tag/forearmed-army-gives-ok-to-roll-up-sleeves-cnnpolitics-com/','Page not found - b98.7 FM',120),(9,'https://lockerdome.com/cnn.com/7861314563357716','Bernie Sanders criticizes \'tone\' of Planned Parenthood video - CNNPolitics.com',120),(10,'http://trump.news/','Trump News – Trump News',117),(11,'https://twitter.com/realdonaldtrump','Donald J. Trump (@realDonaldTrump) | Twitter',117),(12,'https://twitter.com/hashtag/trump','#trump hashtag on Twitter',117),(13,'https://en.wikipedia.org/wiki/Donald_Trump','Donald Trump - Wikipedia',117),(14,'https://www.donaldjtrump.com/','Make America Great Again! | Donald J Trump for President',117),(15,'https://www.facebook.com/DonaldTrump/','Donald J. Trump - Home | Facebook',117),(16,'https://www.nytimes.com/2017/04/24/us/politics/congress-spending-bill-wall-trump.html','The Spending Bill Was Supposed to Be Easy. Then Trump Intervened. - The New York Times',117),(17,'https://projects.fivethirtyeight.com/trump-approval-ratings/','How Popular Is Donald Trump? | FiveThirtyEight',117),(18,'http://www.latimes.com/projects/la-na-all-things-trump/','All things Trump - Los Angeles Times',117),(19,'http://www.cnn.com/2017/04/13/politics/nato-donald-trump-turnaround/','How Donald Trump came to love NATO - CNNPolitics.com',118),(20,'http://www.cnn.com/2017/04/14/politics/trump-china-russia/','Trump dumps Russia for China  - CNNPolitics.com',118),(21,'http://www.cnn.com/2017/04/12/politics/assad-syria-sarin-gas/','Russia vetoes UN resolution on Syria - CNNPolitics.com',118),(22,'http://www.cnn.com/2017/04/13/politics/trump-flip-flop-russia-china/','An easy way to understand Trump\'s recent flip-flops - CNNPolitics.com',118),(23,'http://www.cnn.com/2017/04/13/politics/trump-flip-flop/','Trump: Flip, flop or flexibility? - CNNPolitics.com',118),(24,'http://www.cnn.com/2017/04/06/politics/trump-syria-military-options/','Trump\'s military options in Syria - CNNPolitics.com',118),(25,'https://au.pinterest.com/pin/378443174925837923/','Donald Trump flips on NATO, China, Russia and Syria - CNNPolitics.com | Wednesday, Donald o\'connor and China',118),(26,'https://twitter.com/CNNPolitics/status/852518588464476160','CNN Politics on Twitter: \"Watch: President Donald Trump\'s stunning u-turns on NATO, China, Russia and Syria https://t.co/1eO3jb7yUI https://t.co/0UGZfxZBZi\"',118),(27,'https://www.facebook.com/cnnpolitics/%3Fhc_ref%3DSEARCH%26fref%3Dnf','Page Not Found | Facebook',118),(28,'http://www.nbcnews.com/NbcNews_2014/news/world/eric-trump-says-syria-strike-was-swayed-heartbroken-ivanka-n745021','Eric Trump Says Syria Strike Was Swayed By \'Heartbroken\' Ivanka - NBC News',119),(29,'https://twitter.com/nbcnews/status/851808582630821889','NBC News on Twitter: \"Eric Trump says Syria strike was swayed by \"heartbroken\" Ivanka https://t.co/93CE5SBlP0 https://t.co/FgoCNBwwdc\"',119),(30,'http://www.memeorandum.com/170411/p88','memeorandum: Eric Trump Says Syria Strike Was Swayed By ‘Heartbroken’ Ivanka (Alexander Smith/NBC News)',119),(31,'http://talk.baltimoresun.com/topic/280086-eric-trump-says-syria-strike-was-swayed-by-%25E2%2580%2598heartbroken%25E2%2580%2599-ivanka/','couldnt fetch title',119),(32,'http://www.newsvine.com/_news/2017/04/11/37285682-eric-trump-says-syria-strike-was-swayed-by-heartbroken-ivanka','Eric Trump Says Syria Strike Was Swayed By \'Heartbroken\' Ivanka - via NBC News - Newsvine',119),(33,'https://nbcnews-com.newsvine.com/_news/2017/04/11/37285682-eric-trump-says-syria-strike-was-swayed-by-heartbroken-ivanka','Eric Trump Says Syria Strike Was Swayed By \'Heartbroken\' Ivanka - via NBC News - Newsvine',119),(34,'http://uselectionatlas.org/FORUM/index.php%3Ftopic%3D262267.0','404 Not Found',119),(35,'http://politicalhotwire.com/current-events/169947-eric-trump-says-syria-strike-swayed-%2591heartbroken%2592-ivanka.html',' Eric Trump Says Syria Strike Was Swayed By Heartbroken Ivanka',119),(36,'http://newsbreakapp.com/n/06zr17Qg%3Fs%3Di0','couldnt fetch title',119),(55,'https://fivethirtyeight.com/features/politics-podcast-the-beginning-of-the-trump-presidency/','Politics Podcast: The Beginning Of The Trump Presidency | FiveThirtyEight',121),(56,'https://fivethirtyeight.com/tag/politics-podcast/','Politics Podcast – FiveThirtyEight',121),(57,'https://fivethirtyeight.com/features/politics-podcast-chaos-at-the-white-house/','Politics Podcast: Chaos At The White House | FiveThirtyEight',121),(58,'https://fivethirtyeight.com/politics/','Politics – FiveThirtyEight',121),(59,'https://fivethirtyeight.com/features/politics-podcast-trumps-paths-revisited/','Politics Podcast: Trump’s Paths, Revisited | FiveThirtyEight',121),(60,'https://fivethirtyeight.com/features/politics-podcast-a-big-moment-for-the-trump-presidency/','Politics Podcast: A Big Moment For The Trump Presidency | FiveThirtyEight',121),(61,'https://fivethirtyeight.com/features/buy-sell-hold-what-comes-after-trumps-first-100-days/','Buy, Sell, Hold: What Comes After Trump’s First 100 Days? | FiveThirtyEight',121),(62,'https://fivethirtyeight.com/tag/donald-trump/','Donald Trump – FiveThirtyEight',121),(63,'http://www.espn.com/espnradio/podcast/archive/_/id/14554755','FiveThirtyEight Politics Show - PodCenter - ESPN Radio',121),(64,'http://www.chicagotribune.com/news/nationworld/ct-atlanta-fire-overpass-collapse-20170330-story.html','Massive fire in Atlanta crumbles interstate bridge during rush hour; none hurt - Chicago Tribune',53),(65,'http://www.chicagotribune.com/news/nationworld/ct-atlanta-overpass-collapse-20170331-photogallery.html','Atlanta overpass collapse - Chicago Tribune',53),(66,'http://www.chicagotribune.com/news/nationworld/ct-atlanta-highway-fire-three-charged-20170401-story.html','3 charged in &apos;maliciously set&apos; Atlanta highway fire may have been smoking crack - Chicago Tribune',53),(67,'http://www.chicagotribune.com/news/local/breaking/ct-south-shore-man-suspected-of-multiple-carjackings-arrested-in-atlanta-20170327-story.html','South Shore man suspected in carjacking spree is arrested in Atlanta - Chicago Tribune',53),(68,'http://www.chicagotribune.com/sports/soccer/ct-fire-atlanta-united-mls-spt-0317-20170315-story.html','What is Atlanta United doing right that the Fire are doing so wrong? - Chicago Tribune',53),(69,'http://www.chicagotribune.com/sports/soccer/ct-fire-atlanta-united-mls-20170318-story.html','Fire lose to Atlanta United in 4-0 rout - Chicago Tribune',53),(70,'http://www.chicagotribune.com/sports/soccer/ct-atlanta-united-addressing-anti-gay-chant-20170306-story.html','Atlanta United addressing anti-gay chant at first match - Chicago Tribune',53),(71,'http://www.chicagotribune.com/77612606-157.html','Shots of Dumb and Dumber To Filming in Atlanta - Chicago Tribune',53),(72,'http://games.chicagotribune.com/games/daily-crossword/','Chicago Tribune - Chicago Tribune Games',53),(73,'https://www.youtube.com/watch%3Fv%3D7-aVdd9lK54','https://www.youtube.com/watch%3Fv%3D7-aVdd9lK54',56),(74,'https://nbcnews-com.newsvine.com/_news/2017/03/31/37228019-vast-wealth-held-by-trumps-top-aides-documents-show','Vast Wealth Held by Trump\'s Top Aides, Documents Show - via NBC News - Newsvine',56),(75,'https://voicelesssummar13.wordpress.com/2017/04/01/vast-wealth-held-by-trumps-top-aides-documents-show/','Vast Wealth Held By Trump’s Top Aides, Documents Show | Useful Ideas',56),(76,'http://www.cnbc.com/2017/04/02/michael-flynn-initially-failed-to-disclose-payments-from-russia-linked-firms-documents-show.html%3Fview%3Dstory%26%2524DEVICE%2524%3Dnative-android-mobile','Page not found',56),(77,'https://www.reddit.com/r/politics/comments/62qsob/vast_wealth_held_by_trumps_top_aides_documents/','Too Many Requests',56),(78,'http://trueviralnews.com/vast-wealth-held-by-trumps-top-aides-documents-show/','Vast wealth held by Trump’s top aides, documents showTrue Viral News | True Viral News',56),(79,'http://politics.distressedvolatility.com/2017/03/vast-wealth-held-by-trumps-top-aides.html','\nVast Wealth Held By Trump\'s Top Aides, Documents Show\n        | \n        Distressed Volatility Politics\n',56),(80,'https://www.facebook.com/nbcnightlynews/posts/10155292037418689','There are hundreds of millions of... - NBC Nightly News with Lester Holt | Facebook',56),(81,'http://www.webjosh.com/2017/details.php%3FnewsId%3D36628%26title%3DVast-Wealth-Held-By-Trump%27s-Top-Aides,-Documents-Show','404 Not Found',56),(82,'?q=Trump+CNNPolitics.com&gbv=1&ie=UTF-8&prmd=ivns&source=univ&tbm=nws&tbo=u','couldnt fetch title',45),(83,'http://www.cnn.com/2017/04/24/politics/democrats-trump-100-days/','100 days in, Democrats\' biggest asset is Trump - CNNPolitics.com',45),(84,'http://www.cnn.com/politics','CNNPolitics - Political News, Analysis and Opinion',45),(85,'https://www.facebook.com/cnnpolitics/','CNN Politics - Home | Facebook',45),(86,'http://kdwn.com/tag/white-house-correspondents-dinner-2016-obama-vs-trump-cnnpolitics-com/','403 Forbidden',45),(87,'https://twitter.com/cnnpolitics%3Flang%3Den','Twitter / ?',45),(88,'http://breakingnews-wiki.com/hollywood-mobilizes-against-trump-cnnpolitics-com/hollywood-mobilizes-against-trump-cnnpolitics-com-jpg/',' 403 Forbidden\r\n',45),(89,'https://www.pinterest.com/pin/44262008818246971/','Bernie Sanders urges Dems to challenge -- but not obstruct -- Trump - CNNPolitics.com | Obama | Pinterest | Bernie sanders, Town hall and Politics',45),(90,'https://www.pinterest.com/pin/338262621995138512/','Irish pub invites restroom patrons to take aim at Trump - CNNPolitics.com | Donald o\'connor, Politics and Over it',45),(91,'?q=North+Korea%27s+A+Fox+News&gbv=1&ie=UTF-8&prmd=ivns&source=univ&tbm=nws&tbo=u','couldnt fetch title',125),(92,'http://www.foxnews.com/opinion/2017/04/24/north-korea-tragic-fate-american-student-otto-warmbier.html','North Korea: The tragic fate of American student Otto Warmbier | Fox News',125),(93,'http://www.foxnews.com/politics/2017/04/26/in-rare-meeting-white-house-briefs-senators-on-north-korea-threat.html','In rare meeting, White House briefs senators on North Korea threat | Fox News',125),(94,'http://www.foxnews.com/politics/2017/04/26/north-koreas-weapons-progress-top-concern-as-us-senators-have-rare-briefing.html','North Korea\'s weapons progress a top concern as US senators have rare briefing | Fox News',125),(95,'http://www.foxnews.com/politics/2017/04/24/us-likely-weighing-military-options-against-north-korea-say-experts.html','US likely weighing military options against North Korea, say experts | Fox News',125),(96,'http://www.foxnews.com/world/2017/04/26/north-korea-threat-experts-paint-dark-picture-what-fallout-pre-emptive-strike-may-look-like.html','North Korea threat: Experts paint dark picture of what fallout of pre-emptive strike may look like | Fox News',125),(97,'http://www.foxnews.com/world/2017/04/25/north-korea-celebrates-as-south-korea-us-keep-watch.html','North Korea celebrates as South Korea, US keep watch | Fox News',125),(98,'http://www.foxnews.com/politics/2017/04/26/full-senate-heads-to-rare-classified-meeting-at-white-house-on-north-korea.html','Full Senate heads to rare classified meeting at the White House on North Korea | Fox News',125),(99,'http://video.foxnews.com/v/5412315734001/','US launches test missile amid tensions with North Korea | On Air Videos | Fox News',125),(109,'?q=White+House+Trump&gbv=1&ie=UTF-8&prmd=ivns&source=univ&tbm=nws&tbo=u','couldnt fetch title',127),(110,'https://www.whitehouse.gov/transitionsplash/','The White House | whitehouse.gov',127),(111,'https://www.washingtonpost.com/business/economy/trump-to-unveil-proposal-for-massive-tax-cut/2017/04/26/2097fe42-2a94-11e7-be51-b3fc6ff7faee_story.html',' White House unveils dramatic plan to overhaul tax code in major test for Trump - The Washington Post',127),(112,'http://www.salon.com/2017/04/26/white-house-finally-unveils-trumps-grand-tax-plan-in-a-scant-one-page-memo-not-even-close-to-reform/','  White House finally unveils Trump’s grand tax “plan” in a scant one-page memo: “Not even close to reform” - Salon.com',127),(113,'http://www.cnn.com/2017/04/26/politics/white-house-donald-trump-tax-proposal/','The 1-page White House handout on Trump\'s tax proposal - CNNPolitics.com',127),(114,'http://www.cnn.com/2017/04/25/politics/trump-senators-north-korea-briefing/index.html','Senators: Little learned during rare all-hands North Korea briefing - CNNPolitics.com',127),(115,'https://www.bloomberg.com/news/articles/2017-04-26/white-house-unveils-trump-s-opening-bid-for-biggest-tax-cut','White House Unveils Trump’s Opening Tax-Cut Bid - Bloomberg',127),(116,'http://www.cnbc.com/2017/04/26/heres-the-white-house-memo-on-president-trumps-proposed-tax-plan.html','Read the White House memo on President Trump\'s proposed tax plan',127),(117,'http://abcnews.go.com/Politics/president-trump-invites-full-senate-white-house-special/story%3Fid%3D47026601','ABC News – Breaking News, Latest News, Headlines & Videos',127),(118,'http://www.cnn.com/2017/04/26/politics/donald-trump-100-days-poll/index.html','CNN/ORC Poll: At 100 days, Trump approval rating shows no sign of growth - CNNPolitics.com',126),(119,'http://www.cnn.com/politics','CNNPolitics - Political News, Analysis and Opinion',126),(120,'http://www.cnn.com/2017/01/17/politics/trump-administration-approval-inauguration/','CNN/ORC Poll: Confidence drops in Trump transition - CNNPolitics.com',126),(121,'http://www.cnn.com/2017/03/06/politics/trump-approval-rating-russia-poll/','CNN/ORC poll: Most back special prosecutor for Russia investigation - CNNPolitics.com',126),(122,'http://www.cnn.com/2016/11/02/politics/polls-hillary-clinton-donald-trump-florida-pennsylvania-nevada-arizona/','New CNN / ORC polls suggest new strength for Trump, Clinton rise in Florida - CNNPolitics.com',126),(123,'http://edition.cnn.com/politics','CNNPolitics - Political News, Analysis and Opinion',126),(124,'http://www.cnn.com/2016/09/26/politics/donald-trump-hillary-clinton-colorado-pennsylvania-polls/','CNN/ORC polls: Trump, Clinton deadlocked in Colorado, Pennsylvania - CNNPolitics.com',126),(125,'https://twitter.com/cnnpolitics%3Flang%3Den','Twitter / ?',126),(126,'https://www.facebook.com/cnnpolitics/','CNN Politics - Home | Facebook',126),(127,'http://foreignpolicy.com/2017/03/31/sitrep-flynn-wants-immunity-three-white-house-officials-spoke-with-nunes-trump-opens-new-war-front-isis-numbers-in-mosul-u-s-not-interested-in-ousting-assad-putin-getting-impatient-about-trump/','  SitRep: Flynn Wants Immunity; Three White House Officials Spoke with Nunes; Trump Opens New War Front | Foreign Policy',44),(128,'http://www.motherjones.com/kevin-drum/2017/03/why-were-three-white-house-officials-trawling-through-highly-classified-documents','Why Were Three White House Officials Trawling Through Highly Classified Documents? | Mother Jones',44),(129,'?q=Three+White+House+House&gbv=1&ie=UTF-8&prmd=ivns&tbm=isch&tbo=u&source=univ','couldnt fetch title',44),(130,'http://www.philly.com/philly/news/politics/presidential/Three-White-House-officials-linked-to-files-shared-with-House-intelligence-chair.html','Three White House officials linked to files shared with House intelligence chair',44),(131,'http://www.businessinsider.com/white-house-officials-helped-devin-nunes-get-access-2017-3','White House officials helped Devin Nunes get access - Business Insider',44),(132,'http://garnetnews.com/2017/03/30/three-white-house-officials-leaked-intel-nunes/','403 Forbidden',44),(133,'https://qz.com/950989/four-reasons-steve-bannon-was-kicked-off-the-uss-national-security-council/','Three White House excuses on why Steve Bannon was kicked off the US\'s National Security Council, and a scarier shadow theory — Quartz',44),(134,'http://dailycaller.com/2017/03/30/top-trump-staffer-leaves-white-house-after-less-than-three-months/','Katie Walsh Leaves White House Deputy Chief of Staff | The Daily Caller',44),(135,'https://en.wikipedia.org/wiki/White_House','White House - Wikipedia',44),(136,'http://www.cnn.com/2017/01/20/opinions/gallery/2017-opinion-cartoon-galley/','Trump\'s America: Cartoon views from around the world on America\'s new President',49),(137,'http://www.cnn.com/POLITICS/analysis/toons/archive.html','CNN.com - Cartoon Archive',49),(138,'http://www.cnn.com/2016/10/18/opinions/cartooning-through-the-presidential-campaign-thomas-mcclure/','The long, strange trip to the 2016 election: a cartoon view - CNN.com',49),(139,'http://www.cnn.com/2008/WORLD/europe/02/13/denmark.cartoon/','Newspapers reprint Prophet Mohammed cartoon - CNN.com',49),(140,'http://money.cnn.com/2014/09/30/pf/wine-packaging-alternatives-bottles/','Wine in a can, a keg, a carton...and it\'s not bad - Sep. 30, 2014 ',49),(141,'http://www.cnn.com/2009/CRIME/05/13/grace.coldcase.patz/index.html%3Firef%3Dnextin','Error',49),(142,'http://www.cnn.com/2015/06/14/politics/jake-tapper-state-of-the-union-cartoon/','CNN brings a modern twist to political cartooning - CNNPolitics.com',49),(143,'http://www.cnn.com/2010/CRIME/05/26/new.york.1979.missing.child/','District attorney reopens case of first missing child on milk carton  - CNN.com',49),(144,'http://www.cnn.com/WORLD/9712/17/video.seizures.update/','CNN - Japanese cartoon triggers seizures in hundreds of children - December 17, 1997',49),(145,'http://www.foxnews.com/politics/2017/03/24/house-set-to-vote-on-obamacare-replacement-bill-after-trump-ultimatum.html','Trump still optimistic on health care vote, Spicer says  | Fox News',124),(146,'http://www.foxnews.com/politics/2017/04/02/golf-summit-trump-tees-up-talks-obamacare-with-paul-mulvaney.html','After golf with Trump, Paul says \'very optimistic\' about ObamaCare repeal | Fox News',124),(147,'http://insider.foxnews.com/2017/04/18/donald-trump-jr-president-did-more-barack-obama-george-bush-obamacare-replacement-media','Trump Jr: POTUS Did More in 2 Months Than Bush, Obama | Fox News Insider',124),(148,'http://video.foxnews.com/v/5291219625001/','FoxNews.com - Breaking News | Latest News | Current News',124),(149,'http://insider.foxnews.com/2017/03/15/president-donald-trump-tucker-carlson-tax-returns-obamacare-disaster-wiretap','Trump: If ObamaCare Replacement Doesn\'t Meet Standards, I Won\'t Sign It | Fox News Insider',124),(150,'http://insider.foxnews.com/2017/03/24/bret-baier-health-care-vote-pulled-president-trump-obamacare','Baier: Barack Obama Is Today\'s \'Biggest Winner\' | Fox News Insider',124),(151,'http://www.foxnews.com/politics/2017/03/25/republicans-split-in-aftermath-failed-obamacare-plan-with-tax-reform-on-horizon.html','Trump signals new hope for ObamaCare overhaul, says \'Do not worry!\' | Fox News',124),(152,'https://www.msn.com/en-gb/news/other/un-warned-trump-that-obamacare-repeal-could-violate-international-law/vp-BBApnrG','UN warned Trump that ObamaCare repeal could violate international law',124),(153,'http://thehill.com/policy/international/un-treaties/330586-un-contacted-trump-admin-on-obamacare-report','UN contacted Trump administration on ObamaCare repeal: report | TheHill',124),(154,'http://www.newyorker.com/magazine/2017/04/17/trumps-confusing-strike-on-syria','Trump’s Confusing Strike on Syria - The New Yorker',105),(155,'https://theintercept.com/2017/04/25/members-of-congress-demand-trump-provide-legal-justification-for-syria-attack/','Members of Congress Demand Trump Provide Legal Justification for Syria Attack',105),(156,'https://www.usatoday.com/story/news/politics/2017/04/24/donald-trump-syria-north-korea-united-nations/100845156/','Trump sanctions Syria, says United Nations needs to do more ',105),(157,'http://www.anonews.co/donald-trump-syria/','Watch as Donald Trump Explains The Syrian Conflict and Working with Russia And Stuns American TV Hosts – Anonymous',105),(158,'http://abcnews.go.com/Politics/trump-pentagon-authority-set-troop-levels-syria-iraq/story%3Fid%3D47044082','ABC News – Breaking News, Latest News, Headlines & Videos',105),(159,'https://www.nytimes.com/aponline/2017/04/26/us/politics/ap-us-defense-troop-numbers.html','Trump Gives Pentagon More Flexibility on Iraq, Syria Troops - The New York Times',105),(160,'http://forward.com/scribe/370145/i-asked-trump-to-bomb-syria-and-i-regret-it/','I Asked Trump To Bomb Syria — And I Regret It. – The Forward',105),(161,'http://www.cnn.com/2017/04/26/politics/ivanka-trump-syrian-refugees-opening-border/','Ivanka Trump calls Syrian refugees a \'global humanitarian crisis\' - CNNPolitics.com',105),(162,'http://thehill.com/policy/international/330587-priebus-syria-china-moves-part-of-trump-doctrine','Priebus: Syria, China moves part of \'Trump doctrine\' | TheHill',105),(163,'http://www.chicagotribune.com/news/media/92943495-132.html','Chicago police speak to South Shore residents after quadruple homicide - Chicago Tribune',51),(164,'http://www.chicagotribune.com/news/local/breaking/ct-south-shore-four-killed-arrest-20170404-story.html','Man charged in 4 South Shore killings is son of man killed the day before, police say - Chicago Tribune',51),(165,'?q=After+South+Shore+Chicago+Tribune&gbv=1&ie=UTF-8&prmd=ivns&source=univ&tbm=nws&tbo=u','couldnt fetch title',51),(166,'http://crime.chicagotribune.com/chicago/community/south-shore','South Shore -- Crime in Chicagoland -- chicagotribune.com',51),(167,'http://www.chicagotribune.com/news/columnists/schmich/ct-south-shore-shootings-mary-schmich-20170331-column.html','In Chicago&apos;s South Shore, residents count the dead, and their blessings - Chicago Tribune',51),(168,'http://www.chicagotribune.com/news/local/breaking/ct-chicago-shootings-violence-20170330-story.html','Bloody day in South Shore: 7 people shot dead in four-block area on South Side - Chicago Tribune',51),(169,'http://www.chicagotribune.com/news/local/breaking/ct-chicago-violence-shootings-20170330-story.html','4 dead in restaurant shooting: &apos;It is not OK. It is not OK when we lose a child like this&apos; - Chicago Tribune',51),(170,'http://www.chicagotribune.com/photos/ct-four-people-found-shot-to-death-in-south-shore-photos-20170330-photogallery.html','Four people found shot to death in South Shore - Chicago Tribune',51),(171,'http://www.chicagotribune.com/news/ct-week-in-review-20170331-story.html','Week in review: Deadly day in South Shore, Chicago’s &apos;heroin highway,&apos; and what’s new at Wrigley - Chicago Tribune',51),(172,'https://fivethirtyeight.com/features/buy-sell-hold-what-comes-after-trumps-first-100-days/','Buy, Sell, Hold: What Comes After Trump’s First 100 Days? | FiveThirtyEight',128),(173,'https://fivethirtyeight.com/politics/','Politics – FiveThirtyEight',128),(174,'https://fivethirtyeight.com/features/trumps-wall-wont-stop-the-drugs/','Trump’s Wall Won’t Stop The Drugs | FiveThirtyEight',128),(175,'https://fivethirtyeight.com/','FiveThirtyEight | Nate Silver’s FiveThirtyEight uses statistical analysis — hard numbers — to tell compelling stories about politics, sports, science, economics and culture.',128),(176,'https://fivethirtyeight.com/features/dont-just-look-at-trumps-approval-rating-to-judge-his-first-100-days/','Don’t Just Look At Trump’s Approval Rating To Judge His First 100 Days | FiveThirtyEight',128),(177,'https://fivethirtyeight.com/features/can-you-trust-polling-in-the-age-of-trump/','Can You Trust Trump’s Approval Rating Polls? | FiveThirtyEight',128),(178,'http://www.newslocker.com/en-in/news/india-politics-news/trump-dropped-his-demand-to-fund-the-wall-mdash-thats-smart-politics-fivethirtyeight/','Trump Dropped His Demand To Fund The Wall — That\'s Smart Politics - FiveThirtyEight - Politics news - NewsLocker',128),(179,'https://www.follownews.com/trump-dropped-his-demand-to-fund-the-wall--thats-smart-politics-2vesh','Trump Dropped His Demand To Fund The Wall — That’s Smart Politics | #follownews',128),(180,'http://www.scoopnest.com/user/FiveThirtyEight/857351355538841600','Trump dropped his demand to fund the wall. that’s smart politics.  - scoopnest.com',128),(181,'?q=How+Jeff+Sessions&gbv=1&ie=UTF-8&prmd=ivns&source=univ&tbm=nws&tbo=u','couldnt fetch title',109),(182,'http://www.bbc.com/news/world-us-canada-38030602','Jeff Sessions, Trump\'s new attorney general dogged by controversy - BBC News',109),(183,'http://www.washingtonexaminer.com/how-jeff-sessions-is-helping-bring-in-the-trump-era/article/2620354','How Jeff Sessions is helping bring in the \'Trump era\'',109),(184,'http://www.thecannabist.co/2017/04/21/jeff-sessions-marijuana-legalization-impact/77938/','Jeff Sessions disrupts marijuana legalization with words alone',109),(185,'https://www.washingtonpost.com/news/the-fix/wp/2016/11/18/10-things-to-know-about-sen-jeff-sessions-donald-trumps-pick-for-attorney-general/',' 10 things to know about Sen. Jeff Sessions, Donald Trump’s pick for attorney general - The Washington Post',109),(186,'https://www.washingtonpost.com/world/national-security/how-jeff-sessions-wants-to-bring-back-the-war-on-drugs/2017/04/08/414ce6be-132b-11e7-ada0-1489b735b3a3_story.html',' How Jeff Sessions wants to bring back the war on drugs - The Washington Post',109),(187,'https://www.thenation.com/article/the-problem-with-how-jeff-sessions-talks-about-crime/','The Problem With How Jeff Sessions Talks About Crime | The Nation',109),(188,'http://www.alternet.org/news-amp-politics/jeff-sessions-laying-groundwork-authoritarian-action','How Jeff Sessions Is Laying the Groundwork for an Authoritarian State | Alternet',109),(189,'http://www.politico.com/news/jeff-sessions','Jeff Sessions: Latest News, Top Stories & Analysis - POLITICO',109),(190,'https://www.msn.com/en-us/news/politics/top-pentagon-watchdog-launches-investigation-into-money-that-mike-flynn-received-from-foreign-groups/ar-BBArECJ','Top Pentagon watchdog launches investigation into money that Mike Flynn received from foreign groups',129),(191,'http://www.spokesman.com/stories/2017/apr/27/top-pentagon-watchdog-launches-investigation-into-/','Top Pentagon watchdog launches investigation into money that Mike Flynn received from foreign groups  | The Spokesman-Review',129),(192,'http://www.cnn.com/2017/04/27/politics/michael-flynn-foreign-payments-investigation/','Pentagon warned Flynn in 2014 against taking foreign payments, IG launches investigation - CNNPolitics.com',129),(193,'http://www.npr.org/sections/thetwo-way/2017/04/27/525881345/michael-flynn-is-the-subject-of-a-pentagon-investigation','Michael Flynn Is The Subject Of A Pentagon Investigation : The Two-Way : NPR',129),(194,'http://www.salon.com/2017/04/27/michael-flynn-under-investigation-after-2014-pentagon-warning-against-accepting-foreign-payments/','  Michael Flynn under investigation after 2014 Pentagon warning against accepting foreign payments - Salon.com',129),(195,'http://www.reuters.com/article/us-usa-trump-russia-flynn-idUSKBN17T26Q','\n            Pentagon probes Trump\'s ex-adviser Flynn over foreign payments\n| Reuters',129),(196,'http://www.cnbc.com/2017/04/27/pentagon-launches-probe-into-trumps-ex-security-adviser-flynn-letter.html','Pentagon probes Trump\'s ex-adviser Flynn over foreign payments',129),(197,'https://www.usatoday.com/story/news/politics/2017/04/27/michael-flynn-donald-trump-elijah-cummings-rt-television-vladimir-putin/100973208/','Pentagon opens probe of Michael Flynn, fired national security adviser',129),(198,'http://www.nbcnews.com/politics/politics-news/pentagon-investigating-former-nsa-head-flynn-foreign-payments-n751876','Pentagon Investigating Michael Flynn for Foreign Payments - NBC News',129),(208,'http://www.bbc.com/news/world-us-canada-39575012','Xi-Trump call: China urges \'peaceful\' North Korea solution - BBC News',133),(209,'http://www.bbc.co.uk/news/world-asia-39741671','Trump praises China\'s Xi over handling of North Korea - BBC News',133),(210,'http://www.bbc.co.uk/news/world-us-canada-39575012','Xi-Trump call: China urges \'peaceful\' North Korea solution - BBC News',133),(211,'http://www.bbc.co.uk/news/world-asia-39695503','China urges \'restraint\' amid North Korea sinking threat - BBC News',133),(212,'http://www.bbc.co.uk/news/world-us-canada-39475178','Trump ready to \'solve\' North Korea problem without China - BBC News',133),(213,'http://www.bbc.co.uk/news/world-asia-china-38915542','Trump breaks ice with China in letter to Xi - BBC News',133),(214,'http://www.bbc.co.uk/news/world/asia','Asia - BBC News',133),(215,'http://www.abc.net.au/news/2017-04-24/xi-warns-trump-to-avoid-aggravating-situation-with-north-korea/8467820','North Korea: Chinese President Xi Jinping asks for restraint during call with Donald Trump - ABC News (Australian Broadcasting Corporation)',133),(216,'http://www.chinafile.com/conversation/whats-best-way-trump-persuade-china-pressure-north-korea','What\'s the Best Way for Trump to Persuade China to Up the Pressure on North Korea? | ChinaFile',133),(217,'http://www.bbc.com/news/world-us-canada-39575012','Xi-Trump call: China urges \'peaceful\' North Korea solution - BBC News',133),(218,'http://www.bbc.co.uk/news/world-asia-39741671','Trump praises China\'s Xi over handling of North Korea - BBC News',133),(219,'http://www.bbc.co.uk/news/world-us-canada-39575012','Xi-Trump call: China urges \'peaceful\' North Korea solution - BBC News',133),(220,'http://www.bbc.co.uk/news/world-asia-39695503','China urges \'restraint\' amid North Korea sinking threat - BBC News',133),(221,'http://www.bbc.co.uk/news/world-us-canada-39475178','Trump ready to \'solve\' North Korea problem without China - BBC News',133),(222,'http://www.bbc.co.uk/news/world-asia-china-38915542','Trump breaks ice with China in letter to Xi - BBC News',133),(223,'http://www.abc.net.au/news/2017-04-24/xi-warns-trump-to-avoid-aggravating-situation-with-north-korea/8467820','North Korea: Chinese President Xi Jinping asks for restraint during call with Donald Trump - ABC News (Australian Broadcasting Corporation)',133),(224,'http://www.chinafile.com/conversation/whats-best-way-trump-persuade-china-pressure-north-korea','What\'s the Best Way for Trump to Persuade China to Up the Pressure on North Korea? | ChinaFile',133),(225,'http://www.newsjs.com/pk/trump-major-conflict-in-north-korea-possible/duM1fgck1p6eJXMimUbLiZVcETH2M/','Trump praises China\'s Xi over handling of North Korea BBC News - News JS',133),(244,'http://www.4-traders.com/ALPHABET-INC-24203373/news-twitter/Meet-the-Google-alum-who-created-China-s-Facebook-Groupon-mashup-857747226361294850/','4-traders.com | Bloomberg : Meet the Google alum who created China\'s Facebook-Groupon mashup https://t.co/41U5sL40Vo',145),(245,'https://www.scoopnest.com/user/business/857747226361294850','Meet the google alum who created china\'s facebook-groupon mashup  - scoopnest.com',145),(246,'http://www.stocknewswires.com/baba-grpn-fb-googl-meet-the-google-alum-who-created-chinas-facebook-groupon/','403 Forbidden',145),(247,'https://newsblock.io/s/5902792366dfdd0400950ac3','Meet the Google Alum Who Created China\'s Facebook-Groupon Mashup - Newsblock ',145),(248,'http://www.todayevery.com/share/HJlyyK7e1-%3Fhint%3D/facebook-targets-coordinated-campaigns-spreading-fake-news','couldnt fetch title',145),(249,'http://www.todayevery.com/share/SkgGZeQxJZ%3Fhint%3Dshah-rukh-khan-viral-ted-talk-2017-4/www.businessinsider.com','couldnt fetch title',145),(250,'http://www.todayevery.com/share/SJlg5YQxJb%3Fhint%3Dgoogle-announces-use-by-date-for-current-pixel-handsets/news','couldnt fetch title',145),(251,'http://www.todayevery.com/share/rkUekt7eyb%3Fhint%3D/thinkpad-x1-carbon-floats-into-2017','couldnt fetch title',145),(252,'http://www.google.com/finance%3Fcid%3D663286','Error 404 (Not Found)!!1',145),(253,'http://www.theblaze.com/news/2017/04/27/sean-hannity-delivers-scathing-monologue-announcing-he-may-sue-liberal-fascist-news-outlets/','Sean Hannity delivers scathing monologue announcing he may sue ‘liberal fascist’ news outlets – TheBlaze',131),(254,'http://www.theblaze.com/news/2017/04/24/despite-reports-ex-fox-news-guest-denies-that-sean-hannity-ever-sexually-harassed-her/','Despite reports, ex-Fox News guest denies that Sean Hannity ever sexually harassed her – TheBlaze',131),(255,'http://www.theblaze.com/news/2017/04/23/let-me-be-clear-sean-hannitys-stern-response-to-sexual-harassment-allegation/','“LET ME BE CLEAR”: Sean Hannity’s stern response to sexual harassment allegation – TheBlaze',131),(256,'http://www.theblaze.com/news/sean-hannity/','Sean Hannity – TheBlaze',131),(257,'http://www.theblaze.com/podcasts/fox-news-guest-walks-back-accusations-against-sean-hannity/','Fox News guest walks back accusations against Sean Hannity – TheBlaze',131),(258,'http://www.theblaze.com/news/fox-news/','Fox News – TheBlaze',131),(259,'http://www.theblaze.com/news/2017/04/23/sean-hannity-unleashes-full-wrath-on-nyt-after-paper-details-his-advising-relationship-with-trump/','Sean Hannity unleashes full wrath on NYT after paper details his advising relationship with Trump – TheBlaze',131),(260,'http://www.theblaze.com/news/2017/04/25/sean-hannity-faces-liberal-fascist-accusations-against-him-head-on/','Sean Hannity faces ‘liberal fascist’ accusations against him head on – TheBlaze',131),(261,'http://www.theblaze.com/contributions/matt-walsh-the-harassment-allegations-at-fox-only-prove-the-wisdom-of-mike-pences-policy/','Matt Walsh: The ‘harassment’ allegations at Fox only prove the wisdom of Mike Pence’s policy – TheBlaze',131),(271,'https://www.csmonitor.com/USA/Politics/2017/0427/Trump-s-steep-learning-curve','Trump\'s steep learning curve - CSMonitor.com',152),(272,'https://www.csmonitor.com/Commentary/the-monitors-view/2017/0425/Trump-s-possible-logic-on-North-Korea','Trump’s possible logic on North Korea - CSMonitor.com',152),(273,'http://www.csmonitor.com/USA/Society/2017/0428/Under-a-gun-friendly-Trump-anti-gun-movement-plans-to-fight-back','Under a gun friendly Trump, anti-gun movement plans to fight back - CSMonitor.com',152),(274,'http://www.csmonitor.com/USA/Politics/Decoder/2017/0303/Trump-Russia-and-the-seriousness-of-smoke','Trump, Russia, and the seriousness of smoke - CSMonitor.com',152),(275,'http://www.csmonitor.com/USA/Politics/2017/0302/The-Trump-administration-s-deepening-Russia-problem','The Trump administration’s deepening Russia problem - CSMonitor.com',152),(276,'http://www.csmonitor.com/','The Christian Science Monitor - CSMonitor.com',152),(277,'https://www.csmonitor.com/USA/Justice/2017/0425/How-does-Trump-plan-to-stop-illegal-immigration-A-Texas-court-offers-a-model-approach','How does Trump plan to stop illegal immigration? A Texas court offers a model approach - CSMonitor.com',152),(278,'http://www.csmonitor.com/USA/Politics/2017/0301/The-presidential-Trump-emerges-for-a-night-video','The presidential Trump emerges, for a night (+video) - CSMonitor.com',152),(279,'http://www.csmonitor.com/USA/Politics/2017/0219/A-town-changed-by-Trump','A town changed by Trump - CSMonitor.com',152),(280,'http://www.csmonitor.com/USA/Politics/Decoder/2016/0713/Is-Donald-Trump-inciting-Ruth-Bader-Ginsburg-to-become-Trumpian-video','Is Donald Trump inciting Ruth Bader Ginsburg to become Trumpian? (+video) - CSMonitor.com',150),(281,'http://www.csmonitor.com/USA/Politics/2017/0220/One-month-of-Trump-What-voters-think-and-why-that-matters','One month of Trump: What voters think – and why that matters - CSMonitor.com',150),(282,'http://www.csmonitor.com/USA/Politics/2017/0126/How-Donald-Trump-fits-in-the-post-truth-world','How Donald Trump fits in the \'post-truth\' world - CSMonitor.com',150),(283,'http://www.csmonitor.com/USA/Politics/2017/0120/The-Trump-era-begins','The Trump era begins - CSMonitor.com',150),(284,'http://www.csmonitor.com/','The Christian Science Monitor - CSMonitor.com',150),(285,'http://m.csmonitor.com/USA/Politics/2016/1025/Trump-TV-Campaign-launches-nightly-broadcast-on-Facebook-Live','Trump TV? Campaign launches nightly broadcast on Facebook Live - CSMonitor.com',150),(286,'http://www.csmonitor.com/USA/Politics/2016/1225/Which-president-will-Donald-Trump-be-most-like','Which president will Donald Trump be most like? - CSMonitor.com',150),(287,'http://www.csmonitor.com/USA/Politics/Decoder/2015/1125/Is-Donald-Trump-really-a-fascist','Is Donald Trump really a \'fascist?\' - CSMonitor.com',150),(288,'https://twitter.com/bungdan/status/764850127286575104','Dan Murphy on Twitter: \"It\'s narcissism of Trumpian (Brobdingnagian, we hardly knew you) proportions. \"Vote for me or I won\'t forgive you.\" https://t.co/3CKKCKKFz0\"',150),(289,'http://www.theblaze.com/news/2017/04/28/us-media-claim-ivanka-trump-was-booed-in-germany-but-german-newspaper-says-it-never-happened/','US media claim Ivanka Trump was booed in Germany. But German newspaper says it never happened. – TheBlaze',132),(290,'http://www.theblaze.com/news/2017/04/28/cnn-chief-journalism-is-threatened-by-the-trump-administration/','CNN chief: ‘Journalism is threatened’ by the Trump administration – TheBlaze',132),(291,'http://www.theblaze.com/news/2017/04/08/krauthammer-says-trump-told-the-world-america-is-back/','Krauthammer says Trump told the world ‘America is back’ – TheBlaze',132),(292,'http://www.theblaze.com/news/2017/04/25/breaking-federal-judge-blocks-trumps-order-on-sanctuary-cities/','Federal judge blocks Trump’s order on sanctuary cities – TheBlaze',132),(293,'http://www.theblaze.com/news/2017/04/28/poll-americans-trust-the-white-house-more-than-the-national-media/','Poll: Americans trust the White House more than the national media – TheBlaze',132),(294,'http://www.theblaze.com/news/2017/04/28/trump-taps-pro-life-activist-for-top-hhs-post/','Trump taps pro-life activist for top HHS post – TheBlaze',132),(295,'http://www.theblaze.com/news/2017/03/31/poll-majority-of-americans-say-trump-is-too-confrontational/','Poll: Majority of Americans say Trump is ‘too confrontational’ – TheBlaze',132),(296,'http://www.theblaze.com/news/2017/04/26/freedom-caucus-is-now-backing-trumps-revised-health-care-bill/','Freedom Caucus is now backing Trump’s revised health care bill – TheBlaze',132),(297,'https://itunes.apple.com/us/podcast/the-glenn-beck-program/id620967489%3Fmt%3D2','Connecting to the iTunes Store.',132),(298,'http://www.theblaze.com/news/2017/04/28/us-media-claim-ivanka-trump-was-booed-in-germany-but-german-newspaper-says-it-never-happened/','US media claim Ivanka Trump was booed in Germany. But German newspaper says it never happened. – TheBlaze',132),(299,'http://www.theblaze.com/news/2017/04/28/cnn-chief-journalism-is-threatened-by-the-trump-administration/','CNN chief: ‘Journalism is threatened’ by the Trump administration – TheBlaze',132),(300,'http://www.theblaze.com/news/2017/04/08/krauthammer-says-trump-told-the-world-america-is-back/','Krauthammer says Trump told the world ‘America is back’ – TheBlaze',132),(301,'http://www.theblaze.com/news/2017/04/25/breaking-federal-judge-blocks-trumps-order-on-sanctuary-cities/','Federal judge blocks Trump’s order on sanctuary cities – TheBlaze',132),(302,'http://www.theblaze.com/news/2017/04/28/poll-americans-trust-the-white-house-more-than-the-national-media/','Poll: Americans trust the White House more than the national media – TheBlaze',132),(303,'http://www.theblaze.com/news/2017/04/28/trump-taps-pro-life-activist-for-top-hhs-post/','Trump taps pro-life activist for top HHS post – TheBlaze',132),(304,'http://www.theblaze.com/news/2017/03/31/poll-majority-of-americans-say-trump-is-too-confrontational/','Poll: Majority of Americans say Trump is ‘too confrontational’ – TheBlaze',132),(305,'http://www.theblaze.com/news/2017/04/26/freedom-caucus-is-now-backing-trumps-revised-health-care-bill/','Freedom Caucus is now backing Trump’s revised health care bill – TheBlaze',132),(306,'https://itunes.apple.com/us/podcast/the-glenn-beck-program/id620967489%3Fmt%3D2','Connecting to the iTunes Store.',132),(307,'https://us-gov.blogspot.com/2017/04/paul-ryan-under-fire-as-health-care-is.html','\nPaul Ryan Under Fire as Health Care Is Delayed Again\n        | \n        U.S. Government Report\n',146),(308,'http://www.unitedstatestoday.us/donald-trump/2017/04/paul-ryan-under-fire-as-health-care-is-delayed-again/','Paul Ryan Under Fire as Health Care Is Delayed Again - United States Today',146),(309,'http://qwiket.com/context/topic/paul-ryan-under-fire-as-health-care-is-delayed-again','Breitbart: Paul Ryan Under Fire as Health Care Is Delayed Again',146),(310,'http://geofftalk.com/%3Ftag%3Dpaul-ryan-under-fire-as-health-care-is-delayed-again','404 (Page Not Found) Error - Ever feel like you\'re in the wrong place?',146),(311,'http://usa.shafaqna.com/EN/US/1745658','Paul Ryan Under Fire as Health Care Is Delayed Again',146),(312,'http://www.politico.com/story/2017/04/27/house-republicans-obamacare-repeal-votes-237685','House delays Obamacare vote, denying Trump 100-day win - POLITICO',146),(313,'https://twitter.com/mitchellvii%3Flang%3Den','Twitter / ?',146),(314,'https://investorshub.advfn.com/boards/read_msg.aspx%3Fmessage_id%3D130903557','404 - File or directory not found.',146),(315,'https://www.democracynow.org/2017/3/24/headlines/gop_delays_healthcare_vote_as_president_trump_issues_ultimatum','GOP Delays Healthcare Vote as President Trump Issues Ultimatum | Democracy Now!',146),(316,'https://www.washingtonpost.com/news/powerpost/wp/2017/04/28/trumps-first-100-days-what-has-president-trump-done-so-far/','Trump’s First 100 Days: What has President Trump done so far? - The Washington Post',155),(317,'https://www.washingtonpost.com/news/monkey-cage/wp/2017/04/27/so-far-trump-gets-a-failing-grade-at-managing-the-executive-branch/','So far, Trump is really struggling as a chief executive - The Washington Post',155),(318,'http://www.bbc.com/news/world-us-canada-38663043','Trump tracker: How much has the president achieved so far? - BBC News',155),(319,'http://www.businessinsider.com/trump-executive-orders-memorandum-proclamations-presidential-action-guide-2017-1','A quick guide to every executive action Trump took in his 100 days - Business Insider',155),(320,'http://www.space.com/36647-president-trump-first-100-days-space-policy.html','The First 100 Days: What Trump Has Done on Space So Far',155),(321,'http://www.motherjones.com/kevin-drum/2017/04/wednesday-was-most-dangerous-day-so-far-trump-presidency','Wednesday Was the Most Dangerous Day So Far of the Trump Presidency | Mother Jones',155),(322,'https://www.wsj.com/articles/trumps-finest-moment-so-far-1493331435','\n      Trump’s Finest Moment (So Far) - WSJ\n    ',155),(323,'https://www.trumphotels.com/soho','SoHo Hotels | Trump SoHo New York | Hotels in SoHo New York',155),(324,'http://reason.com/reasontv/2017/04/28/100-days-of-trump','100 Days of Trump: Three Best and Worst Moments of Presidency So Far - Reason.com',155),(325,'https://www.democracynow.org/2017/4/28/headlines/activists_ready_a_massive_peoples_climate_march_on_washington','Activists Ready a Massive \"People\'s Climate March\" on Washington | Democracy Now!',161),(326,'https://www.democracynow.org/live/coming_up_on_april_29th_democracy','Watch: Democracy Now! Special Broadcast from the 2017 People\'s Climate March | Democracy Now!',161),(327,'https://www.democracynow.org/2017/4/28/democratic_rep_peter_welch_condemns_trumps','Democratic Rep. Peter Welch Condemns Trump\'s \"Reckless\" Threats Toward North Korea | Democracy Now!',161),(328,'https://www.democracynow.org/2014/9/22/voices_from_the_peoples_climate_march','Voices from the People\'s Climate March: Indigenous Groups Lead Historic 400,000-Strong NYC Protest | Democracy Now!',161),(329,'https://peoplesclimate.org/','403 Forbidden',161),(330,'https://fr-fr.facebook.com/democracynow','Democracy Now! - Accueil | Facebook',161),(331,'http://www.truthdig.com/avbooth/item/live_blog_peoples_climate_march_trump_multimedia_20170428','	People’s Climate March Pushes Back Against Trump Agenda (Multimedia) -\n	\nTruthdig',161),(332,'https://environmentaljusticetv.wordpress.com/2017/04/21/a-peoples-climate-movement-indigenous-labor-faith-groups-prepare-for-historic-march-2/','A People’s Climate Movement: Indigenous, Labor, Faith Groups Prepare for Historic March | Transition Studies',161),(333,'https://en.wikipedia.org/wiki/People%2527s_Climate_March','Bad title - Wikipedia',161),(334,'http://time.com/4485272/philippines-rodrigo-duterte-obama-asean/','Philippines\' Rodrigo Duterte Says He Didn\'t Swear At Obama | Time.com',163),(335,'http://time.com/4324098/rodrigo-duterte-philippines-president-donald-trump-human-rights-immigration/','Rodrigo Duterte Isn\'t the Donald Trump of the Philippines | Time.com',163),(336,'http://time.com/time-person-of-the-year-2016-donald-trump/','Donald Trump: TIME Person of the Year 2016',163),(337,'http://www.nydailynews.com/news/politics/trump-didn-clear-duterte-invite-state-dept-nsc-report-article-1.3120887','Trump didn’t clear Duterte invite with State Dept., NSC: report - NY Daily News',163),(338,'http://www.newyorker.com/magazine/2016/11/21/when-a-populist-demagogue-takes-power','When a Populist Demagogue Takes Power - The New Yorker',163),(339,'http://www.politicususa.com/2017/05/01/american-foreign-policy-guided-trumps-thirst-profits.html','The Embarrassment of an American Foreign Policy Guided by Trump\'s Thirst for Profits',163),(340,'https://www.nytimes.com/2017/02/05/us/politics/trump-white-house-aides-strategy.html','Trump and Staff Rethink Tactics After Stumbles - The New York Times',163),(341,'https://jonathanturley.org/2017/04/30/trump-kim-jung-un-is-pretty-smart-cookie/','Trump: Kim Jung-un Is “Pretty Smart Cookie” | JONATHAN TURLEY',163),(342,'https://jonathanturley.org/2017/04/30/trump-kim-jung-un-is-pretty-smart-cookie/comment-page-1/','Trump: Kim Jung-un Is “Pretty Smart Cookie” | JONATHAN TURLEY',163),(343,'http://time.com/4767335/health-care-vote-trumpcare-congress-house/','Health Care Bill: House Votes to Repeal Obamacare | Time.com',164),(344,'http://www.nbcnews.com/politics/congress/republican-health-care-vote-everything-you-need-know-n737336','Republican Health Care Vote: Everything You Need to Know - NBC News',164),(345,'http://www.rollingstone.com/politics/features/will-trumpcare-pass-everything-we-know-about-the-gop-bill-w473265','Will Trumpcare Pass? Everything We Know About the GOP Bill - Rolling Stone',164),(346,'http://www.vox.com/policy-and-politics/2017/3/23/15024170/obamacare-repeal-bill-tough-time-senate','couldnt fetch title',164),(347,'http://nymag.com/daily/intelligencer/2017/03/how-republicans-could-nuke-the-rules-to-pass-trumpcare.html','How Republicans Could Nuke the Rules to Pass Trumpcare',164),(348,'http://nymag.com/daily/intelligencer/2017/03/mitch-mcconnells-trumpcare-plan-is-to-lose-fast.html','Mitch McConnell’s Trumpcare Plan Is to Lose Fast',164),(349,'https://fivethirtyeight.com/features/does-the-gop-health-care-bill-have-a-chance/','Does The GOP Health Care Bill Have A Chance? | FiveThirtyEight',164),(350,'http://www.motherjones.com/politics/2017/03/conservatives-oppose-trumpcare-ryancare-obamacare-replacement','A Running List of People Who Hate Trumpcare | Mother Jones',164),(351,'https://www.bustle.com/p/will-the-senate-pass-trumpcare-the-ahca-is-one-step-closer-to-reality-55800','Will The Senate Pass Trumpcare? The AHCA Is One Step Closer To Reality',164),(352,'http://qwiket.com/context/channel/usleft/topic/donald-trumps-andrew-jackson-civil-war-answer-is-all-steve-bannon','The Daily Beast: Donald Trump’s Andrew Jackson-Civil War Answer Is All Steve Bannon',160),(353,'https://sports.yahoo.com/m/754c39df-b1ed-3cba-9e76-dfe615ca77ea/donald-trump%25E2%2580%2599s-andrew.html','Donald Trump’s Andrew Jackson-Civil War Answer Is All Steve Bannon',160),(354,'https://www.yahoo.com/news/m/754c39df-b1ed-3cba-9e76-dfe615ca77ea/donald-trump%25E2%2580%2599s-andrew.html','Donald Trump’s Andrew Jackson-Civil War Answer Is All Steve Bannon',160),(355,'http://www.cleveland.com/darcy/index.ssf/2017/05/trumps_jackson-civil_war_revis.html','	Trump\'s Jackson-Civil War revisionist history: Darcy cartoon | 						cleveland.com',160),(356,'https://www.reddit.com/r/TDBauto/duplicates/68ml60/politics_donald_trumps_andrew_jacksoncivil_war/','Too Many Requests',160),(357,'https://hypegram.com/article/94396165','Hypegram : Donald Trump’s Andrew Jackson-Civil War Answer Is All Steve Bannon',160),(358,'http://linkwaylive.com/top-stories/5-1-2017/person/donald-trumps-andrew-jackson-civil-war-answer-is-all-steve-bannon','Donald Trump’s Andrew Jackson-Civil War Answer Is All Steve Bannon',160),(359,'http://politicalconundrum.lefora.com/topic/19443477','Trump: \'Why was there the Civil War?  Needs History Lesson! in News Forum ',160),(360,'https://newrepublic.com/minutes/138761/trump-cabinet-going-plagued-scandals','The Trump cabinet is going to be plagued by scandals. | New Republic',160),(379,'https://fivethirtyeight.com/tag/survey-says/','Survey Says – FiveThirtyEight',166),(380,'https://twitter.com/FiveThirtyEight/status/859069905693360128','FiveThirtyEight on Twitter: \"Is it cool to complain to a member of Congress who doesn’t represent me? https://t.co/xmeilXpsbY https://t.co/EhUCEUMeRv\"',166),(381,'?q=Is+It+Cool+To+Complain+To+A+Member+Of+Congress+Who+Doesn%E2%80%99t+Represent+Me%3F+FiveThirtyEight&gbv=1&ie=UTF-8&prmd=ivns&source=univ&tbm=nws&tbo=u','couldnt fetch title',166),(382,'https://twitter.com/fivethirtyeight/status/859215422868082688','FiveThirtyEight on Twitter: \"Can I complain to a member of Congress who doesn’t represent me? https://t.co/xmeilXH3Ay  https://t.co/ifZHaBDIsi\"',166),(383,'https://www.facebook.com/surveymonkey/posts/10155289905892628','SurveyMonkey - Curious, \"Is It Cool To Complain To A... | Facebook',166),(384,'https://www.facebook.com/fivethirtyeight/posts/1435823759794782','FiveThirtyEight - \"It’s really not an issue, provided that... | Facebook',166),(385,'https://www.linkedin.com/company/surveymonkey/careers','couldnt fetch title',166),(386,'http://www.scoopnest.com/user/FiveThirtyEight/859169314326413313','Can i complain to a member of congress who doesn’t represent me? here\'s what our survey respondents suggest:  - scoopnest.com',166),(387,'https://www.tapatalk.com/forum/1079006','FiveThirtyEight » Features - Tapatalk',166);
/*!40000 ALTER TABLE `biasapp_similararticle` ENABLE KEYS */;
UNLOCK TABLES;

--
-- Table structure for table `biasapp_url`
--

DROP TABLE IF EXISTS `biasapp_url`;
/*!40101 SET @saved_cs_client     = @@character_set_client */;
/*!40101 SET character_set_client = utf8 */;
CREATE TABLE `biasapp_url` (
  `id` int(11) NOT NULL AUTO_INCREMENT,
  `link_url` varchar(700) NOT NULL,
  `article_id` int(11) NOT NULL,
  `title` varchar(300),
  `negative` decimal(10,5) NOT NULL,
  `neutral` decimal(10,5) NOT NULL,
  `positive` decimal(10,5) NOT NULL,
  `text` varchar(10000) NOT NULL,
  PRIMARY KEY (`id`),
  KEY `biasapp_url_article_id_2af71389_fk_biasapp_articles_id` (`article_id`),
  CONSTRAINT `biasapp_url_article_id_2af71389_fk_biasapp_articles_id` FOREIGN KEY (`article_id`) REFERENCES `biasapp_articles` (`id`)
) ENGINE=InnoDB AUTO_INCREMENT=1042 DEFAULT CHARSET=utf8;
/*!40101 SET character_set_client = @saved_cs_client */;

--
-- Dumping data for table `biasapp_url`
--

LOCK TABLES `biasapp_url` WRITE;
/*!40000 ALTER TABLE `biasapp_url` DISABLE KEYS */;
INSERT INTO `biasapp_url` VALUES (198,'https://www.washingtonpost.com/world/national-security/chairman-and-partisan-the-dual-roles-of-devin-nunes-raise-questions-about-house-investigation/2017/03/26/2c95ade2-1096-11e7-9b0d-d27c98455440_story.html?utm_term=.ec8ebb14018a',44,' Chairman and partisan: The dual roles of Devin Nunes raise questions about House investigation - The Washington Post',0.44363,0.69549,0.55637,'[\nChairman and partisan: The dual roles of Devin Nunes\n]'),(199,'https://www.washingtonpost.com/world/national-security/national-security-adviser-flynn-discussed-sanctions-with-russian-ambassador-despite-denials-officials-say/2017/02/09/f85b29d6-ee11-11e6-b4ff-ac2cf509efe5_story.html?utm_term=.8781e4fa4d9f',44,' National security adviser Flynn discussed sanctions with Russian ambassador, despite denials, officials say - The Washington Post',0.45230,0.99745,0.54770,'Cohen was brought into the administration by Flynn, a former Defense Intelligence Agency director who was fired after\n it was exposed that he had misled Vice President Pence and others about his contacts with Russian Ambassador Sergey Kislyak\n. '),(200,'http://www.cnn.com/2017/03/30/politics/michael-flynn-immunity-testimony/index.html',45,'Flynn seeks immunity for testimony - CNNPolitics.com',0.31548,0.99988,0.68452,'During the signing ceremony, White House pool reporters asked Trump questions about his former national security adviser \nMichael Flynn\n, who has offered to testify on Russian involvement in the US election in return for immunity from prosecution. '),(201,'http://www.cnn.com/2017/03/31/politics/donald-trump-presidency/index.html',45,'Trump moves agenda forward even as Russia controversy swirls - CNNPolitics.com',0.55706,0.92366,0.44294,'Trump later \nsigned the pair of orders\n aimed at identifying and targeting foreign trade abuses, according to the White House, but behind closed doors. '),(202,'http://i2.cdn.turner.com/cnn/2017/images/03/31/eo.doc.pdf',45,'couldn\'t fetch title',0.27901,0.62086,0.72099,'One order commissions a 90-day study of US trade deficits with some of its largest trading partners to identify potential trade abuses and cheating. The second directive orders \nstricter and more effective enforcement of US anti-dumping l\naws to prevent foreign manufacturers from undercutting US companies by selling goods at an unfair price.'),(227,'http://komenwisconsin.org/',48,'403 Forbidden',0.37002,0.89623,0.62998,'Now, she is a healthy 43-year-old Milwaukee resident and a breast health advocate with \nSusan G. Komen of Southeast Wisconsin\n. While chemotherapy treatments affected Childs\' fertility, she and her husband are preparing to adopt their first child, whom they can\'t wait to meet.'),(228,'http://www.worldwidebreastcancer.com/',49,'#KnowYourLemons with Worldwide Breast Cancer',0.27350,0.85367,0.72650,'In telling her story, she found a similar photo online, an egg carton filled with lemons, on the website for a charity called \nWorldwide Breast Cancer\n. She shared it on Facebook with an impassioned call to promote awareness with useful, practical information. '),(229,'http://www.mbcalliance.org/',49,'Metastatic Breast Cancer Alliance | together we are stronger than the disease',0.63515,0.90638,0.36485,'For Beaumont\'s next project, she is working with metastatic breast cancer patients through the \nMetastatic Breast Cancer Alliance\n, a patient advocate organization that connects breast cancer patients with resources and clinical trials.'),(230,'http://www.cancer.org/cancer/breastcancer/detailedguide/breast-cancer-survival-by-stage',49,'Breast Cancer Survival Rates ',0.30946,0.91614,0.69054,'Chieze, whose prognosis is uncertain but whose cancer is currently\n \nin remission, hopes that the renewed attention in this campaign will support the ongoing demand for research and resources for metastatic breast cancer patients. About 22% of these patients live five years past their diagnoses, according to the \nAmerican Cancer Society\n.'),(231,'https://www.facebook.com/photo.php?fbid=10154886141978894&set=a.118071123893.124938.577163893&type=1&theater',49,'In the past few days, I have received... - Erin Smith Chieze | Facebook',0.22784,0.98952,0.77216,'Her \npost\n with the 15-year-old image has now been shared nearly 42,000 times.'),(232,'https://www.facebook.com/CNNHealth',49,'CNN Health - Home | Facebook',0.33929,0.14553,0.66071,'See the latest news and share your comments with CNN Health on\n Facebook\n and \nTwitter\n.'),(233,'https://twitter.com/cnnhealth',49,'CNN Health (@cnnhealth) | Twitter',0.33929,0.14553,0.66071,'See the latest news and share your comments with CNN Health on\n Facebook\n and \nTwitter\n.'),(234,'http://jamanetwork.com/journals/jamasurgery/article-abstract/2613702',48,'couldn\'t fetch title',0.62229,0.85518,0.37771,'Younger women with breast cancer are increasingly opting to undergo double mastectomies, even if they were diagnosed with early-stage cancer in only one breast, known as unilateral breast cancer, according to a study \npublished in the journal JAMA Surgery\n on Wednesday. '),(235,'http://www.cnn.com/2013/05/14/showbiz/angelina-jolie-double-mastectomy/',48,'Angelina Jolie undergoes double mastectomy - CNN.com',0.77876,0.95379,0.22124,'\"Another factor is probably the \nAngelina Jolie effect\n. She was diagnosed with the BRCA-1 cancer gene that mutation that causes breast cancer, and she had a double mastectomy, so that was covered widely in the media,\" he said. \"For women diagnosed with breast cancer in one breast, there is no evidence to suggest to remove the unaffected breast.\"'),(236,'http://onlinelibrary.wiley.com/doi/10.1111/tbj.12648/full',48,'Differences between Breast Conservation-Eligible Patients and Unilateral Mastectomy Patients in Choosing Contralateral Prophylactic Mastectomies - Sabel - 2016 - The Breast Journal - Wiley Online Library',0.38847,0.81127,0.61153,'Sabel and his colleagues found in a separate study that the percentage of women who were eligible for lumpectomies but opted for double mastectomies rose between 2000 and 2012. The study was published in \nThe Breast Journal\n last year.'),(237,'http://www.cnn.com/2016/03/11/health/double-mastectomy-surgery-increase-breast-cancer/',48,'Breast cancer: Double mastectomy rate tripled in 10 years - CNN.com',0.51192,0.30867,0.48808,'Another study, published last year in the \njournal Annals of Surgery\n, found that the use of \nCPM overall more than tripled in the United States\n between 2002 and 2012, despite a lack of evidence that the procedure offers a survival benefit.'),(238,'https://www.ncbi.nlm.nih.gov/pmc/articles/PMC2894028/',48,'Page not available',0.33592,0.89115,0.66408,'Yet because of her experience, Childs can relate to the \n7% of women with breast cancer\n who are diagnosed before age 40, many of whom face the same decision she did: whether to go under the knife for a lumpectomy or a mastectomy.'),(239,'https://www.cancer.gov/types/breast/risk-reducing-surgery-fact-sheet',48,'\r\n	Surgery to Reduce the Risk of Breast Cancer Fact Sheet - National Cancer Institute\r\n',0.42335,0.74961,0.57665,'The procedure to remove the healthy breast along with the affected breast is called a \ncontralateral prophylactic mastectomy\n, or CPM. '),(240,'https://link.springer.com/article/10.1245%2Fs10434-016-5443-5',48,'Contralateral Prophylactic Mastectomy (CPM) Consensus Statement from the American Society of Breast Surgeons: Data on CPM Outcomes and Risks         | SpringerLink\n',0.37802,0.91962,0.62198,'Last year, the American Society of Breast Surgeons published a consensus statement in \nthe journal Annals of Surgical Oncology\n recommending against the routine use of removing both breasts in women with unilateral breast cancer -- a recommendation that the American Board of Internal Medicine also made.'),(241,'https://www.cancer.gov/types/breast/risk-reducing-surgery-fact-sheet#q4',48,'\r\n	Surgery to Reduce the Risk of Breast Cancer Fact Sheet - National Cancer Institute\r\n',0.30030,0.91454,0.69970,'Even if a \nCPM procedure is to prevent cancer\n \nfrom developing in the healthy breast\n, Jemal said, \"the maximum is 6% of women will develop breast cancer on the unaffected breast within the next 10 years. It is very small.\"'),(242,'http://www.cdc.gov/mmwr/volumes/65/wr/mm6540a1.htm',50,'Patterns and Trends in Age-Specific Black-White Differences in Breast Cancer Incidence and Mortality – United States, 1999–2014\r\n\n\n | MMWR\n\n',0.45733,0.89060,0.54267,' (CNN)\nRacial disparities between black and white breast cancer patients are receding, according to a report released Thursday. Younger women of both races benefit equally from timely treatment, but differences in death rates still exist for black and white women over age 50, a \nnew report from the US Centers for Disease Control and Prevention \nindicates.'),(243,'http://www.cdc.gov/cancer/breast/basic_info/screening.htm',50,'CDC - What Is Breast Cancer Screening?',0.57725,0.82455,0.42275,'Cancer can usually be found at a much earlier stage when screening guidelines are followed: All women, beginning at 50, need to get a mammogram every other year, while women with a family history of breast cancer should consult with their doctors about earlier mammograms, according to \nUS Preventative Services Task Force\n recommendations. '),(244,'https://nccd.cdc.gov/uscs/',50,'\r\n	United States Cancer Statistics\r\n',0.39045,0.99978,0.60955,'Led by Dr. Lisa Richardson, director of the Division of Cancer Prevention and Control, the CDC researchers examined rates of breast cancer occurrence in women between 1999 and 2013 and rates of breast cancer deaths between 2000 and 2014, using data from the \nUnited States Cancer Statistics\n report. '),(245,'https://www.facebook.com/CNNHealth',50,'CNN Health - Home | Facebook',0.33929,0.14553,0.66071,'See the latest news and share your comments with CNN Health on\n Facebook\n and \nTwitter\n.'),(246,'https://twitter.com/cnnhealth',50,'CNN Health (@cnnhealth) | Twitter',0.33929,0.14553,0.66071,'See the latest news and share your comments with CNN Health on\n Facebook\n and \nTwitter\n.'),(247,'https://www.cancer.gov/types/breast/hp/breast-treatment-pdq',48,'\r\n	Breast Cancer Treatment (PDQ®)—Health Professional Version - National Cancer Institute\r\n',0.30030,0.91454,0.69970,'Even if a \nCPM procedure is to prevent cancer\n \nfrom developing in the healthy breast\n, Jemal said, \"the maximum is 6% of women will develop breast cancer on the unaffected breast within the next 10 years. It is very small.\"'),(248,'https://www.cancer.org/cancer/breast-cancer/living-as-a-breast-cancer-survivor/second-cancers-after-breast-cancer.html',48,'Second Cancers After Breast Cancer',0.45441,0.83127,0.54559,'On the other hand, the most common second cancer in breast cancer survivors is another breast cancer, according to the \nAmerican Cancer Society\n. '),(249,'https://academic.oup.com/jnci/article/102/7/444/907640/Contralateral-Second-Breast-Cancers-Prediction-and',48,'couldn\'t fetch title',0.50041,0.89654,0.49959,'A healthy 55-year-old woman has about a 2.5% chance of developing invasive cancer in a given breast over the next 15 years, whereas a 55-year-old breast cancer survivor has a 10% to 15% chance, according to a paper published in the \nJournal of the National Cancer Institute\n in 2010.'),(250,'https://seer.cancer.gov/statfacts/html/breast.html',48,'Cancer of the Breast (Female) - Cancer Stat Facts',0.53322,0.99732,0.46678,'About 12.4% of women in the United States will be diagnosed with breast cancer at some point during their lifetime, according to the \nNational Cancer Institute\n.'),(251,'https://www.naaccr.org/',48,'403 Forbidden',0.44142,0.88401,0.55858,'The new study included data on 1.2 million women 20 and older in the United States who were diagnosed with early-stage invasive unilateral breast cancer between 2004 and 2012. The data came from the \nNorth American Association of Central Cancer Registries\n.'),(252,'https://www.ncbi.nlm.nih.gov/pubmed/26967636',48,'Growing Use of Contralateral Prophylactic Mastectomy Despite no Improvement in Long-term Survival for Invasive Breast Cancer.  - PubMed - NCBI\n',0.51192,0.30867,0.48808,'Another study, published last year in the \njournal Annals of Surgery\n, found that the use of \nCPM overall more than tripled in the United States\n between 2002 and 2012, despite a lack of evidence that the procedure offers a survival benefit.'),(253,'https://www.facebook.com/CNNHealth',48,'CNN Health - Home | Facebook',0.33929,0.14553,0.66071,'See the latest news and share your comments with CNN Health on\n Facebook\n and \nTwitter\n.'),(254,'https://twitter.com/cnnhealth',48,'CNN Health (@cnnhealth) | Twitter',0.33929,0.14553,0.66071,'See the latest news and share your comments with CNN Health on\n Facebook\n and \nTwitter\n.'),(255,'http://www.chicagotribune.com/news/local/breaking/ct-chicago-violence-shootings-20170330-story.html',51,'4 dead in restaurant shooting: &apos;It is not OK. It is not OK when we lose a child like this&apos; - Chicago Tribune',0.76798,0.89722,0.23202,'The first call of a person shot dead in the South Shore neighborhood came in shortly after noon Thursday. A woman, four months pregnant, had been found in her home with a gunshot wound to the head, according to Chicago police.Less than four hours later, \nfour men were killed\n when a gunman opened...'),(256,'http://www.chicagotribune.com/news/local/breaking/ct-chicago-violence-shootings-20170330-story.html',51,'4 dead in restaurant shooting: &apos;It is not OK. It is not OK when we lose a child like this&apos; - Chicago Tribune',0.76798,0.89722,0.23202,'The first call of a person shot dead in the South Shore neighborhood came in shortly after noon Thursday. A woman, four months pregnant, had been found in her home with a gunshot wound to the head, according to Chicago police.Less than four hours later, \nfour men were killed\n when a gunman opened...'),(257,'http://www.chicagotribune.com/',51,'Chicago Tribune: Chicago breaking news, sports, business, entertainment, weather and traffic - Chicago Tribune',0.54912,0.70470,0.45088,'Copyright\n            © 2017, \nChicago Tribune'),(258,'http://www.tribpub.com/privacy-policy-and-your-privacy-rights/',52,' Privacy Policy - tronc, Inc. ',0.50018,0.59509,0.49982,'Privacy Policy'),(259,'http://www.chicagotribune.com/',52,'Chicago Tribune: Chicago breaking news, sports, business, entertainment, weather and traffic - Chicago Tribune',0.54912,0.70470,0.45088,'Copyright\n            © 2017, \nChicago Tribune'),(260,'http://www.chicagotribune.com/',53,'Chicago Tribune: Chicago breaking news, sports, business, entertainment, weather and traffic - Chicago Tribune',0.54912,0.70470,0.45088,'Copyright\n            © 2017, \nChicago Tribune'),(261,'http://www.tribpub.com/privacy-policy-and-your-privacy-rights/',54,' Privacy Policy - tronc, Inc. ',0.50018,0.59509,0.49982,'Privacy Policy'),(262,'http://wgnradio.com/2017/03/29/governor-bruce-rauner-whats-with-the-duct-tape/',54,'Governor Bruce Rauner: What’s with the duct tape? | WGN Radio - 720 AM',0.70069,0.68555,0.29931,'The comment in question came on Wednesday\'s \n\"Steve Cochran\" show (hear comment at 6:22 mark)\n as Rauner was criticizing Mendoza and talking about his latest TV ad, which sees him use duct tape as a prop to discuss the lack of long-term fixes in Springfield.'),(263,'http://www.chicagotribune.com/',54,'Chicago Tribune: Chicago breaking news, sports, business, entertainment, weather and traffic - Chicago Tribune',0.54912,0.70470,0.45088,'Copyright\n            © 2017, \nChicago Tribune'),(265,'http://www.nbcnews.com/news/us-news/ivanka-trump-jared-kushner-rising-powers-white-house-n739126',56,'Ivanka Trump, Jared Kushner: Rising Powers at the White House - NBC News',0.39465,0.84114,0.60535,'RELATED: \nIvanka, Jared are rising powers at the White House '),(266,'https://www.facebook.com/sharer.php?u=http%3A%2F%2Fwww.nbcnews.com%2Fnightly-news%2Fvideo%2Fit-s-official-ivanka-trump-is-a-federal-employee-909565507564&t=MARCH%2029%3A%20It\'s%20Official%3A%20Ivanka%20Trump%20is%20a%20Federal%20Employee',56,'Facebook',0.47679,0.59509,0.52321,'\n\nFacebook\n\n'),(267,'https://twitter.com/share?text=MARCH%2029%3A%20It\'s%20Official%3A%20Ivanka%20Trump%20is%20a%20Federal%20Employee&url=http%3A%2F%2Fwww.nbcnews.com%2Fnightly-news%2Fvideo%2Fit-s-official-ivanka-trump-is-a-federal-employee-909565507564&via=nbcnews',56,'Share a link on Twitter',0.48702,0.59509,0.51298,'\n\nTwitter\n\n'),(268,'http://www.nbcnews.com/news/us-news/u-s-restricts-laptops-ipads-carry-bags-10-airports-n736181',57,'U.S. Restricts Laptops, iPads in Carry-On Bags From 10 Airports - NBC News',0.64744,0.86994,0.35256,' Intelligence officials say \nthe restrictions imposed earlier this month\n were based in part on analyzing past attacks and developing an idea of current terrorist capabilities. The analysis also suggests that terror groups have gotten their hands on airport security screening devices in order to probe their weaknesses, officials told NBC News. '),(269,'http://www.nbcnews.com/dateline/video/what-s-behind-the-ban-on-electronic-devices-on-some-overseas-flights-902774339917',57,'What’s behind the ban on electronic devices on some overseas flights? - NBC News',0.68723,0.90815,0.31277,' For the past week, passengers on flights from \n10 airports in the Middle East and North Africa\n to the U.S. have been forbidden to carry onboard any electronic devices larger than a cell phone. '),(270,'http://www.nbcnews.com/news/us-news/u-s-restricts-laptops-ipads-carry-bags-10-airports-n736181',57,'U.S. Restricts Laptops, iPads in Carry-On Bags From 10 Airports - NBC News',0.37510,0.81175,0.62490,'Related: \nU.S. Restricts Laptops, iPads in Carry-On Bags from 10 Airports'),(271,'http://www.nbcnews.com/dateline/video/what-s-behind-the-ban-on-electronic-devices-on-some-overseas-flights-902774339917',57,'What’s behind the ban on electronic devices on some overseas flights? - NBC News',0.46791,0.48600,0.53209,'Related: \nWhat\'s Behind the Ban On Electronics on Some Overseas Flights?'),(272,'https://www.facebook.com/sharer.php?u=http%3A%2F%2Fwww.nbcnews.com%2Fnightly-news%2Fvideo%2Fu-s-officials-terrorists-may-conceal-bombs-in-laptops-911501379585&t=U.S.%20Officials%3A%20Terrorists%20May%20Conceal%20Bombs%20in%20Laptops',57,'Facebook',0.47679,0.59509,0.52321,'\n\nFacebook\n\n'),(273,'https://twitter.com/share?text=U.S.%20Officials%3A%20Terrorists%20May%20Conceal%20Bombs%20in%20Laptops&url=http%3A%2F%2Fwww.nbcnews.com%2Fnightly-news%2Fvideo%2Fu-s-officials-terrorists-may-conceal-bombs-in-laptops-911501379585&via=nbcnews',57,'Share a link on Twitter',0.48702,0.59509,0.51298,'\n\nTwitter\n\n'),(274,'http://www.nbcnews.com/news/us-news/12-dead-after-church-van-full-seniors-pickup-truck-crash-n740351',58,'13 Dead After Pickup Truck Veers Into Church Van Full of Seniors in Texas - NBC News',0.55846,0.90490,0.44154,' Less than 20 minutes later, a driver later identified as Jack Dillon Young, 20, veered over the center divider and \nplowed into a church bus\n, according to accounts by Texas authorities. Only Young and one of the 14 people riding in the bus survived. The crash is still under investigation. '),(275,'http://www.chron.com/news/local/article/Witness-driver-who-hit-church-bus-was-texting-11041354.php',58,'Witness: Driver who hit church bus said he was texting - Houston Chronicle',0.64384,0.86541,0.35616,' Young was still trapped in the cab of his Dodge pickup when he reportedly told a witness that he had been on his phone, texting, at the time of the crash, \nthe Houston Chronicle reported Friday\n. A federal investigator Friday did not confirm whether texting played a role. '),(276,'https://www.facebook.com/sharer.php?u=http%3A%2F%2Fwww.nbcnews.com%2Fnightly-news%2Fvideo%2F13-seniors-dead-after-truck-slams-into-church-van-910557251791&t=MARCH%2030%3A%2013%20Seniors%20Dead%20After%20Truck%20Slams%20Into%20Church%20Van',58,'Facebook',0.47679,0.59509,0.52321,'\n\nFacebook\n\n'),(277,'https://twitter.com/share?text=MARCH%2030%3A%2013%20Seniors%20Dead%20After%20Truck%20Slams%20Into%20Church%20Van&url=http%3A%2F%2Fwww.nbcnews.com%2Fnightly-news%2Fvideo%2F13-seniors-dead-after-truck-slams-into-church-van-910557251791&via=nbcnews',58,'Share a link on Twitter',0.48702,0.59509,0.51298,'\n\nTwitter\n\n'),(278,'https://media4.s-nbcnews.com/j/newscms/2017_13/1948871/170329-texas-church-van-crash-1141p_229345b769ec6a76e3aed014773efbad.nbcnews-ux-2880-1000.jpg',58,'couldn\'t fetch title',0.63744,0.82487,0.36256,'\n\n\n\n\n\n\n\n\n\n\n\n\n\nAuthorities investigate after a deadly crash involving a van carrying church members and a pickup truck on U.S. 83 outside Garner State Park in northern Uvalde County, Texas on March 29, 2017. \n \nPete Luna / The San Antonio Express-News via AP\n\n\n\n'),(279,'http://www.nbcnews.com/news/us-news/judge-why-giuliani-defending-alleged-iranian-money-launderer-n739811',59,'Judge: Why Is Giuliani Defending Alleged Iranian Money Launderer? - NBC News',0.25811,0.97289,0.74189,' Giuliani, now President Trump\'s cyber czar, and Mukasey are part of the defense team for Reza Zarrab, a \nTurkish-Iranian gold trader charged\n in federal court with helping the Iranian government avoid sanctions and launder hundreds of millions. '),(280,'http://www.nbcnews.com/card/giuliani-help-defend-accused-iran-money-launderer-n739181',59,'Giuliani to Help Defend Accused Iran Money Launderer - NBC News',0.41531,0.75434,0.58469,'Related: \nGiuliani To Help Defend Accused Iran Money Launderer'),(281,'http://www.nbcnews.com/card/giuliani-help-defend-accused-iran-money-launderer-n739181',59,'Giuliani to Help Defend Accused Iran Money Launderer - NBC News',0.65554,0.67413,0.34446,'Related: \nJudge: Why Is Giuliani Defending Alleged Iranian Money Launderer?'),(282,'https://media3.s-nbcnews.com/j/newscms/2016_39/1725671/afp_gi4r5_55c1a1da7d7242c4a61889dd4ffb27b1.nbcnews-ux-2880-1000.jpg',59,'couldn\'t fetch title',0.42834,0.84190,0.57166,'\n\n\n\n\n\n\n\n\n\n\n\n\n\nFormer Mayor of New York City Rudy Giuliani.\n \nJEWEL SAMAD / AFP - Getty Images\n\n\n\n'),(283,'https://www.facebook.com/sharer.php?u=http%3A%2F%2Fwww.nbcnews.com%2Fvideo%2Fgiuliani-responds-to-reports-of-trump-not-pursuing-clinton-investigation-815259203831&t=Giuliani%20Responds%20to%20Reports%20of%20Trump%20Not%20Pursuing%20Clinton%20Investigation',59,'Facebook',0.47679,0.59509,0.52321,'\n\nFacebook\n\n'),(284,'https://twitter.com/share?text=Giuliani%20Responds%20to%20Reports%20of%20Trump%20Not%20Pursuing%20Clinton%20Investigation&url=http%3A%2F%2Fwww.nbcnews.com%2Fvideo%2Fgiuliani-responds-to-reports-of-trump-not-pursuing-clinton-investigation-815259203831&via=nbcnews',59,'Share a link on Twitter',0.48702,0.59509,0.51298,'\n\nTwitter\n\n'),(285,'http://www.nbcnews.com/news/us-news/atlanta-bridge-collapse-it-will-take-months-rebuild-officials-say-n741251',60,'Atlanta Bridge Collapse: It Will Take Months to Rebuild, Officials Say - NBC News',0.68804,0.99783,0.31196,' Authorities believe the three are homeless and were at the scene when the fire\n broke out Thursday\n, according to Glenn Allen, a spokesman for Georgia\'s Office of Insurance and Safety Fire Commissioner. '),(286,'http://www.11alive.com/traffic/i-85-collapse/3-arrested-in-connection-to-i-85-fire-collapse/427369010',60,'Suspects connected to I-85 fire, collapse identified | 11alive.com',0.57195,0.80999,0.42805,' Two of them — Sophia Bruner and Barry Thomas — were charged with criminal trespass, while a third — Basil Eleby — was charged with criminal damage to property, Allen said. Allen \ntold NBC station WXIA\n in Atlanta Eleby is believed to have started the fire. Atlanta Fire Rescue said more charges could be added as the investigation progresses. '),(287,'https://www.facebook.com/sharer.php?u=http%3A%2F%2Fwww.nbcnews.com%2Fnightly-news%2Fvideo%2Fstate-of-emergency-after-atlanta-bridge-collapse-911502403771&t=State%20of%20Emergency%20After%20Atlanta%20Bridge%20Collapse',60,'Facebook',0.47679,0.59509,0.52321,'\n\nFacebook\n\n'),(288,'https://twitter.com/share?text=State%20of%20Emergency%20After%20Atlanta%20Bridge%20Collapse&url=http%3A%2F%2Fwww.nbcnews.com%2Fnightly-news%2Fvideo%2Fstate-of-emergency-after-atlanta-bridge-collapse-911502403771&via=nbcnews',60,'Share a link on Twitter',0.48702,0.59509,0.51298,'\n\nTwitter\n\n'),(289,'https://media1.s-nbcnews.com/j/newscms/2017_13/1950441/twip-170331-19_9e576fe27ac3b83e58c5a61e7f3f4288.nbcnews-ux-2880-1000.jpg',60,'couldn\'t fetch title',0.68145,0.68976,0.31855,'\n\n\n\n\n\n\n\n\n\n\n\n\n\nA firefighter surveys the section of an overpass that collapsed from a large fire on Interstate 85 in Atlanta on March 30, 2017.\n \nDavid Goldman / AP\n\n\n\n'),(333,'http://www.linkedin.com/shareArticle?url=http%3A//usat.ly/2nIkssl&mini=true',63,'Sign In to LinkedIn\n ',0.47918,0.25790,0.52082,'\n            \n                12910\n            \n        \nCONNECT\nTWEET\n\n            \n                7\n            \n        \nLINKEDIN\n\n                \n                    49\n                \n            \nCOMMENT\nEMAIL\nMORE'),(334,'http://www.usatoday.com/story/news/nation-now/2017/03/31/interstate-85-collapse-atlanta/99861524/',63,'I-85 bridge collapse in Atlanta effectively \'puts a cork in the bottle\' for traffic',0.54657,0.28969,0.45343,'Rebuilding I-85 bridge will \'take at least several months\''),(335,'http://www.usatoday.com/story/news/nation-now/2017/03/31/what-we-know--85-collapse-atlanta-and-how-detour-around-damages/99862628/',63,'I-85 bridge collapse in Atlanta: One day later, we still don\'t know what caused the fire',0.65192,0.38257,0.34808,'One day later, we still don\'t know what caused Atlanta\'s I-85 bridge fire'),(336,'http://www.usatoday.com/story/sports/mlb/2017/03/31/atlanta-bridge-i-85-braves-suntrust-park/99861688/',63,'Atlanta\'s I-85 bridge collapse and traffic complicate Braves\' SunTrust Park debut',0.51898,0.54861,0.48102,'Atlanta bridge collapse, traffic complicate Braves\' SunTrust Park debut'),(337,'http://www.linkedin.com/shareArticle?url=http://www.usatoday.com/picture-gallery/news/nation/2017/03/30/massive-fire-in-atlanta-causes-a-section-of-i-85-to-collapse/99853226/&mini=true',63,'Sign Up | LinkedIn',0.50955,0.59509,0.49045,'LinkedIn'),(338,'http://http://www.usatoday.com/story/news/2017/02/15/deficient-bridges/97890324/',63,'couldn\'t fetch title',0.39993,0.87360,0.60007,'Despite the good condition of the Atlanta bridge, nearly 56,000 bridges nationwide including 13,000 interstate bridges are structurally deficient,\n according to an analysis\n of federal inspections by the American Road and Transportation Builders Association. Vehicles cross the deficient bridges 185 million times daily, according to the group.'),(339,'http://www.linkedin.com/shareArticle?url=http%3A//usat.ly/2nIkssl&mini=true',63,'Sign Up | LinkedIn',0.47918,0.25790,0.52082,'\n            \n                12910\n            \n        \nCONNECT\nTWEET\n\n            \n                7\n            \n        \nLINKEDIN\n\n                \n                    49\n                \n            \nCOMMENT\nEMAIL\nMORE'),(340,'https://twitter.com/intent/tweet?url=http%3A//usat.ly/2nIkssl&text=Atlanta%20bridge%20collapse%20shows%20how%20fire%20defeats%20concrete%2C%20steel&via=usatoday',63,'Share a link on Twitter',0.47918,0.25790,0.52082,'\n            \n                12910\n            \n        \nCONNECT\nTWEET\n\n            \n                7\n            \n        \nLINKEDIN\n\n                \n                    49\n                \n            \nCOMMENT\nEMAIL\nMORE'),(341,'https://twitter.com/intent/tweet?url=http://www.usatoday.com/picture-gallery/news/nation/2017/03/30/massive-fire-in-atlanta-causes-a-section-of-i-85-to-collapse/99853226/&text=Atlanta%20bridge%20collapse%20shows%20how%20fire%20defeats%20concrete,%20steel&via=usatoday',63,'Share a link on Twitter',0.48702,0.59509,0.51298,'Twitter'),(342,'https://twitter.com/intent/tweet?url=http://www.usatoday.com/picture-gallery/news/nation/2017/03/30/massive-fire-in-atlanta-causes-a-section-of-i-85-to-collapse/99853226/&text=Atlanta%20bridge%20collapse%20shows%20how%20fire%20defeats%20concrete,%20steel&via=usatoday',63,'Share a link on Twitter',0.48702,0.59509,0.51298,'Twitter'),(343,'https://twitter.com/hashtag/Planahead?src=hash',63,'#Planahead hashtag on Twitter',0.45874,0.78898,0.54126,'Updated Detour visual: Piedmont Road from Cheshire Bridge Road to Sidney Marcus Blvd. \n#Planahead\n#MetroATL\n@511Georgia\npic.twitter.com/8WuLm1XOK5'),(344,'https://twitter.com/hashtag/MetroATL?src=hash',63,'#MetroATL hashtag on Twitter',0.45874,0.78898,0.54126,'Updated Detour visual: Piedmont Road from Cheshire Bridge Road to Sidney Marcus Blvd. \n#Planahead\n#MetroATL\n@511Georgia\npic.twitter.com/8WuLm1XOK5'),(345,'https://twitter.com/511Georgia',63,'NaviGAtor511 (@511Georgia) | Twitter',0.45874,0.78898,0.54126,'Updated Detour visual: Piedmont Road from Cheshire Bridge Road to Sidney Marcus Blvd. \n#Planahead\n#MetroATL\n@511Georgia\npic.twitter.com/8WuLm1XOK5'),(346,'https://t.co/8WuLm1XOK5',63,'Georgia DOT on Twitter: \"Updated Detour visual: Piedmont Road from Cheshire Bridge Road to Sidney Marcus Blvd. #Planahead #MetroATL @511Georgia https://t.co/8WuLm1XOK5\"',0.45874,0.78898,0.54126,'Updated Detour visual: Piedmont Road from Cheshire Bridge Road to Sidney Marcus Blvd. \n#Planahead\n#MetroATL\n@511Georgia\npic.twitter.com/8WuLm1XOK5'),(347,'https://twitter.com/GADeptofTrans/status/847791724655251456',63,'Georgia DOT on Twitter: \"Updated Detour visual: Piedmont Road from Cheshire Bridge Road to Sidney Marcus Blvd. #Planahead #MetroATL @511Georgia https://t.co/8WuLm1XOK5\"',0.48010,0.84421,0.51990,'Updated Detour visual: Piedmont Road from Cheshire Bridge Road to Sidney Marcus Blvd. \n#Planahead\n#MetroATL\n@511Georgia\npic.twitter.com/8WuLm1XOK5\n— Georgia DOT (@GADeptofTrans) \nMarch 31, 2017'),(348,'https://twitter.com/KasimReed/status/847600814461902848',63,'Kasim Reed on Twitter: \"UPDATE on bridge collapse on I-85: The fire has been extinguished. There is no confirmed loss of life at this time. (1/2)\"',0.70583,0.16571,0.29417,'UPDATE on bridge collapse on I-85: The fire has been extinguished. There is no confirmed loss of life at this time. (1/2)\n— Kasim Reed (@KasimReed) \nMarch 31, 2017'),(349,'https://twitter.com/intent/tweet?url=http%3A//usat.ly/2nIkssl&text=Atlanta%20bridge%20collapse%20shows%20how%20fire%20defeats%20concrete%2C%20steel&via=usatoday',63,'Share a link on Twitter',0.47918,0.25790,0.52082,'\n            \n                12910\n            \n        \nCONNECT\nTWEET\n\n            \n                7\n            \n        \nLINKEDIN\n\n                \n                    49\n                \n            \nCOMMENT\nEMAIL\nMORE'),(350,'http://www.linkedin.com/shareArticle?url=http%3A//usat.ly/2nIYxBb&mini=true',64,'Sign Up | LinkedIn',0.46739,0.26795,0.53261,'\n            \n                11833\n            \n        \nCONNECT\nTWEET\nLINKEDIN\n\n                \n                    72\n                \n            \nCOMMENT\nEMAIL\nMORE'),(351,'http://www.usatoday.com/story/news/politics/2017/03/31/trump-flynn-should-get-immunity-possible-prosecution-if-he-talks/99860564/',64,'Trump: Michael Flynn should get immunity from possible prosecution if he talks',0.59947,0.77560,0.40053,'Gen. Michael Flynn\'s immunity request gets no takers — yet'),(352,'http://www.usatoday.com/story/news/2017/03/30/flynn-lawyer-client-wants-assurances-against-witch-hunt-prosecution/99850144/',64,'Michael Flynn\'s lawyer: Client wants assurances against \'witch-hunt\' prosecution',0.47124,0.92424,0.52876,'Flynn lawyer: Client wants assurances against \'witch-hunt\' prosecution'),(353,'http://www.linkedin.com/shareArticle?url=http%3A//usat.ly/2nIYxBb&mini=true',64,'Sign Up | LinkedIn',0.46739,0.26795,0.53261,'\n            \n                11833\n            \n        \nCONNECT\nTWEET\nLINKEDIN\n\n                \n                    72\n                \n            \nCOMMENT\nEMAIL\nMORE'),(354,'https://twitter.com/intent/tweet?url=http%3A//usat.ly/2nIYxBb&text=Flynn%27s%20immunity%20request%20exposes%20possible%20legal%20vulnerability%20%20%20&via=usatoday',64,'Share a link on Twitter',0.46739,0.26795,0.53261,'\n            \n                11833\n            \n        \nCONNECT\nTWEET\nLINKEDIN\n\n                \n                    72\n                \n            \nCOMMENT\nEMAIL\nMORE'),(355,'https://twitter.com/realDonaldTrump/status/847766558520856578',64,'Donald J. Trump on Twitter: \"Mike Flynn should ask for immunity in that this is a witch hunt (excuse for big election loss), by media & Dems, of historic proportion!\"',0.53051,0.47921,0.46949,'Mike Flynn should ask for immunity in that this is a witch hunt (excuse for big election loss), by media & Dems, of historic proportion!\n— Donald J. Trump (@realDonaldTrump) \nMarch 31, 2017'),(356,'https://twitter.com/intent/tweet?url=http%3A//usat.ly/2nIYxBb&text=Flynn%27s%20immunity%20request%20exposes%20possible%20legal%20vulnerability%20%20%20&via=usatoday',64,'Share a link on Twitter',0.46739,0.26795,0.53261,'\n            \n                11833\n            \n        \nCONNECT\nTWEET\nLINKEDIN\n\n                \n                    72\n                \n            \nCOMMENT\nEMAIL\nMORE'),(417,'https://www.theguardian.com/world/2017/mar/30/paraguay-reelection-amend-constitution-horacio-cartes',70,'Paraguay fears dictatorship as president moves to amend constitution | World news | The Guardian',0.46612,0.93457,0.53388,'Protesters stormed and set fire to Paraguay’s Congress on Friday after the \nsenate secretly voted for a constitutional amendment that would allow President Horacio Cartes to run for re-election\n. '),(418,'https://www.theguardian.com/world/2017/mar/30/paraguay-reelection-amend-constitution-horacio-cartes',70,'Paraguay fears dictatorship as president moves to amend constitution | World news | The Guardian',0.35596,0.59402,0.64404,'\n\n\n\nParaguay fears dictatorship as president moves to amend constitution\n\n\n\n\n\n\n\n\n\n\n\n\n\n\n \n\n\n\n\n\nRead more\n\n\n\n\n\n\n'),(419,'https://www.theguardian.com/world/paraguay',70,'Paraguay | World news | The Guardian',0.36705,0.88419,0.63295,'While \nParaguay\n long suffered from political uncertainty, the soy and beef-exporting nation has been attracting investment in agriculture and manufacturing sectors in recent years as Cartes offered tax breaks to foreign investors.'),(420,'http://abcnews.go.com/topics/news/us/devin-nunes.htm',71,'Devin Nunes Videos at ABC News Video Archive at abcnews.com',0.43394,0.38029,0.56606,'\nAt least two White House officials played a role in surfacing the classified documents that were viewed by House Intelligence Committee Chairman \nDevin Nunes\n, ABC News has confirmed.\n'),(421,'http://abcnews.go.com/topics/news/donald-trump.htm',71,'Donald Trump Latest News and Videos',0.28698,0.99923,0.71302,'\nA day after having a meeting with a source on White House grounds, Nunes briefed \nPresident Trump\n on his concerns and held a press conference in which he indicated that members of the Trump transition team, and possibly the president, were incidentally surveilled.\n'),(422,'http://abcnews.go.com/Politics/house-senate-russia-probes-headed-paths/story?id=46454962',71,'How the House, Senate Russia probes are headed down different paths - ABC News',0.42107,0.82156,0.57893,'How the House, Senate Russia probes are headed down different paths'),(423,'http://abcnews.go.com/Politics/video/sean-spicer-addresses-reports-white-house-staffers-leaking-46474924',71,'Sean Spicer addresses reports of White House staffers leaking documents to House Intelligence Committee head Video - ABC News',0.36787,0.82647,0.63213,'Spicer addresses reports of White House staffers leaking documents'),(424,'http://abcnews.go.com/topics/news/us/national-security.htm',71,'National Security Videos at ABC News Video Archive at abcnews.com',0.40830,0.78332,0.59170,'\nTwo U.S. officials say senior \nNational Security\n Council staffer Ezra Cohen-Watnick and NSC lawyer Michael Ellis were both involved in the matter. According to one official familiar with the situation, Cohen-Watnick discovered the documents during the course of a separate intelligence review of unmasking procedures, a process by which names that are normally concealed in the course of surveillance are revealed to the intelligence community when they are believed to be critical to understanding the value of intelligence.\n'),(425,'http://abcnews.go.com/topics/news/issues/rapid-transit.htm',73,'Rapid Transit Videos at ABC News Video Archive at abcnews.com',0.47641,0.68992,0.52359,'\nKeith Parker, CEO of the Metropolitan Atlanta \nRapid Transit\n Authority, or MARTA, said there was a 25 percent surge in ridership and a nearly 80 percent increase in sales Friday morning.'),(426,'http://abcnews.go.com/topics/news/us/gov-nathan-deal.htm',73,'Gov Nathan Deal Videos at ABC News Video Archive at abcnews.com',0.64987,0.66651,0.35013,'\nA U.S. Department of Transportation news release says Secretary Elaine Chao spoke to Georgia Gov. \nNathan Deal\n on Friday and let him know about the money. The overpass collapsed during the Thursday afternoon rush hour after a massive fire broke out beneath the interstate in an area used to store construction materials.'),(427,'http://abcnews.go.com/topics/news/bridge-collapse.htm',73,'Bridge Collapse Videos at ABC News Video Archive at abcnews.com',0.40775,0.83257,0.59225,'\nThe interstate, which carries 250,000 cars a day, is a major thoroughfare for traffic heading north and south through Atlanta. Georgia State Patrol Commissioner Mark McDonough says the \nbridge collapse\n effectively \"puts a cork in the bottle.\"'),(428,'http://abcnews.go.com/topics/news/georgia.htm',74,'Georgia Videos at ABC News Video Archive at abcnews.com',0.56982,0.16009,0.43018,'\nExperts in structural engineering said fires on highways and bridges rarely burn long enough or hot enough to cause a complete collapse — but it has happened. Intense heat can compromise even steel-reinforced concrete, said Lauren Stewart, director of the Structural Engineering and Materials Laboratory at \nGeorgia\n Tech in Atlanta.'),(429,'http://abcnews.go.com/topics/news/issues/rapid-transit.htm',74,'Rapid Transit Videos at ABC News Video Archive at abcnews.com',0.54167,0.88020,0.45833,'\nThe highway collapse in Atlanta forced commuters Friday to find different routes to work or to use \nmass transit\n. Things won\'t be back to normal for months, said Russell McMurry, commissioner of the Georgia Department of Transportation.'),(430,'http://abcnews.go.com/topics/entertainment/music/santana.htm',74,'Santana Videos at ABC News Video Archive at abcnews.com',0.59906,0.78337,0.40094,'\nAP writers Alex Sanz in Atlanta; Russ Bynum in Savannah, Georgia; and Kevin McGill and Rebecca \nSantana\n in New Orleans contributed to this report.'),(434,'http://kff.org/global-health-policy/fact-sheet/mexico-city-policy-explainer/',76,'The Mexico City Policy: An Explainer | The Henry J. Kaiser Family Foundation',0.19949,0.67511,0.80051,'Notice the common thread there: “revoke.” In exercising his presidential power, Trump also revealed its weakness: Anything Trump does today can be undone (or perhaps redone) by his successor. Just look at the so-called \nMexico City policy\n, which bars U.S. funding for international groups that provide abortions; for more than 30 years, it has been revoked (by Democrats) and re-imposed (by Republicans) every time the White House has switched parties.'),(435,'http://thehill.com/policy/transportation/326046-report-trump-wants-to-move-tax-reform-infrastructure-together',76,'Report: Trump wants to move tax reform, infrastructure together | TheHill',0.69342,0.87168,0.30658,'Trump could still match those achievements. He has indicated that he plans to move on to tax reform next, possibly while \nsimultaneously pursuing\n a big infrastructure bill, and there is even talk of reviving the health care bill (more on that in a bit). But time isn’t on his side: As Julia Azari \nwrote for FiveThirtyEight\n earlier this year, enacting major policies gets harder after a president’s first 100 days in office. This much is clear: If Trump wants to ensure that his policies outlive his presidency, he will need legislation, not just executive orders, to do it.'),(436,'http://www.vox.com/energy-and-environment/2017/3/27/14922516/trump-executive-order-climate',76,'couldn\'t fetch title',0.40822,0.78861,0.59178,'To back up: The centerpiece of Trump’s order is an effort to revoke a \nmuch-litigated series of Obama\n-administration rules known collectively as the Clean Power Plan. That plan, which would have sharply restricted emissions from power plants, was a response to a 2007 Supreme Court ruling that found that \ngreenhouse gases count as a potential air pollutant\n under the Clean Air Act. The ruling paved the way for the Environmental Protection Agency to declare in 2009 that greenhouse gases are a legitimate threat to human health. This “endangerment finding” means the EPA not only has the right to regulate greenhouse gases — \nit’s actually required to\n.'),(437,'http://www.nytimes.com/2012/06/27/science/earth/epa-emissions-rules-backed-by-court.html',76,'E.P.A. Emissions Rules Backed by Court - The New York Times',0.40822,0.78861,0.59178,'To back up: The centerpiece of Trump’s order is an effort to revoke a \nmuch-litigated series of Obama\n-administration rules known collectively as the Clean Power Plan. That plan, which would have sharply restricted emissions from power plants, was a response to a 2007 Supreme Court ruling that found that \ngreenhouse gases count as a potential air pollutant\n under the Clean Air Act. The ruling paved the way for the Environmental Protection Agency to declare in 2009 that greenhouse gases are a legitimate threat to human health. This “endangerment finding” means the EPA not only has the right to regulate greenhouse gases — \nit’s actually required to\n.'),(438,'http://time.com/4717770/trump-climate-coal-lawsuit-order/',76,'Trump Climate Order: Environmental Groups File Lawsuit | Time.com',0.57472,0.56573,0.42528,'Of course, cars and trucks are \nnot\n the only contributors to greenhouse gas emissions. They’re not even the biggest one. Transportation accounts for \n34 percent of U.S. greenhouse gas emissions\n, according to data from the Energy Information Administration. Power plants account for 38 percent, with most of that coming from burning coal. All of this means that favoring coal could end up providing a way to challenge Trump’s executive order in court, which environmental groups are \nalready doing\n. It is, after all, pretty easy to show that coal-fired power plants are as big a contributor to the country’s overall greenhouse gas emissions budget as gasoline-powered cars are. If the government is required to regulate one, you could easily argue that it ought to be required to regulate the other.'),(439,'http://www.vox.com/the-big-idea/2017/3/29/15107836/lawsuit-aha-payments-reimbursement-unconstitutional',76,'couldn\'t fetch title',0.69924,0.89136,0.30076,'After declaring last week that \nhealth care reform was all but dead\n, a handful of Republicans have begun hinting that there might be some life in it yet. “We’re approaching the Easter season,” Oregon Rep. \nGreg Walden told Bloomberg\n. “Some things rise from the dead.” Meanwhile, Health and Human Services Secretary Tom Price testified this week that, repeal or no repeal, he plans to \ndo his part to unravel Obamacare\n, though he has sent some mixed signals on that front: Insurers want tighter restrictions on when people can enroll, which HHS \nis in the process of granting\n. But the department has said little about how it will handle \na Republican-led lawsuit\n that, if successful, could leave insurers running for the exits.'),(440,'http://kff.org/health-reform/issue-brief/assessing-aca-marketplace-enrollment/',76,'Assessing ACA Marketplace Enrollment | The Henry J. Kaiser Family Foundation',0.52217,0.83780,0.47783,'That made deciding how much to charge enrollees a bit of a crapshoot when the Affordable Care Act first passed. Insurers’ \npredictions of who would enroll\n and \nhow much they would cost\n turned out to be overly optimistic during the first three years of the marketplace, leading to \na large jump in premium prices\n in 2017 (when in doubt, charge more). Today, insurers know a lot more about what to expect from enrollees and a lot less about what to expect from the federal government that regulates their industry. But as far as insurers are concerned, uncertainty is uncertainty.'),(441,'http://healthcare.mckinsey.com/2014-individual-market-post-3r-financial-performance',76,'2014 individual market post-3R financial performance | McKinsey on Healthcare',0.52217,0.83780,0.47783,'That made deciding how much to charge enrollees a bit of a crapshoot when the Affordable Care Act first passed. Insurers’ \npredictions of who would enroll\n and \nhow much they would cost\n turned out to be overly optimistic during the first three years of the marketplace, leading to \na large jump in premium prices\n in 2017 (when in doubt, charge more). Today, insurers know a lot more about what to expect from enrollees and a lot less about what to expect from the federal government that regulates their industry. But as far as insurers are concerned, uncertainty is uncertainty.'),(442,'http://www.npr.org/2017/02/28/517523714/what-we-know-about-the-trump-house-gop-tax-plans-so-far',76,'Income Tax Cuts, Border Adjustment Tax: What We Know About Trump, House GOP Tax Plans So Far : NPR',0.80476,0.48540,0.19524,'When Treasury Secretary Steve Mnuchin \nrecently suggested\n that reforming the tax code will be “a lot simpler” than fixing health care, the tax policy world let out a collective guffaw. After all, there’s a reason it has been \nmore than three decades\n since the last major overhaul of the U.S. tax code, despite near-universal agreement that the existing system is broken. The problem is that every deduction, credit and loophole has a built-in constituency that will fight any attempt at repeal; \nlarger changes\n of the kind Republicans \nsay they want\n will encounter even more entrenched opposition.'),(443,'http://www.usatoday.com/story/money/2016/11/30/mnuchin-outlines-largest-tax-change-since-reagan/94667050/',76,'Mnuchin outlines \'largest tax change since Reagan\'',0.80476,0.48540,0.19524,'When Treasury Secretary Steve Mnuchin \nrecently suggested\n that reforming the tax code will be “a lot simpler” than fixing health care, the tax policy world let out a collective guffaw. After all, there’s a reason it has been \nmore than three decades\n since the last major overhaul of the U.S. tax code, despite near-universal agreement that the existing system is broken. The problem is that every deduction, credit and loophole has a built-in constituency that will fight any attempt at repeal; \nlarger changes\n of the kind Republicans \nsay they want\n will encounter even more entrenched opposition.'),(444,'http://www.politico.com/story/2017/03/obamacare-tax-cut-repeal-235752',76,'Republicans\' Obamacare repeal plan would cut taxes on the wealthy - POLITICO',0.62437,0.84964,0.37563,'Now, with the health care bill (probably) dead, Republicans will have to find another way to cover the cost of repealing the ACA taxes, either by cutting spending (hard) or raising taxes on someone else (possibly even harder, especially because the Obamacare taxes fell \nmostly on the rich\n). Of course, there is also another option: \nnot repealing the Obamacare taxes\n. It’s unclear how open Republican leaders are to that option, however. Rep. Kevin Brady, chairman of the House’s tax-writing Ways and Means Committee, recently \ntold reporters\n that the health care taxes would stay in place until the ACA is repealed. House Speaker Paul Ryan \nsuggested the same thing\n last week. But Senate Finance Committee Chairman Orrin Hatch this week \nsaid\n he still hopes to repeal the taxes as part of the larger tax overhaul. So much for simple, Secretary Mnuchin.'),(445,'http://www.crfb.org/blogs/crfb-explainer-tax-reform-harder-now',76,'CRFB Explainer: Is Tax Reform Harder Now? | Committee for a Responsible Federal Budget',0.62437,0.84964,0.37563,'Now, with the health care bill (probably) dead, Republicans will have to find another way to cover the cost of repealing the ACA taxes, either by cutting spending (hard) or raising taxes on someone else (possibly even harder, especially because the Obamacare taxes fell \nmostly on the rich\n). Of course, there is also another option: \nnot repealing the Obamacare taxes\n. It’s unclear how open Republican leaders are to that option, however. Rep. Kevin Brady, chairman of the House’s tax-writing Ways and Means Committee, recently \ntold reporters\n that the health care taxes would stay in place until the ACA is repealed. House Speaker Paul Ryan \nsuggested the same thing\n last week. But Senate Finance Committee Chairman Orrin Hatch this week \nsaid\n he still hopes to repeal the taxes as part of the larger tax overhaul. So much for simple, Secretary Mnuchin.'),(446,'http://www.rawstory.com/2017/03/house-tax-chief-says-obamacare-taxes-not-part-of-tax-reform/',76,'403 Forbidden',0.62437,0.84964,0.37563,'Now, with the health care bill (probably) dead, Republicans will have to find another way to cover the cost of repealing the ACA taxes, either by cutting spending (hard) or raising taxes on someone else (possibly even harder, especially because the Obamacare taxes fell \nmostly on the rich\n). Of course, there is also another option: \nnot repealing the Obamacare taxes\n. It’s unclear how open Republican leaders are to that option, however. Rep. Kevin Brady, chairman of the House’s tax-writing Ways and Means Committee, recently \ntold reporters\n that the health care taxes would stay in place until the ACA is repealed. House Speaker Paul Ryan \nsuggested the same thing\n last week. But Senate Finance Committee Chairman Orrin Hatch this week \nsaid\n he still hopes to repeal the taxes as part of the larger tax overhaul. So much for simple, Secretary Mnuchin.'),(447,'http://www.cnbc.com/2017/03/24/paul-ryan-after-gop-yanks-obamacare-bill-this-is-a-disappointing-day.html',76,'Paul Ryan says House will \'proceed\' with tax reform despite health-care \'setback\'',0.62437,0.84964,0.37563,'Now, with the health care bill (probably) dead, Republicans will have to find another way to cover the cost of repealing the ACA taxes, either by cutting spending (hard) or raising taxes on someone else (possibly even harder, especially because the Obamacare taxes fell \nmostly on the rich\n). Of course, there is also another option: \nnot repealing the Obamacare taxes\n. It’s unclear how open Republican leaders are to that option, however. Rep. Kevin Brady, chairman of the House’s tax-writing Ways and Means Committee, recently \ntold reporters\n that the health care taxes would stay in place until the ACA is repealed. House Speaker Paul Ryan \nsuggested the same thing\n last week. But Senate Finance Committee Chairman Orrin Hatch this week \nsaid\n he still hopes to repeal the taxes as part of the larger tax overhaul. So much for simple, Secretary Mnuchin.'),(448,'http://www.reuters.com/article/us-usa-tax-obamacare-idUSKBN170353',76,'\n            Senate tax chief sees room for repealing Obamacare levies in tax reform drive\n| Reuters',0.62437,0.84964,0.37563,'Now, with the health care bill (probably) dead, Republicans will have to find another way to cover the cost of repealing the ACA taxes, either by cutting spending (hard) or raising taxes on someone else (possibly even harder, especially because the Obamacare taxes fell \nmostly on the rich\n). Of course, there is also another option: \nnot repealing the Obamacare taxes\n. It’s unclear how open Republican leaders are to that option, however. Rep. Kevin Brady, chairman of the House’s tax-writing Ways and Means Committee, recently \ntold reporters\n that the health care taxes would stay in place until the ACA is repealed. House Speaker Paul Ryan \nsuggested the same thing\n last week. But Senate Finance Committee Chairman Orrin Hatch this week \nsaid\n he still hopes to repeal the taxes as part of the larger tax overhaul. So much for simple, Secretary Mnuchin.'),(449,'https://fivethirtyeight.com/tag/trumpbeat/',76,'TrumpBeat – FiveThirtyEight',0.36727,0.10187,0.63273,'Welcome to \nTrumpBeat\n, FiveThirtyEight’s weekly feature on the latest policy developments in Washington and beyond. '),(450,'https://fivethirtyeight.com/newsletter/',76,'Newsletter | FiveThirtyEight',0.42073,0.64626,0.57927,'Want to get TrumpBeat in your inbox each week? Sign up for our \nnewsletter\n. Comments, criticism or suggestions for future columns? '),(451,'https://fivethirtyeight.com/features/how-trump-lost-on-health-care/',76,'How Trump Lost On Health Care | FiveThirtyEight',0.42583,0.92758,0.57417,'President Trump’s first foray into legislating \ndid not go well\n. So following the failure of the American Health Care Act, Trump this week returned to the approach that dominated his first six weeks in office: policymaking through executive action. On Monday, Trump signed an \nexecutive order\n revoking rules for federal contractors that had been imposed under his predecessor, Barack Obama. On Tuesday, he signed \nanother order\n rolling back many of Obama’s efforts to combat climate change.'),(452,'https://www.whitehouse.gov/the-press-office/2017/03/27/presidential-executive-order-revocation-federal-contracting-executive',76,'Presidential Executive Order on the Revocation of Federal Contracting Executive Orders | whitehouse.gov',0.42583,0.92758,0.57417,'President Trump’s first foray into legislating \ndid not go well\n. So following the failure of the American Health Care Act, Trump this week returned to the approach that dominated his first six weeks in office: policymaking through executive action. On Monday, Trump signed an \nexecutive order\n revoking rules for federal contractors that had been imposed under his predecessor, Barack Obama. On Tuesday, he signed \nanother order\n rolling back many of Obama’s efforts to combat climate change.'),(453,'https://www.whitehouse.gov/the-press-office/2017/03/28/presidential-executive-order-promoting-energy-independence-and-economi-1',76,'Presidential Executive Order on Promoting Energy Independence and Economic Growth | whitehouse.gov',0.42583,0.92758,0.57417,'President Trump’s first foray into legislating \ndid not go well\n. So following the failure of the American Health Care Act, Trump this week returned to the approach that dominated his first six weeks in office: policymaking through executive action. On Monday, Trump signed an \nexecutive order\n revoking rules for federal contractors that had been imposed under his predecessor, Barack Obama. On Tuesday, he signed \nanother order\n rolling back many of Obama’s efforts to combat climate change.'),(454,'https://fivethirtyeight.com/features/trump-hasnt-rolled-back-obamas-executive-orders-so-far/',76,'Trump Hasn’t Rolled Back Obama’s Executive Orders (So Far) | FiveThirtyEight',0.68474,0.61574,0.31526,'This is not to say executive actions don’t matter. Trump’s orders on immigration, climate change, health care and other issues will have real consequences — good or bad — for millions of Americans. In the case of climate change, in particular, those consequences could long outlast his presidency. But by relying on executive actions to enact key parts of his agenda — including signature issues such as his border wall and travel ban — Trump is leaving his policies \nvulnerable to quick reversal\n by future presidents.'),(455,'https://fivethirtyeight.com/features/a-presidents-first-100-days-really-do-matter/',76,'A President’s First 100 Days Really Do Matter | FiveThirtyEight',0.69342,0.87168,0.30658,'Trump could still match those achievements. He has indicated that he plans to move on to tax reform next, possibly while \nsimultaneously pursuing\n a big infrastructure bill, and there is even talk of reviving the health care bill (more on that in a bit). But time isn’t on his side: As Julia Azari \nwrote for FiveThirtyEight\n earlier this year, enacting major policies gets harder after a president’s first 100 days in office. This much is clear: If Trump wants to ensure that his policies outlive his presidency, he will need legislation, not just executive orders, to do it.'),(456,'https://fivethirtyeight.com/features/trumps-plan-wont-reverse-coals-decline/',76,'Trump’s Plan Won’t Reverse Coal’s Decline | FiveThirtyEight',0.42136,0.83632,0.57864,'Trump’s executive order rolling back Obama’s climate-change policies has gotten lots of attention for seeking to help the struggling coal industry. (Don’t bet on a revival — environmental regulations have hurt the coal industry, but real enemy is \ncheap natural gas\n.) Less noticed, but perhaps just as significant, is how the order favors power plants over the other big source of U.S. carbon emissions: cars and trucks.'),(457,'https://www.c2es.org/federal/executive/epa/epa-endangerment-finding',76,'EPA\'s Endangerment Finding | Center for Climate and Energy Solutions',0.40822,0.78861,0.59178,'To back up: The centerpiece of Trump’s order is an effort to revoke a \nmuch-litigated series of Obama\n-administration rules known collectively as the Clean Power Plan. That plan, which would have sharply restricted emissions from power plants, was a response to a 2007 Supreme Court ruling that found that \ngreenhouse gases count as a potential air pollutant\n under the Clean Air Act. The ruling paved the way for the Environmental Protection Agency to declare in 2009 that greenhouse gases are a legitimate threat to human health. This “endangerment finding” means the EPA not only has the right to regulate greenhouse gases — \nit’s actually required to\n.'),(458,'https://fivethirtyeight.com/features/trumpbeat-return-of-the-facts/',76,'TrumpBeat: Return Of The Facts | FiveThirtyEight',0.66497,0.83979,0.33503,'The Clean Power Plan wasn’t the previous administration’s only response to the finding, however. Obama’s EPA also put in place strict new \nfuel-economy standards\n for cars and trucks. The Trump administration is taking steps to ease those standards, but at the same time it’s using them to its advantage: In a press briefing Monday, a senior White House official told reporters that the Trump administration is choosing to interpret the EPA’s endangerment finding very, very narrowly — \nas though \nonly\n cars and trucks\n contribute to greenhouse gas emissions. Therefore, at least according to the administration, it is under no obligation to restrict emissions from power plants.'),(459,'https://www.whitehouse.gov/the-press-office/2017/03/27/background-briefing-presidents-energy-independence-executive-order',76,'Background Briefing on the President\'s Energy Independence Executive Order | whitehouse.gov',0.66497,0.83979,0.33503,'The Clean Power Plan wasn’t the previous administration’s only response to the finding, however. Obama’s EPA also put in place strict new \nfuel-economy standards\n for cars and trucks. The Trump administration is taking steps to ease those standards, but at the same time it’s using them to its advantage: In a press briefing Monday, a senior White House official told reporters that the Trump administration is choosing to interpret the EPA’s endangerment finding very, very narrowly — \nas though \nonly\n cars and trucks\n contribute to greenhouse gas emissions. Therefore, at least according to the administration, it is under no obligation to restrict emissions from power plants.'),(460,'https://flowcharts.llnl.gov/content/assets/images/charts/Carbon/Carbon_2014_United-States.png',76,'couldn\'t fetch title',0.57472,0.56573,0.42528,'Of course, cars and trucks are \nnot\n the only contributors to greenhouse gas emissions. They’re not even the biggest one. Transportation accounts for \n34 percent of U.S. greenhouse gas emissions\n, according to data from the Energy Information Administration. Power plants account for 38 percent, with most of that coming from burning coal. All of this means that favoring coal could end up providing a way to challenge Trump’s executive order in court, which environmental groups are \nalready doing\n. It is, after all, pretty easy to show that coal-fired power plants are as big a contributor to the country’s overall greenhouse gas emissions budget as gasoline-powered cars are. If the government is required to regulate one, you could easily argue that it ought to be required to regulate the other.'),(461,'https://fivethirtyeight.com/features/the-future-of-obamacare-is-in-trumps-hands/',76,'The Future Of Obamacare Is In Trump’s Hands | FiveThirtyEight',0.69924,0.89136,0.30076,'After declaring last week that \nhealth care reform was all but dead\n, a handful of Republicans have begun hinting that there might be some life in it yet. “We’re approaching the Easter season,” Oregon Rep. \nGreg Walden told Bloomberg\n. “Some things rise from the dead.” Meanwhile, Health and Human Services Secretary Tom Price testified this week that, repeal or no repeal, he plans to \ndo his part to unravel Obamacare\n, though he has sent some mixed signals on that front: Insurers want tighter restrictions on when people can enroll, which HHS \nis in the process of granting\n. But the department has said little about how it will handle \na Republican-led lawsuit\n that, if successful, could leave insurers running for the exits.'),(462,'https://www.bloomberg.com/politics/articles/2017-03-29/house-gop-said-to-weigh-another-try-on-obamacare-vote-next-week',76,'House GOP Weighing Another Try on Obamacare Vote Next Week - Bloomberg',0.69924,0.89136,0.30076,'After declaring last week that \nhealth care reform was all but dead\n, a handful of Republicans have begun hinting that there might be some life in it yet. “We’re approaching the Easter season,” Oregon Rep. \nGreg Walden told Bloomberg\n. “Some things rise from the dead.” Meanwhile, Health and Human Services Secretary Tom Price testified this week that, repeal or no repeal, he plans to \ndo his part to unravel Obamacare\n, though he has sent some mixed signals on that front: Insurers want tighter restrictions on when people can enroll, which HHS \nis in the process of granting\n. But the department has said little about how it will handle \na Republican-led lawsuit\n that, if successful, could leave insurers running for the exits.'),(463,'https://www.washingtonpost.com/politics/trump-administration-still-plans-to-undo-parts-of-the-aca-tom-price-testifies/2017/03/29/236f633a-14a5-11e7-9e4f-09aa75d3ec57_story.html?utm_term=.5f78dfd4e32d',76,' Trump administration still plans to undo parts of the ACA, Tom Price testifies - The Washington Post',0.69924,0.89136,0.30076,'After declaring last week that \nhealth care reform was all but dead\n, a handful of Republicans have begun hinting that there might be some life in it yet. “We’re approaching the Easter season,” Oregon Rep. \nGreg Walden told Bloomberg\n. “Some things rise from the dead.” Meanwhile, Health and Human Services Secretary Tom Price testified this week that, repeal or no repeal, he plans to \ndo his part to unravel Obamacare\n, though he has sent some mixed signals on that front: Insurers want tighter restrictions on when people can enroll, which HHS \nis in the process of granting\n. But the department has said little about how it will handle \na Republican-led lawsuit\n that, if successful, could leave insurers running for the exits.'),(464,'https://morningconsult.com/2017/02/15/trump-administration-proposes-rule-stabilize-obamacare-markets/',76,'403 Forbidden',0.69924,0.89136,0.30076,'After declaring last week that \nhealth care reform was all but dead\n, a handful of Republicans have begun hinting that there might be some life in it yet. “We’re approaching the Easter season,” Oregon Rep. \nGreg Walden told Bloomberg\n. “Some things rise from the dead.” Meanwhile, Health and Human Services Secretary Tom Price testified this week that, repeal or no repeal, he plans to \ndo his part to unravel Obamacare\n, though he has sent some mixed signals on that front: Insurers want tighter restrictions on when people can enroll, which HHS \nis in the process of granting\n. But the department has said little about how it will handle \na Republican-led lawsuit\n that, if successful, could leave insurers running for the exits.'),(465,'https://www.healthcare.gov/glossary/essential-health-benefits/',76,'Essential Health Benefits - HealthCare.gov Glossary | HealthCare.gov',0.67539,0.44855,0.32461,'All this uncertainty is bad for the insurance markets established by the Affordable Care Act because in health insurance, uncertainty means price increases. Setting insurance premiums is an educated guessing game that involves divining who will enroll in coverage, how sick those people will be, what kind of health care they will need, and what the government will regulate. On that last matter, the ACA upended the market, demanding not only that insurers \ncover more services than they had previously\n but also that they provide coverage to just about \nanyone who wanted to buy it\n.'),(466,'https://www.hhs.gov/healthcare/about-the-aca/pre-existing-conditions/index.html',76,'Pre-Existing Conditions | HHS.gov',0.67539,0.44855,0.32461,'All this uncertainty is bad for the insurance markets established by the Affordable Care Act because in health insurance, uncertainty means price increases. Setting insurance premiums is an educated guessing game that involves divining who will enroll in coverage, how sick those people will be, what kind of health care they will need, and what the government will regulate. On that last matter, the ACA upended the market, demanding not only that insurers \ncover more services than they had previously\n but also that they provide coverage to just about \nanyone who wanted to buy it\n.'),(467,'https://www.nytimes.com/2016/10/25/us/some-health-plan-costs-to-increase-by-an-average-of-25-percent-us-says.html',76,'Some Health Plan Costs to Increase by an Average of 25 Percent, U.S. Says - The New York Times',0.52217,0.83780,0.47783,'That made deciding how much to charge enrollees a bit of a crapshoot when the Affordable Care Act first passed. Insurers’ \npredictions of who would enroll\n and \nhow much they would cost\n turned out to be overly optimistic during the first three years of the marketplace, leading to \na large jump in premium prices\n in 2017 (when in doubt, charge more). Today, insurers know a lot more about what to expect from enrollees and a lot less about what to expect from the federal government that regulates their industry. But as far as insurers are concerned, uncertainty is uncertainty.'),(468,'https://www.washingtonpost.com/news/wonk/wp/2017/03/24/treasury-secretary-says-tax-reform-will-be-easier-lift-for-congress-than-health-care/?utm_term=.891db73e30df',76,' Treasury secretary says a tax overhaul will be easier lift for Congress than health care - The Washington Post',0.80476,0.48540,0.19524,'When Treasury Secretary Steve Mnuchin \nrecently suggested\n that reforming the tax code will be “a lot simpler” than fixing health care, the tax policy world let out a collective guffaw. After all, there’s a reason it has been \nmore than three decades\n since the last major overhaul of the U.S. tax code, despite near-universal agreement that the existing system is broken. The problem is that every deduction, credit and loophole has a built-in constituency that will fight any attempt at repeal; \nlarger changes\n of the kind Republicans \nsay they want\n will encounter even more entrenched opposition.'),(469,'https://www.bloomberg.com/view/articles/2017-02-21/it-s-been-31-years-since-the-last-tax-overhaul-here-s-why',76,'It\'s Been 31 Years Since the Last Tax Overhaul. Here\'s Why. - Bloomberg View',0.80476,0.48540,0.19524,'When Treasury Secretary Steve Mnuchin \nrecently suggested\n that reforming the tax code will be “a lot simpler” than fixing health care, the tax policy world let out a collective guffaw. After all, there’s a reason it has been \nmore than three decades\n since the last major overhaul of the U.S. tax code, despite near-universal agreement that the existing system is broken. The problem is that every deduction, credit and loophole has a built-in constituency that will fight any attempt at repeal; \nlarger changes\n of the kind Republicans \nsay they want\n will encounter even more entrenched opposition.'),(470,'https://fivethirtyeight.com/features/the-gop-health-plan-would-drop-coverage-to-pre-obamacare-levels-the-cbo-says/',76,'The GOP Health Plan Would Drop Coverage To Pre-Obamacare Levels, The CBO Says | FiveThirtyEight',0.62840,0.22677,0.37160,'Moreover, the failure of the American Health Care Act may have made the already difficult job of tax reform even harder. The bill would have eliminated various taxes imposed by the Affordable Care Act, resulting in nearly $1 trillion in lost revenue over 10 years, \naccording to the Congressional Budget Office\n. But the bill would have reduced spending by even more, resulting in a net reduction in the overall budget deficit. That’s key, because for both political and procedural reasons, it’s much easier for Republicans to pass a bill if it doesn’t add to the deficit.'),(499,'http://kff.org/global-health-policy/fact-sheet/mexico-city-policy-explainer/',79,'The Mexico City Policy: An Explainer | The Henry J. Kaiser Family Foundation',0.19949,0.67511,0.80051,'Notice the common thread there: “revoke.” In exercising his presidential power, Trump also revealed its weakness: Anything Trump does today can be undone (or perhaps redone) by his successor. Just look at the so-called \nMexico City policy\n, which bars U.S. funding for international groups that provide abortions; for more than 30 years, it has been revoked (by Democrats) and re-imposed (by Republicans) every time the White House has switched parties.'),(500,'http://thehill.com/policy/transportation/326046-report-trump-wants-to-move-tax-reform-infrastructure-together',79,'Report: Trump wants to move tax reform, infrastructure together | TheHill',0.69342,0.87168,0.30658,'Trump could still match those achievements. He has indicated that he plans to move on to tax reform next, possibly while \nsimultaneously pursuing\n a big infrastructure bill, and there is even talk of reviving the health care bill (more on that in a bit). But time isn’t on his side: As Julia Azari \nwrote for FiveThirtyEight\n earlier this year, enacting major policies gets harder after a president’s first 100 days in office. This much is clear: If Trump wants to ensure that his policies outlive his presidency, he will need legislation, not just executive orders, to do it.'),(501,'http://www.vox.com/energy-and-environment/2017/3/27/14922516/trump-executive-order-climate',79,'couldn\'t fetch title',0.40822,0.78861,0.59178,'To back up: The centerpiece of Trump’s order is an effort to revoke a \nmuch-litigated series of Obama\n-administration rules known collectively as the Clean Power Plan. That plan, which would have sharply restricted emissions from power plants, was a response to a 2007 Supreme Court ruling that found that \ngreenhouse gases count as a potential air pollutant\n under the Clean Air Act. The ruling paved the way for the Environmental Protection Agency to declare in 2009 that greenhouse gases are a legitimate threat to human health. This “endangerment finding” means the EPA not only has the right to regulate greenhouse gases — \nit’s actually required to\n.'),(502,'http://www.nytimes.com/2012/06/27/science/earth/epa-emissions-rules-backed-by-court.html',79,'E.P.A. Emissions Rules Backed by Court - The New York Times',0.40822,0.78861,0.59178,'To back up: The centerpiece of Trump’s order is an effort to revoke a \nmuch-litigated series of Obama\n-administration rules known collectively as the Clean Power Plan. That plan, which would have sharply restricted emissions from power plants, was a response to a 2007 Supreme Court ruling that found that \ngreenhouse gases count as a potential air pollutant\n under the Clean Air Act. The ruling paved the way for the Environmental Protection Agency to declare in 2009 that greenhouse gases are a legitimate threat to human health. This “endangerment finding” means the EPA not only has the right to regulate greenhouse gases — \nit’s actually required to\n.'),(503,'http://time.com/4717770/trump-climate-coal-lawsuit-order/',79,'Trump Climate Order: Environmental Groups File Lawsuit | Time.com',0.57472,0.56573,0.42528,'Of course, cars and trucks are \nnot\n the only contributors to greenhouse gas emissions. They’re not even the biggest one. Transportation accounts for \n34 percent of U.S. greenhouse gas emissions\n, according to data from the Energy Information Administration. Power plants account for 38 percent, with most of that coming from burning coal. All of this means that favoring coal could end up providing a way to challenge Trump’s executive order in court, which environmental groups are \nalready doing\n. It is, after all, pretty easy to show that coal-fired power plants are as big a contributor to the country’s overall greenhouse gas emissions budget as gasoline-powered cars are. If the government is required to regulate one, you could easily argue that it ought to be required to regulate the other.'),(504,'http://www.vox.com/the-big-idea/2017/3/29/15107836/lawsuit-aha-payments-reimbursement-unconstitutional',79,'couldn\'t fetch title',0.69924,0.89136,0.30076,'After declaring last week that \nhealth care reform was all but dead\n, a handful of Republicans have begun hinting that there might be some life in it yet. “We’re approaching the Easter season,” Oregon Rep. \nGreg Walden told Bloomberg\n. “Some things rise from the dead.” Meanwhile, Health and Human Services Secretary Tom Price testified this week that, repeal or no repeal, he plans to \ndo his part to unravel Obamacare\n, though he has sent some mixed signals on that front: Insurers want tighter restrictions on when people can enroll, which HHS \nis in the process of granting\n. But the department has said little about how it will handle \na Republican-led lawsuit\n that, if successful, could leave insurers running for the exits.'),(505,'http://kff.org/health-reform/issue-brief/assessing-aca-marketplace-enrollment/',79,'Assessing ACA Marketplace Enrollment | The Henry J. Kaiser Family Foundation',0.52217,0.83780,0.47783,'That made deciding how much to charge enrollees a bit of a crapshoot when the Affordable Care Act first passed. Insurers’ \npredictions of who would enroll\n and \nhow much they would cost\n turned out to be overly optimistic during the first three years of the marketplace, leading to \na large jump in premium prices\n in 2017 (when in doubt, charge more). Today, insurers know a lot more about what to expect from enrollees and a lot less about what to expect from the federal government that regulates their industry. But as far as insurers are concerned, uncertainty is uncertainty.'),(506,'http://healthcare.mckinsey.com/2014-individual-market-post-3r-financial-performance',79,'2014 individual market post-3R financial performance | McKinsey on Healthcare',0.52217,0.83780,0.47783,'That made deciding how much to charge enrollees a bit of a crapshoot when the Affordable Care Act first passed. Insurers’ \npredictions of who would enroll\n and \nhow much they would cost\n turned out to be overly optimistic during the first three years of the marketplace, leading to \na large jump in premium prices\n in 2017 (when in doubt, charge more). Today, insurers know a lot more about what to expect from enrollees and a lot less about what to expect from the federal government that regulates their industry. But as far as insurers are concerned, uncertainty is uncertainty.'),(507,'http://www.npr.org/2017/02/28/517523714/what-we-know-about-the-trump-house-gop-tax-plans-so-far',79,'Income Tax Cuts, Border Adjustment Tax: What We Know About Trump, House GOP Tax Plans So Far : NPR',0.80476,0.48540,0.19524,'When Treasury Secretary Steve Mnuchin \nrecently suggested\n that reforming the tax code will be “a lot simpler” than fixing health care, the tax policy world let out a collective guffaw. After all, there’s a reason it has been \nmore than three decades\n since the last major overhaul of the U.S. tax code, despite near-universal agreement that the existing system is broken. The problem is that every deduction, credit and loophole has a built-in constituency that will fight any attempt at repeal; \nlarger changes\n of the kind Republicans \nsay they want\n will encounter even more entrenched opposition.'),(508,'http://www.usatoday.com/story/money/2016/11/30/mnuchin-outlines-largest-tax-change-since-reagan/94667050/',79,'Mnuchin outlines \'largest tax change since Reagan\'',0.80476,0.48540,0.19524,'When Treasury Secretary Steve Mnuchin \nrecently suggested\n that reforming the tax code will be “a lot simpler” than fixing health care, the tax policy world let out a collective guffaw. After all, there’s a reason it has been \nmore than three decades\n since the last major overhaul of the U.S. tax code, despite near-universal agreement that the existing system is broken. The problem is that every deduction, credit and loophole has a built-in constituency that will fight any attempt at repeal; \nlarger changes\n of the kind Republicans \nsay they want\n will encounter even more entrenched opposition.'),(509,'http://www.politico.com/story/2017/03/obamacare-tax-cut-repeal-235752',79,'Republicans\' Obamacare repeal plan would cut taxes on the wealthy - POLITICO',0.62437,0.84964,0.37563,'Now, with the health care bill (probably) dead, Republicans will have to find another way to cover the cost of repealing the ACA taxes, either by cutting spending (hard) or raising taxes on someone else (possibly even harder, especially because the Obamacare taxes fell \nmostly on the rich\n). Of course, there is also another option: \nnot repealing the Obamacare taxes\n. It’s unclear how open Republican leaders are to that option, however. Rep. Kevin Brady, chairman of the House’s tax-writing Ways and Means Committee, recently \ntold reporters\n that the health care taxes would stay in place until the ACA is repealed. House Speaker Paul Ryan \nsuggested the same thing\n last week. But Senate Finance Committee Chairman Orrin Hatch this week \nsaid\n he still hopes to repeal the taxes as part of the larger tax overhaul. So much for simple, Secretary Mnuchin.'),(510,'http://www.crfb.org/blogs/crfb-explainer-tax-reform-harder-now',79,'CRFB Explainer: Is Tax Reform Harder Now? | Committee for a Responsible Federal Budget',0.62437,0.84964,0.37563,'Now, with the health care bill (probably) dead, Republicans will have to find another way to cover the cost of repealing the ACA taxes, either by cutting spending (hard) or raising taxes on someone else (possibly even harder, especially because the Obamacare taxes fell \nmostly on the rich\n). Of course, there is also another option: \nnot repealing the Obamacare taxes\n. It’s unclear how open Republican leaders are to that option, however. Rep. Kevin Brady, chairman of the House’s tax-writing Ways and Means Committee, recently \ntold reporters\n that the health care taxes would stay in place until the ACA is repealed. House Speaker Paul Ryan \nsuggested the same thing\n last week. But Senate Finance Committee Chairman Orrin Hatch this week \nsaid\n he still hopes to repeal the taxes as part of the larger tax overhaul. So much for simple, Secretary Mnuchin.'),(511,'http://www.rawstory.com/2017/03/house-tax-chief-says-obamacare-taxes-not-part-of-tax-reform/',79,'403 Forbidden',0.62437,0.84964,0.37563,'Now, with the health care bill (probably) dead, Republicans will have to find another way to cover the cost of repealing the ACA taxes, either by cutting spending (hard) or raising taxes on someone else (possibly even harder, especially because the Obamacare taxes fell \nmostly on the rich\n). Of course, there is also another option: \nnot repealing the Obamacare taxes\n. It’s unclear how open Republican leaders are to that option, however. Rep. Kevin Brady, chairman of the House’s tax-writing Ways and Means Committee, recently \ntold reporters\n that the health care taxes would stay in place until the ACA is repealed. House Speaker Paul Ryan \nsuggested the same thing\n last week. But Senate Finance Committee Chairman Orrin Hatch this week \nsaid\n he still hopes to repeal the taxes as part of the larger tax overhaul. So much for simple, Secretary Mnuchin.'),(512,'http://www.cnbc.com/2017/03/24/paul-ryan-after-gop-yanks-obamacare-bill-this-is-a-disappointing-day.html',79,'Paul Ryan says House will \'proceed\' with tax reform despite health-care \'setback\'',0.62437,0.84964,0.37563,'Now, with the health care bill (probably) dead, Republicans will have to find another way to cover the cost of repealing the ACA taxes, either by cutting spending (hard) or raising taxes on someone else (possibly even harder, especially because the Obamacare taxes fell \nmostly on the rich\n). Of course, there is also another option: \nnot repealing the Obamacare taxes\n. It’s unclear how open Republican leaders are to that option, however. Rep. Kevin Brady, chairman of the House’s tax-writing Ways and Means Committee, recently \ntold reporters\n that the health care taxes would stay in place until the ACA is repealed. House Speaker Paul Ryan \nsuggested the same thing\n last week. But Senate Finance Committee Chairman Orrin Hatch this week \nsaid\n he still hopes to repeal the taxes as part of the larger tax overhaul. So much for simple, Secretary Mnuchin.'),(513,'http://www.reuters.com/article/us-usa-tax-obamacare-idUSKBN170353',79,'\n            Senate tax chief sees room for repealing Obamacare levies in tax reform drive\n| Reuters',0.62437,0.84964,0.37563,'Now, with the health care bill (probably) dead, Republicans will have to find another way to cover the cost of repealing the ACA taxes, either by cutting spending (hard) or raising taxes on someone else (possibly even harder, especially because the Obamacare taxes fell \nmostly on the rich\n). Of course, there is also another option: \nnot repealing the Obamacare taxes\n. It’s unclear how open Republican leaders are to that option, however. Rep. Kevin Brady, chairman of the House’s tax-writing Ways and Means Committee, recently \ntold reporters\n that the health care taxes would stay in place until the ACA is repealed. House Speaker Paul Ryan \nsuggested the same thing\n last week. But Senate Finance Committee Chairman Orrin Hatch this week \nsaid\n he still hopes to repeal the taxes as part of the larger tax overhaul. So much for simple, Secretary Mnuchin.'),(514,'https://fivethirtyeight.com/tag/trumpbeat/',79,'TrumpBeat – FiveThirtyEight',0.36727,0.10187,0.63273,'Welcome to \nTrumpBeat\n, FiveThirtyEight’s weekly feature on the latest policy developments in Washington and beyond. '),(515,'https://fivethirtyeight.com/newsletter/',79,'Newsletter | FiveThirtyEight',0.42073,0.64626,0.57927,'Want to get TrumpBeat in your inbox each week? Sign up for our \nnewsletter\n. Comments, criticism or suggestions for future columns? '),(516,'https://fivethirtyeight.com/features/how-trump-lost-on-health-care/',79,'How Trump Lost On Health Care | FiveThirtyEight',0.42583,0.92758,0.57417,'President Trump’s first foray into legislating \ndid not go well\n. So following the failure of the American Health Care Act, Trump this week returned to the approach that dominated his first six weeks in office: policymaking through executive action. On Monday, Trump signed an \nexecutive order\n revoking rules for federal contractors that had been imposed under his predecessor, Barack Obama. On Tuesday, he signed \nanother order\n rolling back many of Obama’s efforts to combat climate change.'),(517,'https://www.whitehouse.gov/the-press-office/2017/03/27/presidential-executive-order-revocation-federal-contracting-executive',79,'Presidential Executive Order on the Revocation of Federal Contracting Executive Orders | whitehouse.gov',0.42583,0.92758,0.57417,'President Trump’s first foray into legislating \ndid not go well\n. So following the failure of the American Health Care Act, Trump this week returned to the approach that dominated his first six weeks in office: policymaking through executive action. On Monday, Trump signed an \nexecutive order\n revoking rules for federal contractors that had been imposed under his predecessor, Barack Obama. On Tuesday, he signed \nanother order\n rolling back many of Obama’s efforts to combat climate change.'),(518,'https://www.whitehouse.gov/the-press-office/2017/03/28/presidential-executive-order-promoting-energy-independence-and-economi-1',79,'Presidential Executive Order on Promoting Energy Independence and Economic Growth | whitehouse.gov',0.42583,0.92758,0.57417,'President Trump’s first foray into legislating \ndid not go well\n. So following the failure of the American Health Care Act, Trump this week returned to the approach that dominated his first six weeks in office: policymaking through executive action. On Monday, Trump signed an \nexecutive order\n revoking rules for federal contractors that had been imposed under his predecessor, Barack Obama. On Tuesday, he signed \nanother order\n rolling back many of Obama’s efforts to combat climate change.'),(519,'https://fivethirtyeight.com/features/trump-hasnt-rolled-back-obamas-executive-orders-so-far/',79,'Trump Hasn’t Rolled Back Obama’s Executive Orders (So Far) | FiveThirtyEight',0.68474,0.61574,0.31526,'This is not to say executive actions don’t matter. Trump’s orders on immigration, climate change, health care and other issues will have real consequences — good or bad — for millions of Americans. In the case of climate change, in particular, those consequences could long outlast his presidency. But by relying on executive actions to enact key parts of his agenda — including signature issues such as his border wall and travel ban — Trump is leaving his policies \nvulnerable to quick reversal\n by future presidents.'),(520,'https://fivethirtyeight.com/features/a-presidents-first-100-days-really-do-matter/',79,'A President’s First 100 Days Really Do Matter | FiveThirtyEight',0.69342,0.87168,0.30658,'Trump could still match those achievements. He has indicated that he plans to move on to tax reform next, possibly while \nsimultaneously pursuing\n a big infrastructure bill, and there is even talk of reviving the health care bill (more on that in a bit). But time isn’t on his side: As Julia Azari \nwrote for FiveThirtyEight\n earlier this year, enacting major policies gets harder after a president’s first 100 days in office. This much is clear: If Trump wants to ensure that his policies outlive his presidency, he will need legislation, not just executive orders, to do it.'),(521,'https://fivethirtyeight.com/features/trumps-plan-wont-reverse-coals-decline/',79,'Trump’s Plan Won’t Reverse Coal’s Decline | FiveThirtyEight',0.42136,0.83632,0.57864,'Trump’s executive order rolling back Obama’s climate-change policies has gotten lots of attention for seeking to help the struggling coal industry. (Don’t bet on a revival — environmental regulations have hurt the coal industry, but real enemy is \ncheap natural gas\n.) Less noticed, but perhaps just as significant, is how the order favors power plants over the other big source of U.S. carbon emissions: cars and trucks.'),(522,'https://www.c2es.org/federal/executive/epa/epa-endangerment-finding',79,'EPA\'s Endangerment Finding | Center for Climate and Energy Solutions',0.40822,0.78861,0.59178,'To back up: The centerpiece of Trump’s order is an effort to revoke a \nmuch-litigated series of Obama\n-administration rules known collectively as the Clean Power Plan. That plan, which would have sharply restricted emissions from power plants, was a response to a 2007 Supreme Court ruling that found that \ngreenhouse gases count as a potential air pollutant\n under the Clean Air Act. The ruling paved the way for the Environmental Protection Agency to declare in 2009 that greenhouse gases are a legitimate threat to human health. This “endangerment finding” means the EPA not only has the right to regulate greenhouse gases — \nit’s actually required to\n.'),(523,'https://fivethirtyeight.com/features/trumpbeat-return-of-the-facts/',79,'TrumpBeat: Return Of The Facts | FiveThirtyEight',0.66497,0.83979,0.33503,'The Clean Power Plan wasn’t the previous administration’s only response to the finding, however. Obama’s EPA also put in place strict new \nfuel-economy standards\n for cars and trucks. The Trump administration is taking steps to ease those standards, but at the same time it’s using them to its advantage: In a press briefing Monday, a senior White House official told reporters that the Trump administration is choosing to interpret the EPA’s endangerment finding very, very narrowly — \nas though \nonly\n cars and trucks\n contribute to greenhouse gas emissions. Therefore, at least according to the administration, it is under no obligation to restrict emissions from power plants.'),(524,'https://www.whitehouse.gov/the-press-office/2017/03/27/background-briefing-presidents-energy-independence-executive-order',79,'Background Briefing on the President\'s Energy Independence Executive Order | whitehouse.gov',0.66497,0.83979,0.33503,'The Clean Power Plan wasn’t the previous administration’s only response to the finding, however. Obama’s EPA also put in place strict new \nfuel-economy standards\n for cars and trucks. The Trump administration is taking steps to ease those standards, but at the same time it’s using them to its advantage: In a press briefing Monday, a senior White House official told reporters that the Trump administration is choosing to interpret the EPA’s endangerment finding very, very narrowly — \nas though \nonly\n cars and trucks\n contribute to greenhouse gas emissions. Therefore, at least according to the administration, it is under no obligation to restrict emissions from power plants.'),(525,'https://flowcharts.llnl.gov/content/assets/images/charts/Carbon/Carbon_2014_United-States.png',79,'couldn\'t fetch title',0.57472,0.56573,0.42528,'Of course, cars and trucks are \nnot\n the only contributors to greenhouse gas emissions. They’re not even the biggest one. Transportation accounts for \n34 percent of U.S. greenhouse gas emissions\n, according to data from the Energy Information Administration. Power plants account for 38 percent, with most of that coming from burning coal. All of this means that favoring coal could end up providing a way to challenge Trump’s executive order in court, which environmental groups are \nalready doing\n. It is, after all, pretty easy to show that coal-fired power plants are as big a contributor to the country’s overall greenhouse gas emissions budget as gasoline-powered cars are. If the government is required to regulate one, you could easily argue that it ought to be required to regulate the other.'),(526,'https://fivethirtyeight.com/features/the-future-of-obamacare-is-in-trumps-hands/',79,'The Future Of Obamacare Is In Trump’s Hands | FiveThirtyEight',0.69924,0.89136,0.30076,'After declaring last week that \nhealth care reform was all but dead\n, a handful of Republicans have begun hinting that there might be some life in it yet. “We’re approaching the Easter season,” Oregon Rep. \nGreg Walden told Bloomberg\n. “Some things rise from the dead.” Meanwhile, Health and Human Services Secretary Tom Price testified this week that, repeal or no repeal, he plans to \ndo his part to unravel Obamacare\n, though he has sent some mixed signals on that front: Insurers want tighter restrictions on when people can enroll, which HHS \nis in the process of granting\n. But the department has said little about how it will handle \na Republican-led lawsuit\n that, if successful, could leave insurers running for the exits.'),(527,'https://www.bloomberg.com/politics/articles/2017-03-29/house-gop-said-to-weigh-another-try-on-obamacare-vote-next-week',79,'House GOP Weighing Another Try on Obamacare Vote Next Week - Bloomberg',0.69924,0.89136,0.30076,'After declaring last week that \nhealth care reform was all but dead\n, a handful of Republicans have begun hinting that there might be some life in it yet. “We’re approaching the Easter season,” Oregon Rep. \nGreg Walden told Bloomberg\n. “Some things rise from the dead.” Meanwhile, Health and Human Services Secretary Tom Price testified this week that, repeal or no repeal, he plans to \ndo his part to unravel Obamacare\n, though he has sent some mixed signals on that front: Insurers want tighter restrictions on when people can enroll, which HHS \nis in the process of granting\n. But the department has said little about how it will handle \na Republican-led lawsuit\n that, if successful, could leave insurers running for the exits.'),(528,'https://www.washingtonpost.com/politics/trump-administration-still-plans-to-undo-parts-of-the-aca-tom-price-testifies/2017/03/29/236f633a-14a5-11e7-9e4f-09aa75d3ec57_story.html?utm_term=.5f78dfd4e32d',79,' Trump administration still plans to undo parts of the ACA, Tom Price testifies - The Washington Post',0.69924,0.89136,0.30076,'After declaring last week that \nhealth care reform was all but dead\n, a handful of Republicans have begun hinting that there might be some life in it yet. “We’re approaching the Easter season,” Oregon Rep. \nGreg Walden told Bloomberg\n. “Some things rise from the dead.” Meanwhile, Health and Human Services Secretary Tom Price testified this week that, repeal or no repeal, he plans to \ndo his part to unravel Obamacare\n, though he has sent some mixed signals on that front: Insurers want tighter restrictions on when people can enroll, which HHS \nis in the process of granting\n. But the department has said little about how it will handle \na Republican-led lawsuit\n that, if successful, could leave insurers running for the exits.'),(529,'https://morningconsult.com/2017/02/15/trump-administration-proposes-rule-stabilize-obamacare-markets/',79,'403 Forbidden',0.69924,0.89136,0.30076,'After declaring last week that \nhealth care reform was all but dead\n, a handful of Republicans have begun hinting that there might be some life in it yet. “We’re approaching the Easter season,” Oregon Rep. \nGreg Walden told Bloomberg\n. “Some things rise from the dead.” Meanwhile, Health and Human Services Secretary Tom Price testified this week that, repeal or no repeal, he plans to \ndo his part to unravel Obamacare\n, though he has sent some mixed signals on that front: Insurers want tighter restrictions on when people can enroll, which HHS \nis in the process of granting\n. But the department has said little about how it will handle \na Republican-led lawsuit\n that, if successful, could leave insurers running for the exits.'),(530,'https://www.healthcare.gov/glossary/essential-health-benefits/',79,'Essential Health Benefits - HealthCare.gov Glossary | HealthCare.gov',0.67539,0.44855,0.32461,'All this uncertainty is bad for the insurance markets established by the Affordable Care Act because in health insurance, uncertainty means price increases. Setting insurance premiums is an educated guessing game that involves divining who will enroll in coverage, how sick those people will be, what kind of health care they will need, and what the government will regulate. On that last matter, the ACA upended the market, demanding not only that insurers \ncover more services than they had previously\n but also that they provide coverage to just about \nanyone who wanted to buy it\n.'),(531,'https://www.hhs.gov/healthcare/about-the-aca/pre-existing-conditions/index.html',79,'Pre-Existing Conditions | HHS.gov',0.67539,0.44855,0.32461,'All this uncertainty is bad for the insurance markets established by the Affordable Care Act because in health insurance, uncertainty means price increases. Setting insurance premiums is an educated guessing game that involves divining who will enroll in coverage, how sick those people will be, what kind of health care they will need, and what the government will regulate. On that last matter, the ACA upended the market, demanding not only that insurers \ncover more services than they had previously\n but also that they provide coverage to just about \nanyone who wanted to buy it\n.'),(532,'https://www.nytimes.com/2016/10/25/us/some-health-plan-costs-to-increase-by-an-average-of-25-percent-us-says.html',79,'Some Health Plan Costs to Increase by an Average of 25 Percent, U.S. Says - The New York Times',0.52217,0.83780,0.47783,'That made deciding how much to charge enrollees a bit of a crapshoot when the Affordable Care Act first passed. Insurers’ \npredictions of who would enroll\n and \nhow much they would cost\n turned out to be overly optimistic during the first three years of the marketplace, leading to \na large jump in premium prices\n in 2017 (when in doubt, charge more). Today, insurers know a lot more about what to expect from enrollees and a lot less about what to expect from the federal government that regulates their industry. But as far as insurers are concerned, uncertainty is uncertainty.'),(533,'https://www.washingtonpost.com/news/wonk/wp/2017/03/24/treasury-secretary-says-tax-reform-will-be-easier-lift-for-congress-than-health-care/?utm_term=.891db73e30df',79,' Treasury secretary says a tax overhaul will be easier lift for Congress than health care - The Washington Post',0.80476,0.48540,0.19524,'When Treasury Secretary Steve Mnuchin \nrecently suggested\n that reforming the tax code will be “a lot simpler” than fixing health care, the tax policy world let out a collective guffaw. After all, there’s a reason it has been \nmore than three decades\n since the last major overhaul of the U.S. tax code, despite near-universal agreement that the existing system is broken. The problem is that every deduction, credit and loophole has a built-in constituency that will fight any attempt at repeal; \nlarger changes\n of the kind Republicans \nsay they want\n will encounter even more entrenched opposition.'),(534,'https://www.bloomberg.com/view/articles/2017-02-21/it-s-been-31-years-since-the-last-tax-overhaul-here-s-why',79,'It\'s Been 31 Years Since the Last Tax Overhaul. Here\'s Why. - Bloomberg View',0.80476,0.48540,0.19524,'When Treasury Secretary Steve Mnuchin \nrecently suggested\n that reforming the tax code will be “a lot simpler” than fixing health care, the tax policy world let out a collective guffaw. After all, there’s a reason it has been \nmore than three decades\n since the last major overhaul of the U.S. tax code, despite near-universal agreement that the existing system is broken. The problem is that every deduction, credit and loophole has a built-in constituency that will fight any attempt at repeal; \nlarger changes\n of the kind Republicans \nsay they want\n will encounter even more entrenched opposition.'),(535,'https://fivethirtyeight.com/features/the-gop-health-plan-would-drop-coverage-to-pre-obamacare-levels-the-cbo-says/',79,'The GOP Health Plan Would Drop Coverage To Pre-Obamacare Levels, The CBO Says | FiveThirtyEight',0.62840,0.22677,0.37160,'Moreover, the failure of the American Health Care Act may have made the already difficult job of tax reform even harder. The bill would have eliminated various taxes imposed by the Affordable Care Act, resulting in nearly $1 trillion in lost revenue over 10 years, \naccording to the Congressional Budget Office\n. But the bill would have reduced spending by even more, resulting in a net reduction in the overall budget deficit. That’s key, because for both political and procedural reasons, it’s much easier for Republicans to pass a bill if it doesn’t add to the deficit.'),(615,'http://www.cnn.com/2017/03/28/politics/republicans-health-care/index.html',93,'Republicans move to Plan B after health care failure - CNNPolitics.com',0.65283,0.85587,0.34717,'Washington (CNN)\nPresident Donald Trump kicked off this week \nlooking to move past his health care debacle\n and on to the other items on his agenda. '),(616,'http://www.cnn.com/2017/03/31/politics/white-house-staffers-devin-nunes/index.html',93,'Two White House staffers assisted Nunes in gathering intelligence material last week - CNNPolitics.com',0.36305,0.92597,0.63695,'But early Monday, a new cloud of suspicion moved in over the \nWhite House over its role in helping House Intelligence Committee Chairman Devin Nunes\n access classified information that the President later claimed partially vindicated his accusation that his predecessor \"wiretapped\" him.'),(617,'http://www.cnn.com/2017/03/29/politics/kushner-meeting-russian-bank/index.html',93,'Source: Kushner meeting with Russian bank exec was effort to \"engage with\" Russia - CNNPolitics.com',0.16767,0.92266,0.83233,'That cloud of suspicion grew darker with the disclosure of previously undisclosed meetings between the President\'s son-in-law and top adviser, \nJared Kushner, and a Russian banker with ties to Russian President Vladimir Putin\n. '),(618,'http://www.cnn.com/2017/03/31/politics/mike-flynn-investigation-russia-immunity/index.html',93,'Flynn immunity offer hangs over Russia investigators - CNNPolitics.com',0.32690,0.93184,0.67310,'More ominous still, former national security adviser \nMichael Flynn offered to testify before congressional panels\n to discuss the Russian suspicions in exchange for immunity from prosecution.'),(619,'http://www.cnn.com/2017/03/27/politics/trump-climate-change-executive-order/',93,'Trump dramatically changes US approach to climate change - CNNPolitics.com',0.28492,0.70957,0.71508,'Trump on \nTuesday signed an executive order that will unwind a chunk of President Barack Obama\'s actions\n aimed at combating climate change. Trump argued the executive orders would help free up the coal industry from government regulations to help put miners \"back to work.\"'),(620,'http://www.cnn.com/2017/03/28/world/trump-climate-order-world-impact/',93,'What Trump\'s executive order on climate means for the world - CNN.com',0.26639,0.88847,0.73361,'What Trump\'s executive order on climate change means for the world'),(621,'http://edition.cnn.com/interactive/2017/politics/tracking-trumps-promises/',93,'Tracking Trump\'s promises',0.00000,0.00000,0.00000,'\n\n\n\n\n\n\n'),(622,'http://www.cnn.com/2017/03/27/politics/donald-trump-sign-regulation-obama-roll-backs/',93,'Trump tries to make good on promises to roll back Obama-era regulations - CNNPolitics.com',0.52209,0.65255,0.47791,'Trump tries to make good on promises to roll back Obama-era regulations'),(623,'http://www.cnn.com/2017/03/30/politics/trump-executive-orders-trade-china/',93,'Trump tackles trade abuses ahead of meeting with Chinese president - CNNPolitics.com',0.38427,0.39308,0.61573,'Trump made his latest move Friday in his effort to \nreshape US trade policies and address the US\' half-trillion-dollar trade deficit.'),(624,'http://i2.cdn.turner.com/cnn/2017/images/03/31/eo.doc.pdf',93,'couldn\'t fetch title',0.25280,0.64033,0.74720,'The second directive will order \nstricter and more effective enforcement of US anti-dumping laws\n to prevent foreign manufacturers from undercutting US companies by selling goods at an unfair price.'),(625,'http://www.cnn.com/2017/03/27/politics/ivanka-trump-jared-kushner-white-house-influence/index.html',93,'Ivanka Trump and Jared Kushner\'s ever-growing spheres of influence - CNNPolitics.com',0.22545,0.95146,0.77455,'Trump also launched a \nWhite House Office of American Innovation led by top aide and son-in-law, Kushner,\n aimed at reforming the federal government through private-sector solutions. The office adds to Kushner\'s already expansive purview as one of the highest-ranking West Wing officials over everything from foreign and domestic policy.'),(626,'http://www.cnn.com/2017/03/30/politics/freedom-caucus-trump-tweet/index.html',93,'Trump calls out Freedom Caucus members in tweetstorm - CNNPolitics.com',0.69069,0.83057,0.30931,'Trump,Vice President Mike Pence and his top officials began encouraging House Republicans to tackle health care reform once again after Trump failed to rally Republicans around the Obamacare replacement bill he supported. Those talks so far are sputtering and, growing frustrated, \nTrump has taken to calling out members\n of the hardline conservative House Freedom Caucus on Twitter.'),(627,'http://www.cnn.com/2017/03/30/politics/freedom-caucus-trump-tweet/index.html',93,'Trump calls out Freedom Caucus members in tweetstorm - CNNPolitics.com',0.43181,0.89833,0.56819,'Trump calls out House Freedom Caucus'),(628,'http://www.cnn.com/2017/03/30/politics/donald-trump-white-house-staff/index.html',93,'White House staff shake-up comes in wake of health care debacle - CNNPolitics.com',0.48825,0.88288,0.51175,'He shook up his West Wing staff. \nTop White House officials announced Friday that deputy chief of staff Katie Walsh\n will leave the administration and join America Policies First, a nonprofit group designed to support the President\'s agenda from the outside that so far has done next to nothing to do so. '),(629,'https://www.washingtonpost.com/news/education/wp/2017/03/27/trump-signs-bills-overturning-obama-era-education-regulations/',93,' Trump signs bills overturning Obama-era education regulations - The Washington Post',0.45696,0.94531,0.54304,'Trump also signed four bills into law that continued his \nadministration\'s efforts to chip away at federal regulations.'),(663,'https://www.washingtonpost.com/powerpost/hill-republicans-trying-to-avert-a-shutdown-need-democrats--and-trump/2017/03/29/411dd038-14b4-11e7-ada0-1489b735b3a3_story.html?utm_term=.3c1183fc2f63',102,' Hill Republicans trying to avert a shutdown need Democrats — and Trump - The Washington Post',0.47634,0.73925,0.52366,'[\nHill Republicans trying to avert a shutdown need Democrats — and Trump\n]'),(664,'https://www.washingtonpost.com/powerpost/trump-we-must-fight-hard-line-conservative-freedom-caucus-in-2018-midterm-elections/2017/03/30/56783e38-154e-11e7-ada0-1489b735b3a3_story.html?utm_term=.0ad920c3746c',102,' Trump threatens hard-liners as part of escalating Republican civil war - The Washington Post',0.60987,0.63606,0.39013,'Since the failure of the House GOP’s health-care plan, Trump has signaled he may \nwork with Democrats\n to achieve major goals. Coupled with the negotiations over the spending measure, such a statement could foreshadow a major and unexpected power shift in Washington in which the minority party has far more influence in upcoming legislative fights than was initially expected.'),(665,'https://www.washingtonpost.com/powerpost/capitol-hill-republicans-not-on-board-with-trump-budget/2017/03/16/9952d63e-0a6b-11e7-b77c-0047d15a24e0_story.html?utm_term=.3ecf36aba0a5',102,' Capitol Hill Republicans not on board with Trump budget - The Washington Post',0.49876,0.76409,0.50124,'Without Democratic help, Republicans are unlikely to unite behind a temporary spending plan to keep the government open past April 28. That does not even address the larger battle expected to take place over the \nfiscal 2018 budget\n in which Trump has proposed a $54 billion increase in defense spending to be compensated for by cuts to 18 domestic agencies and programs.'),(666,'https://www.washingtonpost.com/powerpost/senate-republicans-show-resistance-to-trump-suggested-cuts-in-spending-measure/2017/03/28/ce3b97d0-13dc-11e7-ada0-1489b735b3a3_story.html?utm_term=.4887da1a727a',102,' Trump wants to add wall spending to stopgap budget bill, potentially forcing shutdown showdown - The Washington Post',0.64554,0.73034,0.35446,'[\nTrump wants to add wall spending to stopgap budget bill, potentially forcing shutdown showdown\n]'),(667,'https://www.washingtonpost.com/news/powerpost/',102,' PowerPost - The Washington Post',0.41726,0.25331,0.58274,' \nRead more at PowerPost\n '),(683,'https://www.washingtonpost.com/world/russia-blames-syrian-rebels-for-devastating-chemical-attack-in-northern-town/2017/04/05/ba173c76-196a-11e7-8598-9a99da559f9e_story.html',105,' World Health Organization: Syria chemical attack likely involved nerve agent - The Washington Post',0.36116,0.89953,0.63884,'The Trump administration is weighing military retaliation against the Syrian government following \na chemical attack \nTuesday that killed scores of civilians, but it is complicated by the presence of Russian forces in the country and concerns about U.S. troops deployed in Syria in the campaign against the Islamic State, according to U.S. officials.'),(684,'https://www.washingtonpost.com/world/turkish-autopsies-confirm-chemical-weapons-used-in-syria-attack-that-killed-scores/2017/04/06/4d660ac4-1aa7-11e7-8003-f55b4c1cfae2_story.html?utm_term=.80132bc73e52',105,' Deadly nerve agent sarin used in Syria attack, Turkish health ministry says - The Washington Post',0.76674,0.51633,0.23326,'[\nDeadly nerve agent sarin used in Syria attack, Turkish Health Ministry says\n]'),(685,'https://www.washingtonpost.com/world/national-security/at-un-trump-administration-assails-russia-for-protecting-assad/2017/04/05/28179558-1a0c-11e7-bcc2-7d1a0973e7b2_story.html?utm_term=.c71492b8a7dc',105,' Trump condemns Syria chemical attack and suggests he will act - The Washington Post',0.47834,0.91439,0.52166,'[\nTrump condemns Syria chemical attack and suggests he will act\n]'),(686,'https://www.washingtonpost.com/world/middle_east/the-hospitals-were-slaughterhouses-a-journey-intosyrias-secret-torture-wards/2017/04/02/90ccaa6e-0d61-11e7-b2bb-417e331877d9_story.html?utm_term=.15efd3d509b4',105,' ‘The hospitals were slaughterhouses’: A journey into Syria’s secret torture wards - The Washington Post',0.38220,0.66968,0.61780,'[\n‘The hospitals were slaughterhouses’: A journey into Syria’s secret torture wards\n]'),(687,'https://www.washingtonpost.com/world/national-security/trump-and-his-america-first-philosophy-face-first-moral-quandary-in-syria/2017/04/05/ec854e20-1a21-11e7-bcc2-7d1a0973e7b2_story.html?utm_term=.f6fceac92e85',105,' Trump and his ‘America First’ philosophy face first moral quandary in Syria - The Washington Post',0.28634,0.77137,0.71366,' \nTrump and his ‘America First’ philosophy face first moral quandary in Syria\n '),(688,'https://www.washingtonpost.com/news/worldviews/wp/2017/04/06/which-chemical-weapon-was-used-in-syria-here-are-some-clues/?utm_term=.60aab9442e74',105,' Which chemical weapon was used in Syria? Here’s what investigators know. - The Washington Post',0.46244,0.75258,0.53756,' \nWhich chemical weapon was used in Syria? Here’s what investigators know.\n '),(689,'https://www.washingtonpost.com/news/worldviews/wp/2017/04/06/while-trump-talks-tough-on-assad-others-are-already-taking-his-regime-to-court/',105,' While Trump talks tough on Assad, others are already taking his regime to court - The Washington Post',0.63953,0.65508,0.36047,' \nWhile Trump talks tough on Assad, others are already taking his regime to court\n '),(690,'https://www.washingtonpost.com/powerpost/congress-greets-syria-strike-with-mix-of-applause-and-anger/2017/04/07/b7aeb7ce-1b8c-11e7-9887-1a5314b56a08_story.html?utm_term=.f38dcb636fcb',106,' Congress greets Syria strike with mix of applause and anger - The Washington Post',0.42590,0.36047,0.57410,'[\nCongress greets Syria strike with mix of applause and anger\n]'),(691,'https://www.washingtonpost.com/powerpost/senate-set-to-confirm-neil-gorsuch-to-supreme-court/2017/04/07/da3cd738-1b89-11e7-9887-1a5314b56a08_story.html?utm_term=.68b8ac8cfe8a',106,' Senate confirms Neil Gorsuch to Supreme Court - The Washington Post',0.28141,0.83294,0.71859,'Many conservative activists\n \nand lawmakers noted the key to Gorsuch’s confirmation was GOP unity from the beginning. Trump drew Gorsuch’s name from a \nlist \nof 21 candidates that he released during the campaign, and announced his pick in a prime-time address from the White House East room. '),(692,'https://www.washingtonpost.com/politics/senate-democrats-vastly-outspent-by-right-in-gorsuch-fight/2017/03/18/1c42c3e2-0b39-11e7-93dc-00f9bdd74ed1_story.html?utm_term=.4e1e2904c351',106,' Senate Democrats vastly outspent by right in Gorsuch fight - The Washington Post',0.39588,0.62452,0.60412,'[\nSenate Democrats vastly outspent by right in Gorsuch fight\n]'),(693,'https://www.washingtonpost.com/world/europe/russia-condemns-us-missile-strike-on-syria/2017/04/07/c81ea12a-1b4e-11e7-8003-f55b4c1cfae2_story.html?hpid=hp_hp-top-table-main_russiasyria-3am%3Ahomepage%2Fstory&utm_term=.7fb1ecd432de',107,' Russia condemns U.S. missile strike on Syria, suspends key air agreement - The Washington Post',0.32749,0.51804,0.67251,'[\nRussia condemns U.S. missile strike on Syria, suspends key air agreement]\n '),(694,'https://www.washingtonpost.com/news/worldviews/wp/2017/04/07/syria-strike-adds-awkward-twist-to-high-stakes-china-u-s-summit/?hpid=hp_hp-top-table-main_wv-syria-china-915a%3Ahomepage%2Fstory&utm_term=.a4a76b741678',107,' Syria strike adds awkward twist to high-stakes China-U.S. summit - The Washington Post',0.43218,0.33555,0.56782,' \n[Syria strike adds awkward twist to high-stakes China-U. S. summit\n]'),(695,'https://www.washingtonpost.com/news/powerpost/',107,' PowerPost - The Washington Post',0.41726,0.25331,0.58274,' \nRead more at PowerPost\n '),(696,'http://www.jstor.org/stable/3176318?seq=1#page_scan_tab_contents',108,'JSTOR: Access Check',0.43462,0.83833,0.56538,'Most foreign policy entanglements do \nnot\n result in a “\nrally around the flag\n” event — when a president’s popularity jumps because Americans rally behind their commander-in-chief. That’s according to \na 2001 study\n by William Baker of the Arkansas School for Mathematics and Sciences and John Oneal of the University of Alabama. Their study found that only 39 percent of U.S. military interventions\n1\n from 1933 to 1993 resulted in a rise in the president’s approval rating. Still, 39 percent is a sizable minority of the time. So, will President Trump’s \norder to launch missiles\n at a Syrian airfield be one of them?'),(697,'http://www.cnn.com/2017/04/06/politics/donald-trump-syria-military/index.html',108,'Syria missile strike: Trump authorizes action - CNNPolitics.com',0.43462,0.83833,0.56538,'Most foreign policy entanglements do \nnot\n result in a “\nrally around the flag\n” event — when a president’s popularity jumps because Americans rally behind their commander-in-chief. That’s according to \na 2001 study\n by William Baker of the Arkansas School for Mathematics and Sciences and John Oneal of the University of Alabama. Their study found that only 39 percent of U.S. military interventions\n1\n from 1933 to 1993 resulted in a rise in the president’s approval rating. Still, 39 percent is a sizable minority of the time. So, will President Trump’s \norder to launch missiles\n at a Syrian airfield be one of them?'),(698,'http://www.washingtonexaminer.com/chuck-schumer-nancy-pelosi-endorse-trumps-attack-in-syria/article/2619622',108,'Chuck Schumer, Nancy Pelosi endorse Trump\'s attack in Syria | Washington Examiner',0.45964,0.83785,0.54036,'Trump’s actions have \nbroad support in Congress\n, including from \nDemocrats\n like Nancy Pelosi and Chuck Schumer and \nstronger approval\n from Republicans like John McCain and Mitch McConnell. So the airstrike probably meets this criteria. Bipartisanship on Syria is nothing new. When Congress voted on arming the Syrian rebels in 2014, party affiliation was \nnot\n \na great predictor of support\n. Of course, \nthen\n, like \nnow\n, there were intraparty divisions on Syria — within the GOP, for example, libertarian-leaning officials such as Rand Paul were advocates for a less interventionist policy. At the same time, while there may be bipartisan support for the airstrike in Washington, it’s not clear that there will be bipartisan support among Americans. A \nGallup poll\n taken in February 2016, during the final year of the Obama administration, found a fairly equally breakdown among those who wanted U.S. involvement in Syria to increase, stay steady or drop. But opinions can shift over time — especially with a new president of a different party from the previous one. Polls may end up showing that the public — Democrats and Republicans — backs the limited actions Trump has taken so far, but if the U.S. role expands, that’s less likely to be true.'),(699,'http://www.npr.org/sections/thetwo-way/2017/04/07/522963252/congress-reacts-to-trumps-syria-missile-strike',108,'Congressional Leaders Urge Trump Administration For Broader Syria Strategy : The Two-Way : NPR',0.45964,0.83785,0.54036,'Trump’s actions have \nbroad support in Congress\n, including from \nDemocrats\n like Nancy Pelosi and Chuck Schumer and \nstronger approval\n from Republicans like John McCain and Mitch McConnell. So the airstrike probably meets this criteria. Bipartisanship on Syria is nothing new. When Congress voted on arming the Syrian rebels in 2014, party affiliation was \nnot\n \na great predictor of support\n. Of course, \nthen\n, like \nnow\n, there were intraparty divisions on Syria — within the GOP, for example, libertarian-leaning officials such as Rand Paul were advocates for a less interventionist policy. At the same time, while there may be bipartisan support for the airstrike in Washington, it’s not clear that there will be bipartisan support among Americans. A \nGallup poll\n taken in February 2016, during the final year of the Obama administration, found a fairly equally breakdown among those who wanted U.S. involvement in Syria to increase, stay steady or drop. But opinions can shift over time — especially with a new president of a different party from the previous one. Polls may end up showing that the public — Democrats and Republicans — backs the limited actions Trump has taken so far, but if the U.S. role expands, that’s less likely to be true.'),(700,'http://reason.com/blog/2017/04/07/rand-paul-on-syria-the-us-was-not-attack',108,'Rand Paul on Syria: The U.S. Was not Attacked and the President Needs Congressional Approval - Hit & Run : Reason.com',0.45964,0.83785,0.54036,'Trump’s actions have \nbroad support in Congress\n, including from \nDemocrats\n like Nancy Pelosi and Chuck Schumer and \nstronger approval\n from Republicans like John McCain and Mitch McConnell. So the airstrike probably meets this criteria. Bipartisanship on Syria is nothing new. When Congress voted on arming the Syrian rebels in 2014, party affiliation was \nnot\n \na great predictor of support\n. Of course, \nthen\n, like \nnow\n, there were intraparty divisions on Syria — within the GOP, for example, libertarian-leaning officials such as Rand Paul were advocates for a less interventionist policy. At the same time, while there may be bipartisan support for the airstrike in Washington, it’s not clear that there will be bipartisan support among Americans. A \nGallup poll\n taken in February 2016, during the final year of the Obama administration, found a fairly equally breakdown among those who wanted U.S. involvement in Syria to increase, stay steady or drop. But opinions can shift over time — especially with a new president of a different party from the previous one. Polls may end up showing that the public — Democrats and Republicans — backs the limited actions Trump has taken so far, but if the U.S. role expands, that’s less likely to be true.'),(701,'http://www.gallup.com/poll/189338/four-five-americans-view-syria-unfavorably.aspx',108,'\r\n	Four in Five Americans View Syria Unfavorably | Gallup\r\n',0.45964,0.83785,0.54036,'Trump’s actions have \nbroad support in Congress\n, including from \nDemocrats\n like Nancy Pelosi and Chuck Schumer and \nstronger approval\n from Republicans like John McCain and Mitch McConnell. So the airstrike probably meets this criteria. Bipartisanship on Syria is nothing new. When Congress voted on arming the Syrian rebels in 2014, party affiliation was \nnot\n \na great predictor of support\n. Of course, \nthen\n, like \nnow\n, there were intraparty divisions on Syria — within the GOP, for example, libertarian-leaning officials such as Rand Paul were advocates for a less interventionist policy. At the same time, while there may be bipartisan support for the airstrike in Washington, it’s not clear that there will be bipartisan support among Americans. A \nGallup poll\n taken in February 2016, during the final year of the Obama administration, found a fairly equally breakdown among those who wanted U.S. involvement in Syria to increase, stay steady or drop. But opinions can shift over time — especially with a new president of a different party from the previous one. Polls may end up showing that the public — Democrats and Republicans — backs the limited actions Trump has taken so far, but if the U.S. role expands, that’s less likely to be true.'),(702,'http://www.cfr.org/iraq/timeline-iraq-war/p18876',108,'Timeline: The Iraq War - Council on Foreign Relations',0.33998,0.17972,0.66002,'That speaks to a larger point: What comes next in Syria may be more important than what Trump has done so far in terms of how his actions are viewed. To oversimplify: \nMilitary\n \ninterventions\n in the Middle East can go bad in a hurry.'),(703,'http://www.telegraph.co.uk/news/2017/04/07/us-strikes-syria-tensions-rise-russia-warns-damage-ties-washington/',108,'US strikes on Syria: Xi Jinping told Donald Trump he understood the US response \'because of the death of children\'',0.36486,0.76090,0.63514,'Most people would not define Syria as a major power. It’s a small country in the Middle East mired in a long, tragic civil war. Yet, Syria is also a proxy for other, more powerful countries. Iran is a \nbig backer\n of the Assad government. Perhaps even more importantly, Russia is also deeply involved in the conflict and allied with Bashar Assad. (The Russian government \nreacted very negatively\n to the U.S. airstrike.) The Trump administration is also looking into whether or not Russia, itself, was involved in the chemical attack. If the public comes to see the Syria strike as a move against Russia and/or Iran as much as against Assad, it may be more likely to rally behind Trump.'),(704,'http://www.un.org/en/sc/members/',108,'Members of the United Nations Security Council',0.52249,0.44169,0.47751,'This is a clear no. Russia is on the \nSecurity Council\n and definitely does not approve of the U.S. strike. It doesn’t even \nsee a need\n for a resolution disapproving of the chemical weapons attack. That said, most other nations on the Security Council deplored the chemical attack. It’s plausible that Americans will hear those other countries speaking out against the attack and make the judgment that Trump’s actions have broad, global support. It’s also possible that Americans don’t really care too much about U.N. approval anymore and that this point is an artifact of a previous era. Just 37 percent of Americans think the U.N. is \ndoing a good job\n solving the problems it faces, according to Gallup.'),(705,'http://www.bbc.com/news/world-middle-east-39500319',108,'Syria chemical \'attack\': Russia faces fury at UN Security Council - BBC News',0.52249,0.44169,0.47751,'This is a clear no. Russia is on the \nSecurity Council\n and definitely does not approve of the U.S. strike. It doesn’t even \nsee a need\n for a resolution disapproving of the chemical weapons attack. That said, most other nations on the Security Council deplored the chemical attack. It’s plausible that Americans will hear those other countries speaking out against the attack and make the judgment that Trump’s actions have broad, global support. It’s also possible that Americans don’t really care too much about U.N. approval anymore and that this point is an artifact of a previous era. Just 37 percent of Americans think the U.N. is \ndoing a good job\n solving the problems it faces, according to Gallup.'),(706,'http://www.gallup.com/poll/204290/say-doing-good-job-solving-problems.aspx',108,'\r\n	In US, 37% Say UN Doing \'Good Job\' Solving Problems | Gallup\r\n',0.52249,0.44169,0.47751,'This is a clear no. Russia is on the \nSecurity Council\n and definitely does not approve of the U.S. strike. It doesn’t even \nsee a need\n for a resolution disapproving of the chemical weapons attack. That said, most other nations on the Security Council deplored the chemical attack. It’s plausible that Americans will hear those other countries speaking out against the attack and make the judgment that Trump’s actions have broad, global support. It’s also possible that Americans don’t really care too much about U.N. approval anymore and that this point is an artifact of a previous era. Just 37 percent of Americans think the U.N. is \ndoing a good job\n solving the problems it faces, according to Gallup.'),(707,'http://cow.la.psu.edu/COW2%20Data/MIDs/Development/Jones,Bremer,Singer.PDF',108,'couldn\'t fetch title',0.55246,0.90954,0.44754,'Revisionist goals are \ngenerally defined\n as “making claims to territory,” “attempting to overthrow a regime” or “declaring the intention not to abide by another state’s policy.” The U.S. isn’t trying to claim territory in the Syrian conflict, as it did during wars in Afghanistan and Iraq. Nor is it clear whether the White House is seeking to remove Assad from power. The U.S. is, however, trying to change Assad’s policy on chemical weapons. Further, as stated earlier, the Syrian conflict has multiple actors, including \nIslamic State\n, which the U.S. certainly wants to overthrow. The Islamic State, however, was not a target in the U.S. missile strike. If the White House pivots and frames any U.S. action in Syria as about the conflict at large, there’s a greater chance that Trump’s actions will be seen as combating revisionist goals.'),(708,'http://www.gallup.com/interactives/185273/presidential-job-approval-center.aspx?g_source=WWWV7HP&g_medium=topic&g_campaign=tiles',108,'\r\n	Presidential Job Approval Center | Gallup\r\n',0.54350,0.28232,0.45650,'Trump is less than 100 days into his presidency, so this factor \nshould\n work in his favor. Unlike other presidents, though, Trump has quickly \nbuilt up a lot of dislike\n among independents and members of the opposing party. New presidents tend to get the benefit of the doubt — that’s why this point is on our list — but Trump is \nnot your average new president\n. If Democratic and some independent voters are already beyond his reach (and his high \n“strongly disapprove” job rating numbers\n suggests they may be), it may not matter that we’re early in the Trump presidency.'),(709,'http://www.huffingtonpost.com/entry/exploring-trumps-approval-poll-dip_us_58dab3dbe4b0f087a3041d62',108,'couldn\'t fetch title',0.54350,0.28232,0.45650,'Trump is less than 100 days into his presidency, so this factor \nshould\n work in his favor. Unlike other presidents, though, Trump has quickly \nbuilt up a lot of dislike\n among independents and members of the opposing party. New presidents tend to get the benefit of the doubt — that’s why this point is on our list — but Trump is \nnot your average new president\n. If Democratic and some independent voters are already beyond his reach (and his high \n“strongly disapprove” job rating numbers\n suggests they may be), it may not matter that we’re early in the Trump presidency.'),(710,'http://www.jstor.org/stable/10.1086/681240?seq=1#page_scan_tab_contents',108,'JSTOR: Access Check',0.35585,0.25944,0.64415,'One thing to keep an eye on going forward is whether the conflict in Syria, and U.S. involvement, escalates. As I noted earlier, that may ultimately determine where public opinion falls. Studies, not surprisingly, \nshow\n the American people are less likely to support Trump’s policies if there are U.S. casualties — whatever they think of Trump’s initial airstrike.'),(711,'https://fivethirtyeight.com/datalab/rally-around-the-flag-events-are-rare/',108,'‘Rally Around The Flag’ Events Are Rare | FiveThirtyEight',0.43462,0.83833,0.56538,'Most foreign policy entanglements do \nnot\n result in a “\nrally around the flag\n” event — when a president’s popularity jumps because Americans rally behind their commander-in-chief. That’s according to \na 2001 study\n by William Baker of the Arkansas School for Mathematics and Sciences and John Oneal of the University of Alabama. Their study found that only 39 percent of U.S. military interventions\n1\n from 1933 to 1993 resulted in a rise in the president’s approval rating. Still, 39 percent is a sizable minority of the time. So, will President Trump’s \norder to launch missiles\n at a Syrian airfield be one of them?'),(712,'https://fivethirtyeight.com/datalab/rally-around-the-flag-events-are-rare/',108,'‘Rally Around The Flag’ Events Are Rare | FiveThirtyEight',0.15247,0.61249,0.84753,'After former President Barack Obama laid out a four-point plan to go after the Islamic State group in 2014, I \ndescribed five characteristics\n of foreign policy interventions that tend to increase the chances of a rally-around-the-flag effect. The list, compiled from political science papers, isn’t comprehensive, but it provides a good blueprint: The more points an intervention hits, the more likely the president’s approval rating will increase. Let’s take them one at a time.'),(713,'https://fivethirtyeight.com/features/a-clear-majority-of-senators-support-trumps-syria-airstrike/',108,'Most Senators Support Trump’s Syria Airstrike | FiveThirtyEight',0.45964,0.83785,0.54036,'Trump’s actions have \nbroad support in Congress\n, including from \nDemocrats\n like Nancy Pelosi and Chuck Schumer and \nstronger approval\n from Republicans like John McCain and Mitch McConnell. So the airstrike probably meets this criteria. Bipartisanship on Syria is nothing new. When Congress voted on arming the Syrian rebels in 2014, party affiliation was \nnot\n \na great predictor of support\n. Of course, \nthen\n, like \nnow\n, there were intraparty divisions on Syria — within the GOP, for example, libertarian-leaning officials such as Rand Paul were advocates for a less interventionist policy. At the same time, while there may be bipartisan support for the airstrike in Washington, it’s not clear that there will be bipartisan support among Americans. A \nGallup poll\n taken in February 2016, during the final year of the Obama administration, found a fairly equally breakdown among those who wanted U.S. involvement in Syria to increase, stay steady or drop. But opinions can shift over time — especially with a new president of a different party from the previous one. Polls may end up showing that the public — Democrats and Republicans — backs the limited actions Trump has taken so far, but if the U.S. role expands, that’s less likely to be true.'),(714,'https://projects.propublica.org/represent/votes/113/house/2/507',108,'House Vote 507 - Authorizes Aid to Syrian Rebels Against ISIS | Represent | ProPublica',0.45964,0.83785,0.54036,'Trump’s actions have \nbroad support in Congress\n, including from \nDemocrats\n like Nancy Pelosi and Chuck Schumer and \nstronger approval\n from Republicans like John McCain and Mitch McConnell. So the airstrike probably meets this criteria. Bipartisanship on Syria is nothing new. When Congress voted on arming the Syrian rebels in 2014, party affiliation was \nnot\n \na great predictor of support\n. Of course, \nthen\n, like \nnow\n, there were intraparty divisions on Syria — within the GOP, for example, libertarian-leaning officials such as Rand Paul were advocates for a less interventionist policy. At the same time, while there may be bipartisan support for the airstrike in Washington, it’s not clear that there will be bipartisan support among Americans. A \nGallup poll\n taken in February 2016, during the final year of the Obama administration, found a fairly equally breakdown among those who wanted U.S. involvement in Syria to increase, stay steady or drop. But opinions can shift over time — especially with a new president of a different party from the previous one. Polls may end up showing that the public — Democrats and Republicans — backs the limited actions Trump has taken so far, but if the U.S. role expands, that’s less likely to be true.'),(715,'https://projects.propublica.org/represent/votes/113/senate/2/270',108,'Senate Vote 270 - Approves Funds for Syrian Rebels | Represent | ProPublica',0.45964,0.83785,0.54036,'Trump’s actions have \nbroad support in Congress\n, including from \nDemocrats\n like Nancy Pelosi and Chuck Schumer and \nstronger approval\n from Republicans like John McCain and Mitch McConnell. So the airstrike probably meets this criteria. Bipartisanship on Syria is nothing new. When Congress voted on arming the Syrian rebels in 2014, party affiliation was \nnot\n \na great predictor of support\n. Of course, \nthen\n, like \nnow\n, there were intraparty divisions on Syria — within the GOP, for example, libertarian-leaning officials such as Rand Paul were advocates for a less interventionist policy. At the same time, while there may be bipartisan support for the airstrike in Washington, it’s not clear that there will be bipartisan support among Americans. A \nGallup poll\n taken in February 2016, during the final year of the Obama administration, found a fairly equally breakdown among those who wanted U.S. involvement in Syria to increase, stay steady or drop. But opinions can shift over time — especially with a new president of a different party from the previous one. Polls may end up showing that the public — Democrats and Republicans — backs the limited actions Trump has taken so far, but if the U.S. role expands, that’s less likely to be true.'),(716,'https://www.foreignaffairs.com/articles/libya/obamas-libya-debacle',108,'How Obama\'s Libya Intervention Ended in Failure | Foreign Affairs',0.33998,0.17972,0.66002,'That speaks to a larger point: What comes next in Syria may be more important than what Trump has done so far in terms of how his actions are viewed. To oversimplify: \nMilitary\n \ninterventions\n in the Middle East can go bad in a hurry.'),(717,'https://www.nytimes.com/2017/04/07/opinion/trump-raises-the-stakes-for-russia-and-iran.html',108,'Trump Raises the Stakes for Russia and Iran - The New York Times',0.36486,0.76090,0.63514,'Most people would not define Syria as a major power. It’s a small country in the Middle East mired in a long, tragic civil war. Yet, Syria is also a proxy for other, more powerful countries. Iran is a \nbig backer\n of the Assad government. Perhaps even more importantly, Russia is also deeply involved in the conflict and allied with Bashar Assad. (The Russian government \nreacted very negatively\n to the U.S. airstrike.) The Trump administration is also looking into whether or not Russia, itself, was involved in the chemical attack. If the public comes to see the Syria strike as a move against Russia and/or Iran as much as against Assad, it may be more likely to rally behind Trump.'),(718,'https://www.theatlantic.com/international/archive/2015/10/syrian-civil-war-guide-isis/410746/',108,'A Brief Guide to the Syrian Civil War - The Atlantic',0.55246,0.90954,0.44754,'Revisionist goals are \ngenerally defined\n as “making claims to territory,” “attempting to overthrow a regime” or “declaring the intention not to abide by another state’s policy.” The U.S. isn’t trying to claim territory in the Syrian conflict, as it did during wars in Afghanistan and Iraq. Nor is it clear whether the White House is seeking to remove Assad from power. The U.S. is, however, trying to change Assad’s policy on chemical weapons. Further, as stated earlier, the Syrian conflict has multiple actors, including \nIslamic State\n, which the U.S. certainly wants to overthrow. The Islamic State, however, was not a target in the U.S. missile strike. If the White House pivots and frames any U.S. action in Syria as about the conflict at large, there’s a greater chance that Trump’s actions will be seen as combating revisionist goals.'),(719,'https://fivethirtyeight.com/features/will-trumps-approval-rating-be-a-problem-for-republicans-in-2018/',108,'Will Trump’s Approval Rating Be A Problem For Republicans In 2018? | FiveThirtyEight',0.54350,0.28232,0.45650,'Trump is less than 100 days into his presidency, so this factor \nshould\n work in his favor. Unlike other presidents, though, Trump has quickly \nbuilt up a lot of dislike\n among independents and members of the opposing party. New presidents tend to get the benefit of the doubt — that’s why this point is on our list — but Trump is \nnot your average new president\n. If Democratic and some independent voters are already beyond his reach (and his high \n“strongly disapprove” job rating numbers\n suggests they may be), it may not matter that we’re early in the Trump presidency.'),(720,'https://fivethirtyeight.com/datalab/rally-around-the-flag-events-are-rare/',108,'‘Rally Around The Flag’ Events Are Rare | FiveThirtyEight',0.69014,0.24153,0.30986,'When you take all these points into account, it’s not clear what will happen to Trump’s approval rating in the coming days and weeks. Although few of these are slam dunks in either direction, two are likely to result in a bump (points No. 1 and No. 5), one probably won’t (No. 3) — and two aren’t clear (No. 2 and No. 4). If you’re looking for some tiebreakers, Baker and Oneal’s study found that the average foreign policy entanglement results in an approval rating jump of just 0.1 percentage points. And \nduring the Obama administration\n, the only event that produced any rally-around-the-flag effect was the killing of Osama bin Laden. And that effect lasted just a month.'),(721,'http://www.washingtonpost.com/sf/national/2015/07/15/from-a-first-arrest-to-a-life-sentence/?utm_term=.a9f81ed69003',109,'How a first crack cocaine offense led to a life sentence  | The Washington Post',0.35754,0.78061,0.64246,'[\nFrom a first arrest to a life sentence\n]'),(722,'https://www.washingtonpost.com/world/national-security/sessions-vows-crackdown-on-violent-crime-in-first-major-speech-as-attorney-general/2017/02/27/b18af654-fd42-11e6-8f41-ea6ed597e4ca_story.html?utm_term=.a29b16af904e',109,' Sessions vows crackdown on violent crime in first major speech as attorney general - The Washington Post',0.42109,0.75380,0.57891,'[\nSessions vows crackdown on violent crime in first major speech as attorney general\n]'),(723,'https://www.washingtonpost.com/world/national-security/obama-grants-final-330-commutations-to-nonviolent-drug-offenders/2017/01/19/41506468-de5d-11e6-918c-99ede3c8cafa_story.html?utm_term=.623bca10d66b',109,' Obama grants final 330 commutations to nonviolent drug offenders - The Washington Post',0.20192,0.83410,0.79808,'Obama, the first sitting president to visit a federal prison, launched an ambitious\n clemency initiative\n to release certain drug offenders from prison early. And Holder told his prosecutors, in an effort to make punishments more fairly fit the crime, to stop charging low-level nonviolent drug offenders with offenses that imposed severe mandatory sentences. He called his strategy, outlined in an August 2013 report, \n“Smart on Crime.”\n '),(724,'https://www.justice.gov/sites/default/files/ag/legacy/2013/08/12/smart-on-crime.pdf',109,'couldn\'t fetch title',0.20192,0.83410,0.79808,'Obama, the first sitting president to visit a federal prison, launched an ambitious\n clemency initiative\n to release certain drug offenders from prison early. And Holder told his prosecutors, in an effort to make punishments more fairly fit the crime, to stop charging low-level nonviolent drug offenders with offenses that imposed severe mandatory sentences. He called his strategy, outlined in an August 2013 report, \n“Smart on Crime.”\n '),(725,'https://www.washingtonpost.com/news/post-nation/wp/2017/02/09/in-executive-actions-president-trump-vows-crackdown-on-violent-crime-is-america-as-unsafe-as-he-thinks/?utm_term=.be21cbfd0fc9',109,' In executive actions, President Trump vows crackdown on violent crime. Is America as unsafe as he thinks? - The Washington Post',0.35500,0.97177,0.64500,'And he quickly appointed Cook to be a senior official on the attorney general’s task force on crime reduction and public safety, which was created following a \nTrump executive order \nto address what the president has called “American carnage.”'),(726,'https://www.washingtonpost.com/world/national-security/sessions-directs-federal-prosecutors-to-target-the-nations-most-violent-offenders/2017/03/08/81b4a9de-0454-11e7-b9fa-ed727b644a0b_story.html?utm_term=.2a91d9e1b512',109,' Sessions directs federal prosecutors to target the nation’s most violent offenders - The Washington Post',0.33747,0.60223,0.66253,' \nSessions directs federal prosecutors to target the nation’s most violent offenders\n]'),(727,'https://www.washingtonpost.com/local/public-safety/jeff-sessions-medical-marijuana-has-been-hyped-maybe-too-much/2017/03/15/2a15bb1a-0999-11e7-93dc-00f9bdd74ed1_story.html?utm_term=.f8efb8267c5c',109,' Jeff Sessions: ‘Medical marijuana has been hyped, maybe too much’ - The Washington Post',0.56624,0.65063,0.43376,' \nJeff Sessions: ‘Medical marijuana has been hyped, maybe too much’\n '),(728,'https://www.washingtonpost.com/world/national-security/some-prosecutors-fighting-effort-to-eliminate-mandatory-minimum-prison-sentences/2014/03/13/f5426fc2-a60f-11e3-a5fa-55f0c77bf39c_story.html?utm_term=.a9426538e52c',109,' Some prosecutors fighting effort to eliminate mandatory minimum prison sentences - The Washington Post',0.52754,0.82903,0.47246,' \nSome prosecutors fighting effort to eliminate mandatory minimum prison sentences\n '),(797,'https://www.washingtonpost.com/powerpost/who-is-to-blame-for-the-failure-of-the-health-care-overhaul-the-finger-pointing-begins/2017/03/25/d799fc94-115d-11e7-9d5a-a83e627dc120_story.html',117,' Who is to blame for the failure of the health-care overhaul? The finger-pointing begins. - The Washington Post',0.76428,0.87911,0.23572,' [\nWho is to blame for the failure of the health-care overhaul? The finger-pointing begins.\n] '),(798,'https://www.washingtonpost.com/news/the-fix/wp/2017/04/12/president-trumps-throughly-confusing-fox-business-interview-annotated/?utm_term=.36cf884539cd',117,' President Trump’s thoroughly confusing Fox Business interview, annotated - The Washington Post',0.47740,0.34534,0.52260,' [\nPresident Trump’s thoroughly confusing Fox Business interview, annotated\n] '),(799,'https://www.nytimes.com/2017/04/05/us/politics/donald-trump-infrastructure-bill.html?_r=0',117,'Trump Weighs Infrastructure Bill but Keeps New York Up in the Air - The New York Times',0.42094,0.89547,0.57906,'But in \nan interview with the New York Times\n last week, Trump said he might decide to do the entire infrastructure package with public money, borrowing it by issuing debt at low interest rates. And he said he could try to package the infrastructure plan with an effort to repeal the Affordable Care Act as a way to draw in votes from Democrats.'),(800,'http://www.cnn.com/2017/04/12/politics/donald-trump-jens-stoltenberg-nato/index.html',118,'Trump reverses position, says NATO is \'no longer obsolete\' - CNNPolitics.com',0.37313,0.85225,0.62687,'Within a few hours of extraordinary political shape-shifting, Trump abandoned stances that were at the bedrock of his establishment-bashing campaign. NATO, he said, is \"\nno longer obsolete\n.\" And he backed down a threat to brand China a currency manipulator.'),(801,'http://www.cnn.com/2017/04/12/politics/donald-trump-bashar-al-assad-butcher/index.html',118,'Trump on Assad: \'That\'s a butcher\' - CNNPolitics.com',0.42551,0.99957,0.57449,'Then, days after his administration had seemed to accept a ultra realist approach that would allow Syrian President Bashar al-Assad to remain in control of his shattered nation, Trump \ndecried him as a \"butcher\"\n over \nchemical weapons attacks on civilians \n-- fueling speculation he now advocates regime change.'),(802,'http://www.cnn.com/2017/04/06/politics/donald-trump-syria-military/',118,'Syria missile strike: Trump authorizes action - CNNPolitics.com',0.42551,0.99957,0.57449,'Then, days after his administration had seemed to accept a ultra realist approach that would allow Syrian President Bashar al-Assad to remain in control of his shattered nation, Trump \ndecried him as a \"butcher\"\n over \nchemical weapons attacks on civilians \n-- fueling speculation he now advocates regime change.'),(803,'http://www.cnn.com/2017/04/12/politics/donald-trump-xi-jingping-syria-chocolate-cake/',118,'Trump, Xi talked Syria over the \'most beautiful\' cake - CNNPolitics.com',0.35160,0.89430,0.64840,'By contrast, Trump was full of praise for Xi Jinping -- \nwhom he met in Florida last week\n, saying that he believed the Chinese president was sincere in helping defuse the US showdown with nuclear North Korea.'),(804,'http://www.cnn.com/2017/04/12/politics/steve-bannon-donald-trump-white-house/index.html',118,'Trump diminishes, but does not dismiss, Bannon - CNNPolitics.com',0.60780,0.54525,0.39220,'RELATED: Trump diminishes, but does not dismiss, Bannon'),(805,'http://www.cnn.com/2017/04/05/politics/steve-bannon-white-house-national-security-council/',118,'Steve Bannon removed from National Security Council role - CNNPolitics.com',0.37949,0.78029,0.62051,'Bannon was last week \ndumped from the National Security Council \nin a move that was seen as a triumph for officials who represent a more traditional, globalist foreign policy worldview.'),(806,'http://www.nbcnews.com/news/world/trump-s-syria-airstrike-sends-critical-message-ex-pentagon-official-n743946',119,'Trump\'s Syria Airstrike Sends a \'Critical Message\': Ex-Pentagon Official - NBC News',0.64180,0.86456,0.35820,' The president launched \n59 cruise missiles \nat a Syrian government air base he alleged was involved in a chemical weapons attack that \nkilled dozens of civilians last week\n. '),(807,'http://www.nbcnews.com/news/world/warplanes-strike-syrian-town-recovering-chemical-attack-human-rights-group-n744236',119,'Warplanes Strike Syrian Town Recovering From Chemical Attack: Human Rights Group - NBC News',0.64180,0.86456,0.35820,' The president launched \n59 cruise missiles \nat a Syrian government air base he alleged was involved in a chemical weapons attack that \nkilled dozens of civilians last week\n. '),(808,'http://www.telegraph.co.uk/news/2017/04/10/donald-trumps-action-syria-proves-not-league-putin-says-son/',119,'Donald Trump\'s action in Syria proves he is not in league with Putin, says his son Eric',0.26693,0.99971,0.73307,' Trump\'s 33-year-old son, Eric,\n told The Daily Telegraph\n on Monday that the strike was influenced in part by Ivanka, who he said was \"heartbroken and outraged\" by the chemical attack. '),(809,'http://www.nbcnews.com/politics/first-read/first-read-trump-takes-surreal-victory-lap-scotland-n598316',119,'First Read: Trump Takes a Surreal Victory Lap in Scotland - NBC News',0.57076,0.54089,0.42924,' \"Ivanka is a mother of three kids and she has influence,\" Eric Trump said, speaking with the newspaper at \nTrump Turnberry golf resort \nin Ayrshire, Scotland. \"I\'m sure she said, \'Listen, this is horrible stuff.\' My father will act in times like that.\" '),(810,'http://www.nbcnews.com/news/world/russian-navy-activity-europe-now-cold-war-levels-admiral-n744516',119,'Russian Navy Activity in Europe Now at Cold-War Levels: Admiral - NBC News',0.37089,0.95200,0.62911,' Asked about Russia\'s \nthreats of military escalation\n following the strike, Eric Trump \ntold the Telegraph\n his father would not be intimidated. '),(811,'http://www.telegraph.co.uk/news/2017/04/10/donald-trumps-action-syria-proves-not-league-putin-says-son/',119,'Donald Trump\'s action in Syria proves he is not in league with Putin, says his son Eric',0.37089,0.95200,0.62911,' Asked about Russia\'s \nthreats of military escalation\n following the strike, Eric Trump \ntold the Telegraph\n his father would not be intimidated. '),(812,'http://www.telegraph.co.uk/news/2017/04/10/donald-trumps-action-syria-proves-not-league-putin-says-son/',119,'Donald Trump\'s action in Syria proves he is not in league with Putin, says his son Eric',0.12182,0.80509,0.87818,' \"And by the way, he was anti doing anything with Syria two years ago,\" Eric Trump \ntold the Telegraph\n. \"Then a leader gasses their own people, women and children, at some point America is the global leader and the world\'s superpower has to come forward and act and they did with a lot of support of our allies and I think that\'s a great thing.\" '),(813,'http://www.nbcnews.com/news/other/kerry-accuses-syria-using-chemical-agents-us-preparing-release-evidence-f8C11000251',119,'Kerry accuses Syria of using chemical agents; US preparing to release evidence - NBC News',0.45299,0.81802,0.54701,' It was not the first time the U.S. has blamed the Assad regime for a chemical attack. On Aug. 21, 2013, a \nsarin nerve gas attack killed hundreds of people in the Ghouta suburb of Damascus\n. The U.S. and others said Assad was responsible. '),(814,'https://www.facebook.com/sharer.php?u=http%3A%2F%2Fwww.nbcnews.com%2Fvideo%2Fsuspected-gas-attack-kills-dozens-including-children-in-syria-913645635605&t=Suspected%20Gas%20Attack%20Kills%20Dozens%2C%20Including%20Children%2C%20in%20Syria',119,'Facebook',0.47679,0.59509,0.52321,'\n\nFacebook\n\n'),(815,'https://twitter.com/share?text=Suspected%20Gas%20Attack%20Kills%20Dozens%2C%20Including%20Children%2C%20in%20Syria&url=http%3A%2F%2Fwww.nbcnews.com%2Fvideo%2Fsuspected-gas-attack-kills-dozens-including-children-in-syria-913645635605&via=nbcnews',119,'Share a link on Twitter',0.48702,0.59509,0.51298,'\n\nTwitter\n\n'),(816,'https://media3.s-nbcnews.com/j/newscms/2017_15/1961121/rtr3zufs_3e3a015837261390119f8dadc700204c.nbcnews-ux-2880-1000.jpg',119,'couldn\'t fetch title',0.26208,0.90985,0.73792,'\n\n\n\n\n\n\n\n\n\n\n\n\n\nFrom left to right, Eric Trump, Donald Trump Jr., and Ivanka Trump with their father in Washington, in July 2014.\n \nGary Cameron  / Reuters\n\n\n\n'),(817,'http://www.tulsaworld.com/news/government/rep-markwayne-mullin-calls-bullcrap-at-town-hall-in-jay/article_dce4e40a-b0ca-5b8c-989b-c048a6e7c117.html',120,'Rep. Markwayne Mullin calls \'bullcrap\' at town hall in Jay: \'This is a service. No one here pays me to go\' - Tulsa World: Government',0.34685,0.99909,0.65315,'CNN has reached out to Mullin\'s office for additional comment. A spokesperson for Mullin told the \nTulsa World\n the congressman was referring to federal taxes he pays for his privately owned companies, which include a plumbing business and a ranch. '),(818,'http://www.tulsaworld.com/news/government/rep-markwayne-mullin-calls-bullcrap-at-town-hall-in-jay/article_dce4e40a-b0ca-5b8c-989b-c048a6e7c117.html',120,'Rep. Markwayne Mullin calls \'bullcrap\' at town hall in Jay: \'This is a service. No one here pays me to go\' - Tulsa World: Government',0.51642,0.99826,0.48358,'\"The congressman is referencing the federal taxes that he and his businesses have paid to the government over the years, prior to his being in office,\" a spokesperson for Mullin told the publication\n. \n\"Like all business owners, Congressman Mullin pays his taxes, which contribute to congressional salaries.\"'),(819,'http://www.cnn.com/2017/04/12/politics/mike-coffman-town-hall/',120,'At raucous town hall, GOP congressman confronts anger about Trump  - CNNPolitics.com',0.74253,0.83446,0.25747,'This is yet another episode in a string of contentious GOP town halls that have taken place while Congress has been on recess. When pressed by constituents, \nRepublican Rep. Mike Coffman \ncalled for White House press secretary Sean Spicer to resign for saying Syrian leader Bashar al-Assad \'s actions were worse than Adolf Hitler\'s.'),(820,'https://www.facebook.com/terry.reed.739/videos/1246858408761159/',120,'Terry Reed - Markwayne Mullin responds to someone at his...',0.63270,0.99961,0.36730,' (CNN)\nAn Oklahoma congressman is facing scrutiny after a \nvideo\n posted Monday showed him telling constituents at a town hall that they do not pay his salary.  '),(821,'https://www.govtrack.us/congress/votes/113-2013/h55',120,'S. 47 (113th): Violence Against Women Reauthorization Act of 2013 -- GovTrack.us',0.49515,0.86354,0.50485,'On Monday, South Carolina Republican Rep. Joe Wilson, who famously shouted \"you lie\" during President Obama\'s 2009 address to Congress, had to wait 30 seconds for crowd chants of \"you lie\" to die down after Wilson told the crowd he had supported the local solicitor in an effort to make sure that those who commit violence against women are prosecuted. Wilson \nvoted against\n reauthorizing the Violence Against Women Act in 2013.'),(822,'http://www.espn.com/espn/mobile/products/products/_/id/6857590',121,'ESPN App - ESPN',0.43226,0.38081,0.56774,'\n	Subscribe: \nApple Podcasts\n |\n	\nESPN App\n |\n	\nDownload\n |\n	\nRSS\n |\n	\nNew to podcasts?\n\n'),(823,'http://www.espn.com/espnradio/podcast/archive?id=14554755',121,'FiveThirtyEight Politics Show - PodCenter - ESPN Radio',0.43226,0.38081,0.56774,'\n	Subscribe: \nApple Podcasts\n |\n	\nESPN App\n |\n	\nDownload\n |\n	\nRSS\n |\n	\nNew to podcasts?\n\n'),(824,'http://www.espn.com/espn/mobile/products/products/_/id/6857590',121,'ESPN App - ESPN',0.45005,0.28837,0.54995,'You can listen to the episode by clicking the “play” button above or by \ndownloading it in iTunes\n, the \nESPN App\n or your favorite podcast platform. If you are new to podcasts, \nlearn how to listen\n.'),(825,'https://itunes.apple.com/us/podcast/fivethirtyeight-elections/id1077418457?mt=2',121,'FiveThirtyEight Politics by ESPN on Apple Podcasts',0.43226,0.38081,0.56774,'\n	Subscribe: \nApple Podcasts\n |\n	\nESPN App\n |\n	\nDownload\n |\n	\nRSS\n |\n	\nNew to podcasts?\n\n'),(826,'https://www.espn.com/espnradio/feeds/rss/podcast.xml?id=14554755',121,'FiveThirtyEight Politics',0.43226,0.38081,0.56774,'\n	Subscribe: \nApple Podcasts\n |\n	\nESPN App\n |\n	\nDownload\n |\n	\nRSS\n |\n	\nNew to podcasts?\n\n'),(827,'https://fivethirtyeight.com/tag/politics-podcast/',121,'Politics Podcast – FiveThirtyEight',0.19683,0.88936,0.80317,'As President Trump approaches his 100th day in office, the \nFiveThirtyEight Politics podcast\n takes stock of his legislative priorities: a \nlooming budget deadline\n, promised tax cuts, and rumblings about a revived health care bill. The team also gauges the \nappeal of populism\n after the first round of France’s presidential election. Finally, FiveThirtyEight’s Maggie Koerth-Baker joins the podcast to talk about the goals of the \nEarth Day protests\n that took place this past weekend.'),(828,'https://fivethirtyeight.com/features/can-trump-avoid-a-government-shutdown-on-his-100th-day/',121,'Can Trump Avoid A Government Shutdown On His 100th Day? | FiveThirtyEight',0.19683,0.88936,0.80317,'As President Trump approaches his 100th day in office, the \nFiveThirtyEight Politics podcast\n takes stock of his legislative priorities: a \nlooming budget deadline\n, promised tax cuts, and rumblings about a revived health care bill. The team also gauges the \nappeal of populism\n after the first round of France’s presidential election. Finally, FiveThirtyEight’s Maggie Koerth-Baker joins the podcast to talk about the goals of the \nEarth Day protests\n that took place this past weekend.'),(829,'https://fivethirtyeight.com/features/le-pen-is-in-a-much-deeper-hole-than-trump-ever-was/',121,'Marine Le Pen Is In A Much Deeper Hole Than Trump Ever Was | FiveThirtyEight',0.19683,0.88936,0.80317,'As President Trump approaches his 100th day in office, the \nFiveThirtyEight Politics podcast\n takes stock of his legislative priorities: a \nlooming budget deadline\n, promised tax cuts, and rumblings about a revived health care bill. The team also gauges the \nappeal of populism\n after the first round of France’s presidential election. Finally, FiveThirtyEight’s Maggie Koerth-Baker joins the podcast to talk about the goals of the \nEarth Day protests\n that took place this past weekend.'),(830,'https://fivethirtyeight.com/features/marching-scientists-will-have-a-lot-in-common-with-angry-70s-farmers/',121,'Marching Scientists Will Have A Lot In Common With Angry ’70s Farmers | FiveThirtyEight',0.19683,0.88936,0.80317,'As President Trump approaches his 100th day in office, the \nFiveThirtyEight Politics podcast\n takes stock of his legislative priorities: a \nlooming budget deadline\n, promised tax cuts, and rumblings about a revived health care bill. The team also gauges the \nappeal of populism\n after the first round of France’s presidential election. Finally, FiveThirtyEight’s Maggie Koerth-Baker joins the podcast to talk about the goals of the \nEarth Day protests\n that took place this past weekend.'),(831,'https://itunes.apple.com/us/podcast/fivethirtyeight-elections/id1077418457?mt=2',121,'FiveThirtyEight Politics by ESPN on Apple Podcasts',0.45005,0.28837,0.54995,'You can listen to the episode by clicking the “play” button above or by \ndownloading it in iTunes\n, the \nESPN App\n or your favorite podcast platform. If you are new to podcasts, \nlearn how to listen\n.'),(832,'https://espnfivethirtyeight.wordpress.com/how-to-listen-to-fivethirtyeight-podcasts/',121,'How To Listen To FiveThirtyEight’s Podcasts | FiveThirtyEight',0.45005,0.28837,0.54995,'You can listen to the episode by clicking the “play” button above or by \ndownloading it in iTunes\n, the \nESPN App\n or your favorite podcast platform. If you are new to podcasts, \nlearn how to listen\n.'),(833,'https://itunes.apple.com/us/podcast/fivethirtyeight-elections/id1077418457?mt=2',121,'FiveThirtyEight Politics by ESPN on Apple Podcasts',0.44067,0.30768,0.55933,'The FiveThirtyEight Politics podcast publishes Monday evenings, with occasional special episodes throughout the week. Help new listeners discover the show by \nleaving us a rating and review on iTunes\n. Have a comment, question or suggestion for “good polling vs. bad polling”? Get in touch by email, \non Twitter\n or in the comments.'),(834,'https://twitter.com/FiveThirtyEight',121,'FiveThirtyEight (@FiveThirtyEight) | Twitter',0.44067,0.30768,0.55933,'The FiveThirtyEight Politics podcast publishes Monday evenings, with occasional special episodes throughout the week. Help new listeners discover the show by \nleaving us a rating and review on iTunes\n. Have a comment, question or suggestion for “good polling vs. bad polling”? Get in touch by email, \non Twitter\n or in the comments.'),(878,'https://www.washingtonpost.com/opinions/apparently-repealing-obamacare-could-violate-international-law/2017/04/25/2794a77c-29f4-11e7-b605-33413c691853_story.html?utm_term=.e54b0812785b',124,' Apparently repealing Obamacare could violate international law - The Washington Post',0.59006,0.68982,0.40994,'Though the Trump administration is likely to ignore the U.N. warning, The Washington Post \nreported\n the Office of the U.N. High Commission on Human Rights in Geneva sent an \"urgent appeal\" on Feb 2. '),(879,'http://english.yonhapnews.co.kr/northkorea/2017/04/25/0401000000AEN20170425005652315.html',125,'(2nd LD) N.K. marks military anniversary with live-fire drill',0.43214,0.83992,0.56786,'North Korea is flexing its military muscles again this week. On Tuesday, the South Korean military reportedly \nconfirmed\n that Pyongyang was conducting a massive live-fire artillery drill. A top North Korean official is reportedly warning that a \"brutal punishment\" awaits the so-called \"warmongers\" in the U.S. and elsewhere.  And while Pyongyang is promising to attack \"in the sky and land as well as at sea,\" a closer look at images of North Korean soldiers reveals that their fighting force may be better suited for propaganda than actual battle.'),(880,'http://video.foxnews.com/v/5399517142001/?#sp=show-clips',125,'North Korea displays ballistic missiles at parade | On Air Videos | Fox News',0.68158,0.42871,0.31842,'North Korea put a variety of new missiles on display during the April 15 parade, and while at least one of them was reportedly a \nprototype\n, some experts thought they spotted actual “fakes.” However, a closer look at some of the soldiers in that parade suggests those missiles may not have been the only things that weren\'t quite battle ready.'),(881,'http://www.apimages.com/metadata/Index/North-Korea-Founder-s-Birthday/c3216b12f28c44bebdd31ae8a7c3449a/166/0',125,'North Korea Founder\'s Birthday | Buy Photos | AP Images | DetailView',0.40432,0.37096,0.59568,'Some of the most memorable images to emerge from North Korea’s dramatic parade featured the special operations “\ncommandos\n” who were carrying what appeared to be AK-47’s with grenade-launching capabilities. There’s just one problem, Pregent said. “Where are the magazines?  There\'s no place for the magazine to go with the mock grenade launcher in the way,” Pregent noted, calling it a “fake capability.”'),(882,'http://www.apimages.com/metadata/Index/North-Korea-Founder-s-Birthday/f093485274f34514a187f2e2b7b49acf/180/0',125,'North Korea Founder\'s Birthday | Buy Photos | AP Images | DetailView',0.59441,0.31339,0.40559,'Pregent claims that the type of \nsunglasses\n being worn by those same troops “looks like a flat-face frame, and that’s not ballistic. That would wraparound and would also protect your eyes.”'),(883,'http://www.apimages.com/metadata/Index/Military-parade-in-North-Korea/fc3523531aa44790a082c0d6304e4823/268/0',125,'Military parade in North Korea | Buy Photos | AP Images | DetailView',0.44831,0.87105,0.55169,'Some of the other eye-drawing items in the North Korean parade, items that may have zero combat application, are the seemingly oversized projectiles affixed to the end of some of those soldiers’ rifles. And while they apparently come in a variety of \nshapes\n and \ncolors\n, Pregent calls them “laughable.”'),(884,'http://www.apimages.com/metadata/Index/Military-parade-in-North-Korea/5ba73fce24494bcb89b3562aa8a88c37/327/0',125,'Military parade in North Korea | Buy Photos | AP Images | DetailView',0.44831,0.87105,0.55169,'Some of the other eye-drawing items in the North Korean parade, items that may have zero combat application, are the seemingly oversized projectiles affixed to the end of some of those soldiers’ rifles. And while they apparently come in a variety of \nshapes\n and \ncolors\n, Pregent calls them “laughable.”'),(885,'http://www.apimages.com/metadata/Index/Military-parade-in-North-Korea/a78f2b474d9741b38100f649ccce3860/332/0',125,'Military parade in North Korea | Buy Photos | AP Images | DetailView',0.56441,0.28532,0.43559,'“If you look, you can see the plastic is over the muzzle,” Pregent said. And while he admits that some of the North Korean \nRPG capabilities\n could be real, the projectiles themselves would have to be fake “because Kim Jong-un doesn’t want them to launch one at the viewing stand,” whether by accident or on purpose.'),(886,'http://www.apimages.com/metadata/Index/Military-parade-in-North-Korea/41c759170e894a99a9eafc6d44ffb894/365/0',125,'Military parade in North Korea | Buy Photos | AP Images | DetailView',0.49516,0.73522,0.50484,'Also fake, Pregent believes, are what appear to be \nsilver-plated rifles\n being held by some of the soldiers who seem more front-and-center than the others. “Saddam had gold plated handguns, and even he wouldn’t give them to his troops, so these are most likely painted,” Pregent said.'),(887,'http://video.foxnews.com/v/5404715762001/?#sp=show-clips',125,'What a war with North Korea would look like | On Air Videos | Fox News',0.45328,0.37685,0.54672,'George Friedman, founder of Geopolitical Futures, told Tucker Carlson \nrecently\n that given those heavily-fortified and strategically placed artillery units, \"if they open fire on [Seoul,] there is going to be a holocaust.\"'),(888,'http://i2.cdn.turner.com/cnn/2017/images/04/26/rel5a.-.trump.at.100.days[10].pdf',126,'couldn\'t fetch title',0.53246,0.74047,0.46754,'WASHINGTON (CNN)\nAs the 100-day mark of Donald Trump\'s presidency approaches, a \nnew CNN/ORC poll\n finds the President reaches this milestone holding on to the lowest approval rating of any newly-elected president at this stage, amid sharp partisan divides and a failure to capitalize on post-election strengths. '),(889,'https://www.washingtonpost.com/news/wonk/wp/2017/04/26/trumps-tax-proposal-what-it-means-for-the-rich-for-the-world-and-for-you/?utm_term=.67063b796798',127,' Trump’s tax proposal: What it means for the rich, for the world and for you - The Washington Post',0.48956,0.81110,0.51044,'[\nTrump’s tax proposal: How his plan could affect you\n]'),(890,'https://www.washingtonpost.com/news/wonk/wp/2017/04/26/trumps-tax-proposal-what-it-means-for-the-rich-for-the-world-and-for-you/?utm_term=.67063b796798',127,' Trump’s tax proposal: What it means for the rich, for the world and for you - The Washington Post',0.18022,0.58535,0.81978,'[\nTrump’s tax proposal: What it means for the rich and for the world\n]'),(891,'http://www.politico.com/story/2017/01/mexico-trump-border-wall-233519',128,'Mexican president: \'Of course\' Mexico won\'t pay for wall - POLITICO',0.42510,0.19759,0.57490,'While the president’s backing down could be read as a loss of face, it could also more charitably be interpreted as good politics. The wall was a useful metaphor — just like Frost’s wall (read the whole poem) — that helped Trump get elected; it was brash shorthand that communicated his \nrestrictive immigration policies\n to voters. And many of them interpreted it as such; most voters didn’t vote for Trump because they were eager to see construction start, according to polls, but rather because they wanted to elect a man willing to take such a bold, \nfiscally dadaist\n stance.'),(892,'http://www.foxnews.com/politics/interactive/2017/03/15/fox-news-poll-315.html',128,'Fox News Poll 3/15 | Fox News',0.33892,0.24237,0.66108,'Polls show that building the wall is quite a low priority for most Americans; in a March \nFox News poll\n, only 3 percent of people overall and 6 percent of Republicans said that it was the accomplishment they most wanted to see from Trump. A January \nGallup poll\n found Americans giving a similar low priority to wall construction: Only 26 percent overall and 38 percent of Republicans thought it was “very important” to build it. A January \nNBC News/Wall Street Journal poll\n found that 55 percent of people thought that building the wall “should not be pursued.”'),(893,'http://www.gallup.com/poll/202691/infrastructure-spending-deemed-important-trump-promise.aspx',128,'\r\n	Infrastructure Spending Deemed Most Important Trump Promise | Gallup\r\n',0.33892,0.24237,0.66108,'Polls show that building the wall is quite a low priority for most Americans; in a March \nFox News poll\n, only 3 percent of people overall and 6 percent of Republicans said that it was the accomplishment they most wanted to see from Trump. A January \nGallup poll\n found Americans giving a similar low priority to wall construction: Only 26 percent overall and 38 percent of Republicans thought it was “very important” to build it. A January \nNBC News/Wall Street Journal poll\n found that 55 percent of people thought that building the wall “should not be pursued.”'),(894,'https://www.poetryfoundation.org/poems-and-poets/poems/detail/44266',128,'403 Forbidden',0.74125,0.75020,0.25875,'If Robert Frost had been \nwriting\n about President Trump’s proposed southern border wall, that “something” would have been the American people — turns out not many of them actually like the idea of building it. In late March, Quinnipiac \nfound\n that 64 percent of Americans thought “beginning to fund the wall along the border with Mexico” was a “bad idea.” On Tuesday, Trump decided to \nwithdraw\n his demand that funding for the wall be included in a short-term government funding bill due to pass Congress this week. (If it doesn’t pass by midnight Friday, the government will \nshut down\n).'),(895,'https://poll.qu.edu/national/release-detail?ReleaseID=2444',128,'National (US) Poll - March 24, 2017 - American Voters Want To Save B | Quinnipiac University Connecticut',0.74125,0.75020,0.25875,'If Robert Frost had been \nwriting\n about President Trump’s proposed southern border wall, that “something” would have been the American people — turns out not many of them actually like the idea of building it. In late March, Quinnipiac \nfound\n that 64 percent of Americans thought “beginning to fund the wall along the border with Mexico” was a “bad idea.” On Tuesday, Trump decided to \nwithdraw\n his demand that funding for the wall be included in a short-term government funding bill due to pass Congress this week. (If it doesn’t pass by midnight Friday, the government will \nshut down\n).'),(896,'https://www.nytimes.com/2017/04/25/us/politics/mexico-wall-spending-trump.html?ref=politics',128,'Wall ‘Will Get Built,’ Trump Insists, as He Drops Funding Demand - The New York Times',0.74125,0.75020,0.25875,'If Robert Frost had been \nwriting\n about President Trump’s proposed southern border wall, that “something” would have been the American people — turns out not many of them actually like the idea of building it. In late March, Quinnipiac \nfound\n that 64 percent of Americans thought “beginning to fund the wall along the border with Mexico” was a “bad idea.” On Tuesday, Trump decided to \nwithdraw\n his demand that funding for the wall be included in a short-term government funding bill due to pass Congress this week. (If it doesn’t pass by midnight Friday, the government will \nshut down\n).'),(897,'https://fivethirtyeight.com/features/can-trump-avoid-a-government-shutdown-on-his-100th-day/',128,'Can Trump Avoid A Government Shutdown On His 100th Day? | FiveThirtyEight',0.74125,0.75020,0.25875,'If Robert Frost had been \nwriting\n about President Trump’s proposed southern border wall, that “something” would have been the American people — turns out not many of them actually like the idea of building it. In late March, Quinnipiac \nfound\n that 64 percent of Americans thought “beginning to fund the wall along the border with Mexico” was a “bad idea.” On Tuesday, Trump decided to \nwithdraw\n his demand that funding for the wall be included in a short-term government funding bill due to pass Congress this week. (If it doesn’t pass by midnight Friday, the government will \nshut down\n).'),(898,'https://www.theatlantic.com/politics/archive/2017/04/how-trump-is-upending-the-conventional-wisdom-on-illegal-immigration/524058/',128,'How Trump Is Upending the Consensus on Illegal Immigration - The Atlantic',0.42510,0.19759,0.57490,'While the president’s backing down could be read as a loss of face, it could also more charitably be interpreted as good politics. The wall was a useful metaphor — just like Frost’s wall (read the whole poem) — that helped Trump get elected; it was brash shorthand that communicated his \nrestrictive immigration policies\n to voters. And many of them interpreted it as such; most voters didn’t vote for Trump because they were eager to see construction start, according to polls, but rather because they wanted to elect a man willing to take such a bold, \nfiscally dadaist\n stance.'),(899,'https://www.scribd.com/document/336831474/17016-NBCWSJ-January-Poll-Final-5-PM-Release',128,'17016 NBCWSJ January Poll Final - 5 PM Release | Patient Protection And Affordable Care Act',0.33892,0.24237,0.66108,'Polls show that building the wall is quite a low priority for most Americans; in a March \nFox News poll\n, only 3 percent of people overall and 6 percent of Republicans said that it was the accomplishment they most wanted to see from Trump. A January \nGallup poll\n found Americans giving a similar low priority to wall construction: Only 26 percent overall and 38 percent of Republicans thought it was “very important” to build it. A January \nNBC News/Wall Street Journal poll\n found that 55 percent of people thought that building the wall “should not be pursued.”'),(900,'https://www.washingtonpost.com/pb/news/the-fix/wp/2017/04/25/no-no-no-no-sean-spicer-will-not-say-funding-for-trumps-border-wall-is-delayed/?outputType=accessibility&nid=menu_nav_accessibilityforscreenreader',128,' ‘No, no, no, no’: Sean Spicer will not say funding for Trump’s border wall is ‘delayed’ - The Washington Post',0.52080,0.84479,0.47920,'Trump’s decision not to shut down the government over the wall — Democrats would have been unlikely to sign on to any bill that included wall funding, and their support is needed to pass the budget bill — seems smart. (Why the White House ever made the demand in the first place is another question.) It looks like the government funding bill and the end of his first 100 days are what weigh most heavily on Trump’s mind right now, which leaves the wall in a holding pattern for the moment. “We will continue to seek funding through the FY18 and further budgets to make sure that the actual [wall] — it is completed,” White House Press Secretary Sean Spicer \nsaid in a briefing Tuesday\n.'),(901,'https://poll.qu.edu/national/release-detail?ReleaseID=2405',128,'National (US) Poll - November 22, 2016 - Stop Tweeting, American Voters | Quinnipiac University Connecticut',0.69137,0.78550,0.30863,'The administration appears to have dropped the idea that Mexico will provide financing up front for the border wall, which comes as less of a surprise when you realize that not many people were ever convinced that Mexico was going to pay for it. In November 2016, right after Trump’s election, \nQuinnipiac asked\n if respondents thought Trump would get Mexico to pay for the border wall and only 19 percent overall and 35 percent of Republicans said “yes.” Perhaps that’s why Trump felt OK \ntweeting\n earlier this week that, “Eventually, but at a later date so we can get started early, Mexico will be paying, in some form, for the badly needed border wall.”'),(902,'https://twitter.com/realDonaldTrump/status/856172056932700164?ref_src=twsrc%5Etfw&ref_url=http%3A%2F%2Fwww.mediaite.com%2Fonline%2Ftrump-mexico-will-eventually-be-paying-in-some-form-for-the-border-wall%2F',128,'Donald J. Trump on Twitter: \"Eventually, but at a later date so we can get started early, Mexico will be paying, in some form, for the badly needed border wall.\"',0.69137,0.78550,0.30863,'The administration appears to have dropped the idea that Mexico will provide financing up front for the border wall, which comes as less of a surprise when you realize that not many people were ever convinced that Mexico was going to pay for it. In November 2016, right after Trump’s election, \nQuinnipiac asked\n if respondents thought Trump would get Mexico to pay for the border wall and only 19 percent overall and 35 percent of Republicans said “yes.” Perhaps that’s why Trump felt OK \ntweeting\n earlier this week that, “Eventually, but at a later date so we can get started early, Mexico will be paying, in some form, for the badly needed border wall.”'),(903,'https://democrats-oversight.house.gov/sites/democrats.oversight.house.gov/files/documents/DIA%20Counsel%20Letter%20to%20Flynn.10.8.2014.pdf',129,'couldn\'t fetch title',0.41785,0.91135,0.58215,'On Thursday, Rep. Elijah E. Cummings (Md.), the top Democrat on the Oversight Committee, released an Oct. 8, 2014, \nletter\n in which a Defense Department lawyer warned Flynn upon his retirement from military service that he was forbidden from receiving payments from foreign sources without receiving permission from the U.S. government first.'),(904,'https://www.washingtonpost.com/graphics/national/trump-russia/',129,'Trump campaign’s Russia ties: Who’s involved - Washington Post',0.28509,0.80767,0.71491,' [\nTrump campaign’s Russia ties: Who’s involved\n] '),(905,'https://www.washingtonpost.com/news/checkpoint/wp/2017/03/23/pentagon-weighs-response-to-flynn-working-on-behalf-of-turkish-interests-without-u-s-permission/?utm_term=.bd3a205e14ae',129,' Pentagon weighs response to Flynn working on behalf of Turkish interests without U.S. permission - The Washington Post',0.49004,0.71167,0.50996,' [\nPentagon weighs response to Flynn working on behalf of Turkish interests without U.S. permission\n] '),(906,'https://democrats-oversight.house.gov/sites/democrats.oversight.house.gov/files/documents/DIA%20to%20OGR%20unclassified%20cover%20letter.pdf',129,'couldn\'t fetch title',0.49224,0.74994,0.50776,'Flynn’s lawyer, Robert K. Kelner, has argued that the retired general met requirements for his trip to Russia by briefing the Defense Intelligence Agency, from which he retired in 2014, before and after that trip. DIA confirmed that he did so in \na letter it sent to to the House committee this month\n, but added that it had no record of Flynn seeking permission or approval to accept money for going.'),(907,'https://twitter.com/robkelner/status/857664868815654913',129,'Robert Kelner on Twitter: \"A media statement in response to the release of documents today by Representative Cummings concerning General Mike Flynn. https://t.co/zS3XpLJj2h\"',0.36620,0.99965,0.63380,'Kelner \nreleased a statement on Twitter\n that noted that the letter sent by DIA to the House committee this month shows that Flynn communicated with the agency about his trip to Moscow both before and afterward. It also mentions that Flynn submitted a thumb drive with information about a presentation he made in Russia through his speakers bureau.'),(908,'https://t.co/zS3XpLJj2h',129,'Robert Kelner on Twitter: \"A media statement in response to the release of documents today by Representative Cummings concerning General Mike Flynn. https://t.co/zS3XpLJj2h\"',0.27263,0.78467,0.72737,'A media statement in response to the release of documents today by Representative Cummings concerning General Mike Flynn. \npic.twitter.com/zS3XpLJj2h'),(909,'https://twitter.com/robkelner/status/857664868815654913',129,'Robert Kelner on Twitter: \"A media statement in response to the release of documents today by Representative Cummings concerning General Mike Flynn. https://t.co/zS3XpLJj2h\"',0.46964,0.79437,0.53036,'— Robert Kelner (@robkelner) \nApril 27, 2017'),(910,'https://www.washingtonpost.com/world/national-security/nearly-the-entire-national-security-establishment-has-rejected-trumpexcept-for-this-man/2016/08/15/d5072d96-5e4b-11e6-8e45-477372e89d78_story.html?tid=a_inl&utm_term=.9239aa1fdd16',129,' He was one of the most respected intel officers of his generation. Now he’s leading ‘Lock her up’ chants. - The Washington Post',0.32865,0.83969,0.67135,'Related stories:\n \nHe was one of the most respected generals of his generation. Then he started leading ‘lock her up’ chants\n.'),(911,'https://www.washingtonpost.com/opinions/michael-flynns-star-burns-out/2017/02/14/64814e48-f302-11e6-a9b0-ecee7ce475fc_story.html?utm_term=.43c8d0119d7f',129,' Michael Flynn’s star burns out - The Washington Post',0.47458,0.79616,0.52542,'Commentary: Michael Flynn’s star burns out'),(912,'https://www.washingtonpost.com/news/fact-checker/wp/2017/02/15/the-firing-of-michael-flynn-a-timeline/?utm_term=.e2830c1c0c99',129,' The fall of Michael Flynn: A timeline - The Washington Post',0.48075,0.89558,0.51925,'The fall of Michael Flynn: A timeline'),(917,'http://nymag.com/daily/intelligencer/2017/04/is-a-management-shake-up-looming-at-fox-news.html',131,'Is a Management Shake-up Looming at Fox News?',55.79604,83.37441,44.20396,'Fox News host and talk radio star Sean Hannity appeared alarmed \nat a report from the New York Magazine\n that Fox News was heading towards a management “shakeup” at the network after the accusations that took down Bill O’Reilly. Hannity said it would be the “total end” of Fox News if the report was true.'),(918,'http://nymag.com/daily/intelligencer/2017/04/is-a-management-shake-up-looming-at-fox-news.html',131,'Is a Management Shake-up Looming at Fox News?',59.29187,95.14893,40.70813,'The \nscoop\n from Gabriel Sherman seemed to indicate that Fox News was close to firing the network’s co-president, Bill Shine. According to the report, Shine had asked the CEO and c0-chairman of the parent network company to make a public show of support for the co-president, but they refused.'),(919,'http://www.theblaze.com/news/2017/04/26/fox-news-hit-with-racial-discrimination-and-harassment-lawsuit-from-13-employees/',131,'Fox News hit with racial discrimination and harassment lawsuit from 13 employees – TheBlaze',51.47908,76.07211,48.52092,'Fox News has been fighting a plethora of sexual harassment lawsuits and a recent filing\n alleging racial harassment and discrimination\n from former and current network employees.'),(920,'http://www.theblaze.com/news/2017/04/27/sean-hannity-delivers-scathing-monologue-announcing-he-may-sue-liberal-fascist-news-outlets/',131,'Sean Hannity delivers scathing monologue announcing he may sue ‘liberal fascist’ news outlets – TheBlaze',46.97416,83.19425,53.02584,'Hannity has been using his \nplatform on his cable news show to blast accusations\n from a former guest who said he invited her to his hotel and then banned her from his show when she refused. This comes just one week after\n Bill O’Reilly resigned over sexual harassment allegations,\n and while “The Five” co-host Jesse Watters is criticized for an apparent sexual remark about Ivanka Trump.'),(921,'http://www.theblaze.com/news/2017/04/24/bill-oreilly-says-the-truth-about-harassment-charges-will-leave-listeners-shaken/',131,'Bill O’Reilly says the truth about harassment charges will leave listeners ‘shaken’ – TheBlaze',46.97416,83.19425,53.02584,'Hannity has been using his \nplatform on his cable news show to blast accusations\n from a former guest who said he invited her to his hotel and then banned her from his show when she refused. This comes just one week after\n Bill O’Reilly resigned over sexual harassment allegations,\n and while “The Five” co-host Jesse Watters is criticized for an apparent sexual remark about Ivanka Trump.'),(922,'https://t.co/W3BJ2wjzRD',131,'Gabriel Sherman on Twitter: \"Fox News in crisis: Sources say Bill Shine asked that the Murdochs release a statement of support but they refused \nhttps://t.co/RBUWO8Jsig\"',29.42701,14.69775,70.57299,'Gäbe i pray this is NOT true because if it is, that\'s the total end of the FNC as we know it. Done. Best Sean \nhttps://t.co/W3BJ2wjzRD'),(923,'https://twitter.com/seanhannity/status/857693772884430849',131,'Sean Hannity on Twitter: \"Gäbe i pray this is NOT true because if it is, that\'s the total end of the FNC as we know it. Done. Best Sean https://t.co/W3BJ2wjzRD\"',52.78417,83.87071,47.21583,'— Sean Hannity (@seanhannity) \nApril 27, 2017'),(924,'https://t.co/W3BJ2wjzRD',131,'Gabriel Sherman on Twitter: \"Fox News in crisis: Sources say Bill Shine asked that the Murdochs release a statement of support but they refused \nhttps://t.co/RBUWO8Jsig\"',57.00107,67.59835,42.99893,'Somebody HIGH UP AND INSIDE FNC is trying to get an innocent person fired. And Gabe I KNOW WHO it is. Best Sean \nhttps://t.co/W3BJ2wjzRD'),(925,'https://twitter.com/seanhannity/status/857698604236107776',131,'Sean Hannity on Twitter: \"Somebody HIGH UP AND INSIDE FNC is trying to get an innocent person fired. And Gabe I KNOW WHO it is. Best Sean https://t.co/W3BJ2wjzRD\"',52.78417,83.87071,47.21583,'— Sean Hannity (@seanhannity) \nApril 27, 2017'),(926,'https://twitter.com/seanhannity/status/857701928054259712',131,'Sean Hannity on Twitter: \"#Istandwithbill https://t.co/W3BJ2wjzRD\"',44.30657,61.06635,55.69343,'He followed up with a tweet of a \nhashtag “I stand with Bill,”\n and then another\n reading, “I stand with Shine.”'),(927,'https://twitter.com/seanhannity/status/857705321363628034',131,'Sean Hannity on Twitter: \"I\'ll change it. #Istandwithshine https://t.co/W3BJ2wjzRD\"',44.30657,61.06635,55.69343,'He followed up with a tweet of a \nhashtag “I stand with Bill,”\n and then another\n reading, “I stand with Shine.”'),(928,'http://www.theblaze.com/podcasts/trumps-promised-tax-plan-is-here-including-lower-tax-rates-and-fewer-deductions/',132,'Trump’s promised tax plan is here, including lower tax rates and fewer deductions – TheBlaze',53.73471,32.22873,46.26529,'Equally impressive to Chris was the idea that we could all turn in our taxes on one page. Simplification only comes when \nmany deductions are eliminated\n, but we would still be able to write off expenses for child and dependent care.'),(929,'http://www.bit.ly/2igmOIR',132,'Chris Salcedo – TheBlaze',42.56263,76.52351,57.43737,'To see more from Chris, visit his channel on \nTheBlaze\n and listen live to “The Chris Salcedo Show” weekdays 2–5 p.m. ET, only on \nTheBlaze Radio Network\n.'),(930,'http://www.bit.ly/2jjjEWC',132,'Radio – TheBlaze',42.56263,76.52351,57.43737,'To see more from Chris, visit his channel on \nTheBlaze\n and listen live to “The Chris Salcedo Show” weekdays 2–5 p.m. ET, only on \nTheBlaze Radio Network\n.'),(931,'https://www.law.cornell.edu/uscode/text/26/55',132,'26 U.S. Code § 55 - Alternative minimum tax imposed | US Law | LII / Legal Information Institute',61.93110,81.12130,38.06890,'There will be a repeal of the \nAlternative Minimum Tax\n, which was only intended to apply to higher income individuals but now penalizes many in the middle class. Cohn said it “requires taxpayers to do their taxes twice to see which is higher.”'),(932,'http://www.bbc.co.uk/news/world-asia-39739412',133,'North Korea crisis: Why now, what happened, what next? - BBC News',66.38695,90.06377,33.61305,'North Korea crisis: Why now, what happened, what next?'),(933,'http://www.bbc.co.uk/news/world-asia-39728536',133,'North Korea: US vows sanctions and will activate Thaad system \'within days\' - BBC News',47.53514,70.46192,52.46486,'US steps up pressure on Pyongyang'),(934,'http://www.foxnews.com/politics/2017/04/27/tillerson-us-strategy-on-north-korea-relies-on-chinas-participation.html',133,'Tillerson: US strategy on North Korea relies on China\'s participation | Fox News',39.41775,77.09068,60.58225,'Earlier on Thursday, \nMr Tillerson told Fox News\n that China has urged North Korea to refrain from carrying out more tests.'),(935,'http://thehill.com/people/paul-ryan',134,'Paul Ryan | TheHill',68.93768,80.45562,31.06232,'Paul Ryan\nPaul  Ryan\nRepublicans won\'t vote on ObamaCare repeal bill this week\n \nOvernight Finance: Dems explore lawsuit against Trump | Full-court press for Trump tax plan | Clock ticks down to spending deadline\n \nSenate\'s No. 2 Republican: Border tax \'probably dead\'\n \nMORE'),(936,'http://thehill.com/people/paul-ryan',134,'Paul Ryan | TheHill',68.93768,80.45562,31.06232,'Paul  Ryan\nRepublicans won\'t vote on ObamaCare repeal bill this week\n \nOvernight Finance: Dems explore lawsuit against Trump | Full-court press for Trump tax plan | Clock ticks down to spending deadline\n \nSenate\'s No. 2 Republican: Border tax \'probably dead\'\n \nMORE'),(937,'http://thehill.com/people/paul-ryan',134,'Paul Ryan | TheHill',68.93768,80.45562,31.06232,'Paul  Ryan\nRepublicans won\'t vote on ObamaCare repeal bill this week\n \nOvernight Finance: Dems explore lawsuit against Trump | Full-court press for Trump tax plan | Clock ticks down to spending deadline\n \nSenate\'s No. 2 Republican: Border tax \'probably dead\'\n \nMORE'),(938,'http://thehill-v4.disqus.com/?url=http%3A%2F%2Fthehill.com%2Fhomenews%2Fhouse%2F331018-republicans-wont-vote-on-obamacare-repeal-bill-this-week',134,'\n    \n    Sign In - Disqus\n\n    ',38.46491,61.77808,61.53509,'View the discussion thread.'),(962,'https://colinhuang.com/',145,'The Blog of Colin Huang',31.43931,86.09988,68.56069,'Colin Huang\n belongs to a rarefied cohort of Chinese entrepreneurs who launched their careers in Silicon Valley and then returned home to start successful tech companies. Huang, an ex-Google engineer who worked on early search algorithms for e-commerce, is already on his fourth and most ambitious startup.'),(963,'https://soundcloud.com/bloomberg-business/son-of-chinese-factory-workers-built-this-15-billion-startup?in=bloomberg-business/sets/decrypted',145,'Son of Chinese Factory Workers Built This $1.5 Billion Startup by Bloomberg | Bloomberg  | Free Listening on SoundCloud',28.60016,15.24287,71.39984,'Pinduoduo, or PDD, is a kind of Facebook-Groupon mashup that Huang believes could revolutionize e-commerce. PDD just raised more than $100 million, according to people familiar with the matter, valuing the company at more than 10 billion yuan ($1.5 billion) less than two years after its founding. Huang, featured in the \nlatest episode \nof the \nDecrypted\n podcast (subscribe \nhere\n), is one reason China has created as many $1 billion startups this year as the U.S.'),(964,'https://itunes.apple.com/us/podcast/decrypted/id1161880916?mt=2',145,'Decrypted by Bloomberg on Apple Podcasts',28.60016,15.24287,71.39984,'Pinduoduo, or PDD, is a kind of Facebook-Groupon mashup that Huang believes could revolutionize e-commerce. PDD just raised more than $100 million, according to people familiar with the matter, valuing the company at more than 10 billion yuan ($1.5 billion) less than two years after its founding. Huang, featured in the \nlatest episode \nof the \nDecrypted\n podcast (subscribe \nhere\n), is one reason China has created as many $1 billion startups this year as the U.S.'),(965,'https://en.wikipedia.org/wiki/Benjamin_Franklin',145,'Benjamin Franklin - Wikipedia',33.01571,83.16648,66.98429,'Huang is aiming high, but he’s unlikely to spend the rest of his life on PDD. He says he has two role models: Lee Kuan Yew, the founding father of Singapore, and \nBenjamin Franklin\n. He admires Lee for leading a poor city-state into the modern age. As for Franklin, Huang marvels at how many different things he accomplished in his life. \"He retired from business at the age of 40. He became a scientist and a politician,&apos;&apos; Huang says, as the sun sets over Shanghai. \"That is a genuine life.\"'),(966,'http://www.breitbart.com/big-government/2017/04/26/freedom-caucus-endorses-gop-obamacare-repeal-bill-after-macarthur-amendment/',146,'Freedom Caucus Endorses GOP Obamacare Repeal Bill After MacArthur Amendment - Breitbart',50.46015,90.89193,49.53985,'At a meeting on the Hill late Thursday night, the speaker and his House Republican leadership team decided to further delay the vote. With what appeared to be the \nacquiescence \nof conservatives in the Freedom Caucus and think-tanks like Club for Growth and FreedomWorks, who \ntook much of the blame\n for the failure of the first attempt to pass the American Health Care Act (AHCA) in March, \nhopes were buoyed\n that passage was imminent. Instead, according to \nPolitico\n, House Majority Leader Kevin McCarthy (R-CA) told reporters as he left the meeting, “We are not voting on health care tomorrow. We’re still educating members.”'),(967,'http://www.breitbart.com/big-government/2017/03/27/fratricide-speaker-ryan-ally-gop-rep-austin-scott-blames-rep-mark-meadows-house-freedom-caucus-for-ryancare-fail/',146,'Fratricide: Speaker Ryan Ally GOP Rep. Austin Scott Blames Rep Mark Meadows, House Freedom Caucus for Ryancare Fail',50.46015,90.89193,49.53985,'At a meeting on the Hill late Thursday night, the speaker and his House Republican leadership team decided to further delay the vote. With what appeared to be the \nacquiescence \nof conservatives in the Freedom Caucus and think-tanks like Club for Growth and FreedomWorks, who \ntook much of the blame\n for the failure of the first attempt to pass the American Health Care Act (AHCA) in March, \nhopes were buoyed\n that passage was imminent. Instead, according to \nPolitico\n, House Majority Leader Kevin McCarthy (R-CA) told reporters as he left the meeting, “We are not voting on health care tomorrow. We’re still educating members.”'),(968,'http://www.breitbart.com/big-government/2017/04/26/without-big-ticket-win-first-100-days-ryan-touts-flurry-blocked-regulations/',146,'Without Big-Ticket Win in First 100 Days, Ryan Touts Flurry of Blocked Regulations - Breitbart',50.46015,90.89193,49.53985,'At a meeting on the Hill late Thursday night, the speaker and his House Republican leadership team decided to further delay the vote. With what appeared to be the \nacquiescence \nof conservatives in the Freedom Caucus and think-tanks like Club for Growth and FreedomWorks, who \ntook much of the blame\n for the failure of the first attempt to pass the American Health Care Act (AHCA) in March, \nhopes were buoyed\n that passage was imminent. Instead, according to \nPolitico\n, House Majority Leader Kevin McCarthy (R-CA) told reporters as he left the meeting, “We are not voting on health care tomorrow. We’re still educating members.”'),(969,'http://www.politico.com/story/2017/04/27/house-republicans-obamacare-repeal-votes-237685',146,'House delays Obamacare vote, denying Trump 100-day win - POLITICO',50.46015,90.89193,49.53985,'At a meeting on the Hill late Thursday night, the speaker and his House Republican leadership team decided to further delay the vote. With what appeared to be the \nacquiescence \nof conservatives in the Freedom Caucus and think-tanks like Club for Growth and FreedomWorks, who \ntook much of the blame\n for the failure of the first attempt to pass the American Health Care Act (AHCA) in March, \nhopes were buoyed\n that passage was imminent. Instead, according to \nPolitico\n, House Majority Leader Kevin McCarthy (R-CA) told reporters as he left the meeting, “We are not voting on health care tomorrow. We’re still educating members.”'),(970,'http://www.breitbart.com/big-government/2017/03/24/exclusive-discussion-gop-replacement-paul-ryan-speaker-house-intensifies-white-house-congress/',146,'Exclusive — Discussion About GOP Replacement to Paul Ryan as Speaker of the House Intensifies in White House, Congress - Breitbart',18.99470,85.58112,81.00530,'Dobbs’s suggestion would not be the first time Paul Ryan and the Freedom Caucus found themselves in contention. Members of the Freedom Caucus\n themselves have called\n Ryan’s continuation as speaker of the House into question. The entire Freedom Caucus leadership also \nrefused to endorse\n Ryan in his 2016 primary challenge from the right by businessman Paul Nehlen, although \nthey did assent\n to Ryan’s speakership the previous year.'),(971,'http://www.breitbart.com/2016-presidential-race/2016/08/04/leaders-house-freedom-caucus-decline-endorse-paul-ryan/',146,'Leaders of House Freedom Caucus Decline To Endorse Paul Ryan - Breitbart',18.99470,85.58112,81.00530,'Dobbs’s suggestion would not be the first time Paul Ryan and the Freedom Caucus found themselves in contention. Members of the Freedom Caucus\n themselves have called\n Ryan’s continuation as speaker of the House into question. The entire Freedom Caucus leadership also \nrefused to endorse\n Ryan in his 2016 primary challenge from the right by businessman Paul Nehlen, although \nthey did assent\n to Ryan’s speakership the previous year.'),(972,'http://www.breitbart.com/big-government/2015/10/28/freedom-caucus-continues-surrender-backs-paul-ryan-amid-support-of-big-government-debt-budget-deal/',146,'Freedom Caucus Continues Surrender, Backs Paul Ryan Amid Support Of Big Government Debt, Budget Deal - Breitbart',18.99470,85.58112,81.00530,'Dobbs’s suggestion would not be the first time Paul Ryan and the Freedom Caucus found themselves in contention. Members of the Freedom Caucus\n themselves have called\n Ryan’s continuation as speaker of the House into question. The entire Freedom Caucus leadership also \nrefused to endorse\n Ryan in his 2016 primary challenge from the right by businessman Paul Nehlen, although \nthey did assent\n to Ryan’s speakership the previous year.'),(973,'http://www.breitbart.com/video/2017/03/25/judge-jeanine-paul-ryan-needs-step/',146,'Judge Jeanine: \'Paul Ryan Needs to Step Down\' - Breitbart',57.54660,54.01352,42.45340,'Ingraham and Dobbs’s comments add to a \ngrowing\n chorus of \nvoices on the right\n of the Republican Party calling for Ryan to relinquish the speaker’s mace in the wake of the failure to see through the key GOP platform plank of repealing and replacing Obamacare.'),(974,'http://www.breitbart.com/big-government/2017/02/27/former-trump-advisor-paul-ryan-step-cannot-pass-obamacare-repeal/',146,'Former Trump Advisor: Paul Ryan Should Step Down If He Cannot Pass Obamacare Repeal - Breitbart',57.54660,54.01352,42.45340,'Ingraham and Dobbs’s comments add to a \ngrowing\n chorus of \nvoices on the right\n of the Republican Party calling for Ryan to relinquish the speaker’s mace in the wake of the failure to see through the key GOP platform plank of repealing and replacing Obamacare.'),(975,'http://www.politico.com/f/?id=0000015b-a6d5-de92-a17b-aed55e780001',150,'couldn\'t fetch title',45.52999,75.76544,54.47001,'The order was merely an example of the president’s use of the “bully pulpit, serving the purpose of highlighting President Trump’s focus on immigration enforcement,” the \nadministration’s council told US District Judge William Orrick in San Francisco\n.'),(976,'http://jamesgoodnow.com/',150,'James Goodnow – Lawyer, Commentator, Community',36.69804,90.98734,63.30196,'“There is no doubt a culture clash going on between judges who use language precisely and a populist president who freewheels with language and often shoots from the hip,” says James Goodnow, an attorney with Fennemore Craig, headquartered in Phoenix, and \na frequent legal commentator. \n “Judges are in the business of ascertaining intent.... Courts then have to do their best to figure out intent from the papers in front of them or witness testimony.”'),(977,'https://www.nytimes.com/2017/02/01/us/politics/donald-trump-islam.html',150,'Trump Pushes Dark View of Islam to Center of U.S. Policy-Making - The New York Times',29.88194,81.37717,70.11806,'In March, federal judges in Hawaii and Maryland halted the president’s executive order suspending immigration from “countries of concern,” citing administration officials’ \nmany statements broadly condemning Islam,\n as well as candidate Trump’s statements calling for \n“a total and complete shutdown of Muslims entering the United States”\n – a statement still posted on the campaign site.'),(978,'https://www.donaldjtrump.com/press-releases/donald-j.-trump-statement-on-preventing-muslim-immigration',150,'​Donald J. Trump Statement on Preventing Muslim Immigration | Donald J Trump for President',29.88194,81.37717,70.11806,'In March, federal judges in Hawaii and Maryland halted the president’s executive order suspending immigration from “countries of concern,” citing administration officials’ \nmany statements broadly condemning Islam,\n as well as candidate Trump’s statements calling for \n“a total and complete shutdown of Muslims entering the United States”\n – a statement still posted on the campaign site.'),(979,'https://www.washingtonpost.com/news/politics/wp/2017/02/06/california-and-president-trump-are-going-to-war-with-each-other/?utm_term=.999fe24d3c21',150,'California and President Trump are going to war with each other - The Washington Post',24.60569,87.41560,75.39431,'In his battle against “sanctuary cities,” Trump, as well as surrogates such as White House press secretary Sean Spicer and Attorney General Jeff Sessions, have said his administration would wield federal funding as \n“a weapon”\n against states like California, where many jurisdictions limit cooperation with immigration officials.  '),(980,'https://www.washingtonpost.com/news/volokh-conspiracy/wp/2016/11/26/federalism-the-constitution-and-sanctuary-cities/',150,'Federalism, the Constitution, and sanctuary cities - The Washington Post',44.86367,56.60591,55.13633,'The problem is that the president cannot simply wield funding as a kind of stick to prod states to get in line. Many \nSupreme Court precedents\n already limit the president’s ability to cut funding already allocated by Congress, legal experts say.'),(981,'https://twitter.com/realdonaldtrump/status/857177434210304001',150,'Donald J. Trump on Twitter: \"First the Ninth Circuit rules against the ban & now it hits again on sanctuary cities-both ridiculous rulings. See you in the Supreme Court!\"',28.18370,59.09663,71.81630,'The president \nlashed out against the ruling on Twitter.\n \"First the Ninth Circuit rules against the ban & now it hits again on sanctuary cities – both ridiculous rulings. See you in the Supreme Court!” Orrick is a district judge in San Francisco, not a member of the US Court of Appeals for the 9th Circuit.'),(982,'https://www.washingtonpost.com/news/volokh-conspiracy/wp/2016/11/26/federalism-the-constitution-and-sanctuary-cities/',150,'Federalism, the Constitution, and sanctuary cities - The Washington Post',32.95178,75.12952,67.04822,'A number of conservative Supreme Court decisions \nhave emphasized the concept of federalism,\n or the separation of powers. A concept dear to many conservatives, federalist principles may prevent the Trump administration from using funding as a weapon, scholars say.'),(983,'https://www.law.cornell.edu/uscode/text/8/1373',150,'8 U.S. Code § 1373 - Communication between government agencies and the Immigration and Naturalization Service | US Law | LII / Legal Information Institute',31.10545,92.61653,68.89455,'The Trump administration has also said that local jurisdictions must certify their compliance with a \nsection of federal immigration law\n in order to receive certain federal grants. Section 1373 of the federal statute requires localities to share any information they have about an individual’s immigration status. But as legal scholars note, this section of the law does not, and cannot, require local entities to collect this information in the first place. '),(984,'https://supreme.justia.com/cases/federal/us/451/1/case.html#17',150,' Pennhurst State Sch. & Hosp. v. Halderman (full text) :: 451 U.S. 1 (1981) :: Justia U.S. Supreme Court Center',48.11961,76.20731,51.88039,'In addition, the Supreme Court has long ruled that any conditions attached to federal grants must be \n“unambiguously”\n stated in the text of the law “so that the States can knowingly decide whether or not to accept those funds.”'),(997,'http://www.vox.com/2017/2/27/14750944/trump-health-care-complicated',152,'couldn\'t fetch title',32.66274,76.65582,67.33726,'Mr. Trump has learned that \nhealth-care reform\n and \nNorth Korea\n are complicated, that \nNATO\n and the \nExport-Import Bank\n are worth preserving after all, and that China, in fact, is not manipulating its currency. He’s also learned the enormous unilateral power American presidents enjoy as commander in chief – though he hasn\'t fully tested the limits of that power, or experienced the consequences of doing so.'),(998,'http://www.vox.com/2017/4/12/15279654/trump-north-korea-xi-10-minutes',152,'couldn\'t fetch title',32.66274,76.65582,67.33726,'Mr. Trump has learned that \nhealth-care reform\n and \nNorth Korea\n are complicated, that \nNATO\n and the \nExport-Import Bank\n are worth preserving after all, and that China, in fact, is not manipulating its currency. He’s also learned the enormous unilateral power American presidents enjoy as commander in chief – though he hasn\'t fully tested the limits of that power, or experienced the consequences of doing so.'),(999,'http://www.cnn.com/2017/04/12/politics/donald-trump-jens-stoltenberg-nato/',152,'Trump reverses position, says NATO is \'no longer obsolete\' - CNNPolitics.com',32.66274,76.65582,67.33726,'Mr. Trump has learned that \nhealth-care reform\n and \nNorth Korea\n are complicated, that \nNATO\n and the \nExport-Import Bank\n are worth preserving after all, and that China, in fact, is not manipulating its currency. He’s also learned the enormous unilateral power American presidents enjoy as commander in chief – though he hasn\'t fully tested the limits of that power, or experienced the consequences of doing so.'),(1000,'http://time.com/4406184/donald-trump-interview-time-cover/',152,'Donald Trump: Most Revealing Comments From TIME Cover Story | Time.com',54.48815,43.37854,45.51185,'Still, if there’s one point about Trump that both supporters and critics agree on, it’s that he’s a listener. \nHe’s not a reader or a details guy\n. “I’m an intuitive person,” \nhe has said\n. As president, that intuition is informed by exposing himself to differing views, both among his famously clashing advisers, in his cable-news viewing, and in his dealings with Congress.'),(1001,'http://www.csmonitor.com/USA/Politics/2017/0414/Why-Trump-s-palace-intrigue-matters',152,'Why Trump\'s palace intrigue matters - CSMonitor.com',40.30066,28.19602,59.69934,'The firing of Michael Flynn as national security adviser and his replacement with H.R. McMaster represents progress in the latter’s “more conventional and less disruptive approach to security issues,” Schnur says. “The influence of people like [economic adviser] \nGary Cohn\n demonstrates the same type of realization, that you can change Washington in some ways, but not in every way all at once.”'),(1002,'http://abcnews.go.com/Politics/president-trump-100-days-honeymoon-regrets-poll/story?id=46943338&mc_cid=b77907a4e2&mc_eid=48d50b60f9',152,'President Trump at 100 days: No honeymoon but no regrets (POLL) - ABC News',54.35813,70.34470,45.64187,'Consider the \nlatest ABC News/Washington Post poll\n. Trump is the least popular president in modern history at this stage in office, at 42 percent job approval, and yet 96 percent of those who say they voted for him last November say they’d vote for him again today. The poll also indicates the possibility that Trump could win the popular vote – which he did not get last November – if a rerun of the 2016 election were held today. For those tired of the intense polarization gripping Washington, these results do not bode well.'),(1003,'http://www.csmonitor.com/USA/Politics/2016/0124/The-Trump-effect-video',152,'The Trump effect (+video) - CSMonitor.com',57.08475,84.51556,42.91525,'Author Gwenda Blair\n has interviewed and interacted with Trump many times in her work on a \nbiography\n of the businessman and reality TV performer, long before he announced for president.'),(1004,'http://www.simonandschuster.com/books/The-Trumps/Gwenda-Blair/9780743210799',152,'The Trumps | Book by Gwenda Blair | Official Publisher Page | Simon & Schuster',57.08475,84.51556,42.91525,'Author Gwenda Blair\n has interviewed and interacted with Trump many times in her work on a \nbiography\n of the businessman and reality TV performer, long before he announced for president.'),(1005,'https://www.nytimes.com/2017/04/14/business/export-import-bank-trump-scott-garrett.html',152,'In Reversal, Trump Names Pick to Reshape Export-Import Bank, Not End It - The New York Times',32.66274,76.65582,67.33726,'Mr. Trump has learned that \nhealth-care reform\n and \nNorth Korea\n are complicated, that \nNATO\n and the \nExport-Import Bank\n are worth preserving after all, and that China, in fact, is not manipulating its currency. He’s also learned the enormous unilateral power American presidents enjoy as commander in chief – though he hasn\'t fully tested the limits of that power, or experienced the consequences of doing so.'),(1006,'https://www.washingtonpost.com/politics/donald-trump-doesnt-read-much-being-president-probably-wouldnt-change-that/2016/07/17/d2ddf2bc-4932-11e6-90a8-fb84201e0645_story.html?utm_term=.83d0d61ff16f',152,'Donald Trump doesn’t read much. Being president probably wouldn’t change that. - The Washington Post',54.48815,43.37854,45.51185,'Still, if there’s one point about Trump that both supporters and critics agree on, it’s that he’s a listener. \nHe’s not a reader or a details guy\n. “I’m an intuitive person,” \nhe has said\n. As president, that intuition is informed by exposing himself to differing views, both among his famously clashing advisers, in his cable-news viewing, and in his dealings with Congress.'),(1007,'https://www.washingtonpost.com/local/2017/live-updates/politics/live-coverage-of-trumps-inauguration/president-trump-tells-the-fec-he-qualifies-as-a-candidate-for-2020/?utm_term=.53b713e6f74a',152,'President Trump tells the FEC he qualifies as a candidate for 2020 - The Washington Post',66.63374,97.21117,33.36626,'Also central is Trump’s decision to start campaigning for reelection essentially from Day One of his presidency. \nTrump filed for the 2020 election\n on Inauguration Day of 2017, a move he says was not a “formal announcement of candidacy,” but he has in fact been holding campaign events. His rally in Harrisburg, Pa., on Saturday night – counter-programming to the annual White House Correspondents’ Association dinner – is being organized by \nDonald J. Trump for President, Inc\n, not the White House.'),(1008,'https://www.donaldjtrump.com/',152,'Make America Great Again! | Donald J Trump for President',66.63374,97.21117,33.36626,'Also central is Trump’s decision to start campaigning for reelection essentially from Day One of his presidency. \nTrump filed for the 2020 election\n on Inauguration Day of 2017, a move he says was not a “formal announcement of candidacy,” but he has in fact been holding campaign events. His rally in Harrisburg, Pa., on Saturday night – counter-programming to the annual White House Correspondents’ Association dinner – is being organized by \nDonald J. Trump for President, Inc\n, not the White House.'),(1009,'https://www.washingtonpost.com/news/wonk/wp/2017/04/28/the-economy-grew-0-7-percent-in-trumps-first-quarter-federal-data-show/?utm_term=.13dd6eb788fa',155,'U.S. economy grew at sluggish 0.7 percent in first quarter of 2017 - The Washington Post',63.23284,44.73239,36.76716,' [\nU.S. economy grew at sluggish 0.7 percent in first quarter of 2017\n] '),(1010,'https://www.washingtonpost.com/news/wonk/wp/2017/04/26/trump-in-new-tax-plan-promises-to-do-what-reagan-couldnt/?tid=a_inl&utm_term=.44849e517524',155,'Trump, in new tax plan, promises to do what Reagan couldn’t - The Washington Post',61.06887,70.37266,38.93113,' [\nTrump, in new tax plan, promises to do what Reagan couldn’t\n] '),(1011,'http://www.baseball-reference.com',157,'MLB Stats, Scores, History, & Records | Baseball-Reference.com',49.54052,9.77019,50.45948,'For diehard baseball fans, a world without Sean Forman’s \nBaseball-Reference.com\n is difficult to imagine. But the site is relatively new; it didn’t grace the Internet until 2000. Before that, for seamheads interested in baseball statistics there was only … print. Print? Yes, print. You remember print.'),(1012,'http://sabr.org/research/macmillian-baseball-encyclopedia-west-system-and-sweat-equity',157,'The Macmillian Baseball Encyclopedia, the West System, and Sweat Equity | Society for American Baseball Research',47.12574,58.42305,52.87426,'In his New York Times review, the late, great Jimmy Breslin wrote, “The book is so heavy that the mailman bringing it to the house stumbled and suffered a severe groin injury.” Its weight would result in an enduring nickname, “Big Mac.” But its enormous size and $25 price tag (equivalent to more than $150 today) still didn’t deter people from buying it: The first edition is \nsaid to have sold\n 100,000 copies.'),(1021,'http://time.com/tag/donald-trump',163,'Donald Trump | Time.com',52.14033,52.25935,47.85967,'Donald Trump'),(1022,'http://time.com/author/zeke-j-miller/',163,'Zeke J Miller | Time.com',45.61539,57.46767,54.38461,'Zeke J Miller'),(1023,'http://time.com/philippines-drug-war/',163,'Philippines: Rodrigo Duterte\'s Drug War Photos',36.38540,80.93745,63.61460,' react-text: 238 \nThe White House announced Saturday that Trump invited Duterte \"to discuss the importance of the the United States-Philippines alliance, which is now heading in a very positive direction.\" But Duterte has encouraged a \n /react-text \n react-text: 240 \ndeadly extrajudicial crackdown\n /react-text \n react-text: 241 \n on drug users and dealers in his country, in which vigilantes have killed thousands.\n /react-text '),(1024,'http://time.com/time-person-of-the-year-2016-donald-trump-choice/',163,'Donald Trump TIME Person of the Year: How We Picked',65.45429,28.22741,34.54571,' react-text: 245 \n“Well, hey, look, this is bad stuff,” he said about U.S. gangs, in an interview for TIME\'s \n /react-text \n react-text: 247 \n2016 Person of the Year\n /react-text \n react-text: 248 \n issue. “They slice them up, they carve their initials in the girl’s forehead, O.K. What are we supposed to do? Be nice about it?”\n /react-text '),(1025,'http://time.com/tag/congress',164,'Congress | Time.com',50.95520,71.70382,49.04480,'Congress'),(1034,'http://www.newyorker.com/magazine/2017/03/06/what-calling-congress-achieves',166,'What Calling Congress Achieves - The New Yorker',72.36067,46.77308,27.63933,'Morgan\n: I think people shouldn’t contact public officials outside his/her/their district. \nIt is largely ineffective\n, if I’m not mistaken, and I don’t think it will be heard. I could be wrong, though!'),(1035,'https://fivethirtyeight.com/tag/survey-says/',166,'Survey Says – FiveThirtyEight',26.37255,61.33683,73.62745,'Welcome to \nSurvey Says\n, FiveThirtyEight’s advice column. In each installment, our two advice-givers will take a reader question, debate what he or she should do, and then survey a panel of people about what the best course of action is. Need our advice? \nSend us your quandary!'),(1036,'https://docs.google.com/forms/d/e/1FAIpQLScjBPbOoeBYXqUUewzkZsrLvaswr9PJpT9vklJ6Rd5ZZU_3Tg/viewform?c=0&w=1',166,'FiveThirtyEight Advice Column Submission Form',26.37255,61.33683,73.62745,'Welcome to \nSurvey Says\n, FiveThirtyEight’s advice column. In each installment, our two advice-givers will take a reader question, debate what he or she should do, and then survey a panel of people about what the best course of action is. Need our advice? \nSend us your quandary!'),(1037,'https://www.opensecrets.org/lobby/top.php?showYear=2016&indexType=i',166,'Lobbying Spending Database | OpenSecrets',34.65443,20.88562,65.34557,'Walt\n: Like in 2016 alone, by the Center for Responsive Politics’ count, \nindustries spent a cumulative $2 billion lobbying Congress\n. I doubt they lobbied people only in their own congressional district. And like it or not, lobbying is one of the only professions explicitly protected in the Bill of Rights! By virtue of their being an elected official, you are allowed to present your case to them. As long as you are honest, it’s ethical as far as I’m concerned. But I think you’re right, it’s not going to be effective.'),(1038,'https://www.surveymonkey.com/audience',166,'\n    Market Research Platform and Analysis | SurveyMonkey Audience\n',55.50619,76.21366,44.49381,'FiveThirtyEight commissioned a \nSurveyMonkey Audience\n poll that ran April 12-13 and received 1,271\n \nresponses. We presented respondents with Jonny’s letter and asked them what the best advice is, given the situation. They were only allowed to choose one option.'),(1039,'https://fivethirtyeight.com/features/am-i-overthinking-this-routine-social-interaction/',166,'Am I Overthinking This Routine Social Interaction? | FiveThirtyEight',52.88909,35.39476,47.11091,'Am I Overthinking This Routine Social Interaction?'),(1040,'https://fivethirtyeight.com/features/i-think-i-lost-my-faith-how-do-i-get-out-of-my-office-bible-study/',166,'I Think I Lost My Faith. How Do I Get Out Of My Office Bible Study? | FiveThirtyEight',73.22439,33.82721,26.77561,'I Think I Lost My Faith. How Do I Get Out Of My Office Bible Study?'),(1041,'https://fivethirtyeight.com/features/people-at-my-job-keep-getting-my-name-wrong-what-should-i-do/',166,'People At My Job Keep Getting My Name Wrong. What Should I Do? | FiveThirtyEight',71.39642,15.99331,28.60358,'People At My Job Keep Getting My Name Wrong. What Should I Do?');
/*!40000 ALTER TABLE `biasapp_url` ENABLE KEYS */;
UNLOCK TABLES;

--
-- Table structure for table `django_admin_log`
--

DROP TABLE IF EXISTS `django_admin_log`;
/*!40101 SET @saved_cs_client     = @@character_set_client */;
/*!40101 SET character_set_client = utf8 */;
CREATE TABLE `django_admin_log` (
  `id` int(11) NOT NULL AUTO_INCREMENT,
  `action_time` datetime(6) NOT NULL,
  `object_id` longtext,
  `object_repr` varchar(200) NOT NULL,
  `action_flag` smallint(5) unsigned NOT NULL,
  `change_message` longtext NOT NULL,
  `content_type_id` int(11) DEFAULT NULL,
  `user_id` int(11) NOT NULL,
  PRIMARY KEY (`id`),
  KEY `django_admin__content_type_id_c4bce8eb_fk_django_content_type_id` (`content_type_id`),
  KEY `django_admin_log_user_id_c564eba6_fk_auth_user_id` (`user_id`),
  CONSTRAINT `django_admin__content_type_id_c4bce8eb_fk_django_content_type_id` FOREIGN KEY (`content_type_id`) REFERENCES `django_content_type` (`id`),
  CONSTRAINT `django_admin_log_user_id_c564eba6_fk_auth_user_id` FOREIGN KEY (`user_id`) REFERENCES `auth_user` (`id`)
) ENGINE=InnoDB AUTO_INCREMENT=19 DEFAULT CHARSET=utf8;
/*!40101 SET character_set_client = @saved_cs_client */;

--
-- Dumping data for table `django_admin_log`
--

LOCK TABLES `django_admin_log` WRITE;
/*!40000 ALTER TABLE `django_admin_log` DISABLE KEYS */;
INSERT INTO `django_admin_log` VALUES (1,'2017-03-26 05:30:42.183561','40','Url object',3,'',8,2),(2,'2017-03-26 05:30:42.233594','39','Url object',3,'',8,2),(3,'2017-03-26 05:30:42.301640','38','Url object',3,'',8,2),(4,'2017-03-26 05:30:42.406710','37','Url object',3,'',8,2),(5,'2017-03-26 05:30:42.447237','36','Url object',3,'',8,2),(6,'2017-03-26 05:30:42.516284','35','Url object',3,'',8,2),(7,'2017-03-26 05:30:42.562814','33','Url object',3,'',8,2),(8,'2017-03-26 05:30:42.639866','32','Url object',3,'',8,2),(9,'2017-03-26 05:30:42.678185','31','Url object',3,'',8,2),(10,'2017-03-26 05:30:42.719743','30','Url object',3,'',8,2),(11,'2017-04-01 05:44:43.929368','27','Articles object',2,'[{\"changed\": {\"fields\": [\"website\"]}}]',1,2),(12,'2017-04-01 05:44:49.784937','28','Articles object',2,'[{\"changed\": {\"fields\": [\"website\"]}}]',1,2),(13,'2017-04-01 05:45:01.472360','40','Articles object',2,'[{\"changed\": {\"fields\": [\"website\"]}}]',1,2),(14,'2017-04-01 05:45:08.225764','42','Articles object',2,'[{\"changed\": {\"fields\": [\"website\", \"title\"]}}]',1,2),(15,'2017-04-01 05:45:23.593877','41','Articles object',2,'[{\"changed\": {\"fields\": [\"website\"]}}]',1,2),(16,'2017-04-01 08:53:47.491703','73','Articles object',2,'[{\"changed\": {\"fields\": [\"website\"]}}]',1,2),(17,'2017-04-27 22:36:48.500475','1','Evan_Roberts',2,'[{\"changed\": {\"fields\": [\"username\"]}}]',4,2),(18,'2017-04-27 22:37:04.248070','1','Evan',2,'[{\"changed\": {\"fields\": [\"username\"]}}]',4,2);
/*!40000 ALTER TABLE `django_admin_log` ENABLE KEYS */;
UNLOCK TABLES;

--
-- Table structure for table `django_content_type`
--

DROP TABLE IF EXISTS `django_content_type`;
/*!40101 SET @saved_cs_client     = @@character_set_client */;
/*!40101 SET character_set_client = utf8 */;
CREATE TABLE `django_content_type` (
  `id` int(11) NOT NULL AUTO_INCREMENT,
  `app_label` varchar(100) NOT NULL,
  `model` varchar(100) NOT NULL,
  PRIMARY KEY (`id`),
  UNIQUE KEY `django_content_type_app_label_76bd3d3b_uniq` (`app_label`,`model`)
) ENGINE=InnoDB AUTO_INCREMENT=10 DEFAULT CHARSET=utf8;
/*!40101 SET character_set_client = @saved_cs_client */;

--
-- Dumping data for table `django_content_type`
--

LOCK TABLES `django_content_type` WRITE;
/*!40000 ALTER TABLE `django_content_type` DISABLE KEYS */;
INSERT INTO `django_content_type` VALUES (2,'admin','logentry'),(5,'auth','group'),(3,'auth','permission'),(4,'auth','user'),(1,'biasapp','articles'),(9,'biasapp','similararticle'),(8,'biasapp','url'),(6,'contenttypes','contenttype'),(7,'sessions','session');
/*!40000 ALTER TABLE `django_content_type` ENABLE KEYS */;
UNLOCK TABLES;

--
-- Table structure for table `django_migrations`
--

DROP TABLE IF EXISTS `django_migrations`;
/*!40101 SET @saved_cs_client     = @@character_set_client */;
/*!40101 SET character_set_client = utf8 */;
CREATE TABLE `django_migrations` (
  `id` int(11) NOT NULL AUTO_INCREMENT,
  `app` varchar(255) NOT NULL,
  `name` varchar(255) NOT NULL,
  `applied` datetime(6) NOT NULL,
  PRIMARY KEY (`id`)
) ENGINE=InnoDB AUTO_INCREMENT=46 DEFAULT CHARSET=utf8;
/*!40101 SET character_set_client = @saved_cs_client */;

--
-- Dumping data for table `django_migrations`
--

LOCK TABLES `django_migrations` WRITE;
/*!40000 ALTER TABLE `django_migrations` DISABLE KEYS */;
INSERT INTO `django_migrations` VALUES (1,'contenttypes','0001_initial','2017-03-07 19:51:52.329021'),(2,'auth','0001_initial','2017-03-07 19:52:02.259972'),(3,'admin','0001_initial','2017-03-07 19:52:05.354593'),(4,'admin','0002_logentry_remove_auto_add','2017-03-07 19:52:05.428810'),(5,'contenttypes','0002_remove_content_type_name','2017-03-07 19:52:07.119223'),(6,'auth','0002_alter_permission_name_max_length','2017-03-07 19:52:08.196873'),(7,'auth','0003_alter_user_email_max_length','2017-03-07 19:52:10.713861'),(8,'auth','0004_alter_user_username_opts','2017-03-07 19:52:10.827845'),(9,'auth','0005_alter_user_last_login_null','2017-03-07 19:52:11.632807'),(10,'auth','0006_require_contenttypes_0002','2017-03-07 19:52:11.710934'),(11,'auth','0007_alter_validators_add_error_messages','2017-03-07 19:52:11.783869'),(12,'auth','0008_alter_user_username_max_length','2017-03-07 19:52:12.718878'),(13,'biasapp','0001_initial','2017-03-07 19:52:14.075374'),(14,'biasapp','0002_articles_title','2017-03-07 19:52:14.723578'),(15,'biasapp','0003_auto_20170303_1817','2017-03-07 19:52:15.555055'),(16,'biasapp','0004_remove_articles_title','2017-03-07 19:52:16.341554'),(17,'biasapp','0005_articles_title','2017-03-07 19:52:17.268975'),(18,'sessions','0001_initial','2017-03-07 19:52:17.961038'),(19,'biasapp','0006_articles_links','2017-03-15 02:59:35.654423'),(20,'biasapp','0007_auto_20170315_0343','2017-03-15 03:43:25.741918'),(21,'biasapp','0008_url_title','2017-03-15 04:24:03.325692'),(22,'biasapp','0009_auto_20170326_0512','2017-03-26 05:58:07.036903'),(23,'biasapp','0010_auto_20170326_0514','2017-03-26 05:58:07.109192'),(24,'biasapp','0011_auto_20170326_0521','2017-03-26 05:58:07.150912'),(25,'biasapp','0012_auto_20170326_0527','2017-03-26 05:58:07.199813'),(26,'biasapp','0013_auto_20170326_0530','2017-03-26 05:58:07.241430'),(27,'biasapp','0014_auto_20170326_0531','2017-03-26 05:58:07.287474'),(28,'biasapp','0015_auto_20170326_0533','2017-03-26 05:58:07.372536'),(29,'biasapp','0016_auto_20170326_0541','2017-03-26 05:58:07.443556'),(30,'biasapp','0017_auto_20170326_0551','2017-03-26 05:58:07.505876'),(31,'biasapp','0018_auto_20170326_0558','2017-03-26 05:58:38.660347'),(32,'biasapp','0019_auto_20170326_0601','2017-03-26 06:01:38.827626'),(33,'biasapp','0020_auto_20170327_0232','2017-03-27 02:32:16.405739'),(34,'biasapp','0021_auto_20170327_1432','2017-03-27 14:32:57.718656'),(35,'biasapp','0022_articles_total_links','2017-03-27 14:36:50.247871'),(36,'biasapp','0023_articles_self_reference','2017-03-27 14:38:38.062062'),(37,'biasapp','0024_auto_20170327_1440','2017-03-27 14:40:58.986509'),(38,'biasapp','0025_auto_20170327_1754','2017-03-27 17:54:14.922355'),(39,'biasapp','0026_articles_website','2017-03-31 19:12:39.878712'),(40,'biasapp','0027_auto_20170401_0722','2017-04-01 07:23:04.188376'),(41,'biasapp','0028_articles_posted_on','2017-04-10 16:20:04.140152'),(42,'biasapp','0029_similararticle','2017-04-25 11:05:30.740622'),(43,'biasapp','0030_auto_20170425_1124','2017-04-25 11:25:03.547849'),(44,'biasapp','0031_articles_all_sides_bias','2017-04-28 02:18:19.375980'),(45,'biasapp','0032_auto_20170428_0248','2017-04-28 02:48:10.715576');
/*!40000 ALTER TABLE `django_migrations` ENABLE KEYS */;
UNLOCK TABLES;

--
-- Table structure for table `django_session`
--

DROP TABLE IF EXISTS `django_session`;
/*!40101 SET @saved_cs_client     = @@character_set_client */;
/*!40101 SET character_set_client = utf8 */;
CREATE TABLE `django_session` (
  `session_key` varchar(40) NOT NULL,
  `session_data` longtext NOT NULL,
  `expire_date` datetime(6) NOT NULL,
  PRIMARY KEY (`session_key`),
  KEY `django_session_de54fa62` (`expire_date`)
) ENGINE=InnoDB DEFAULT CHARSET=utf8;
/*!40101 SET character_set_client = @saved_cs_client */;

--
-- Dumping data for table `django_session`
--

LOCK TABLES `django_session` WRITE;
/*!40000 ALTER TABLE `django_session` DISABLE KEYS */;
INSERT INTO `django_session` VALUES ('18mn3gxnu7n4eqmi3y9t3yygpt2k1x4z','N2Q5N2ZkY2JjZThhNDYwYTljMjFhY2I5NGE5ZDYzMTA1NjAzZjc4MDp7Il9hdXRoX3VzZXJfYmFja2VuZCI6ImRqYW5nby5jb250cmliLmF1dGguYmFja2VuZHMuTW9kZWxCYWNrZW5kIiwiX2F1dGhfdXNlcl9pZCI6IjIiLCJfYXV0aF91c2VyX2hhc2giOiIyNDM1YzMzMmY0YTI5YmJmZTNmMWU4NWI5ZTEwY2UwNjRmMDY4NWE0In0=','2017-04-15 05:43:55.740755'),('3susdjv2r3nb5qjy9h2n4wkc2wl121ok','N2Q5N2ZkY2JjZThhNDYwYTljMjFhY2I5NGE5ZDYzMTA1NjAzZjc4MDp7Il9hdXRoX3VzZXJfYmFja2VuZCI6ImRqYW5nby5jb250cmliLmF1dGguYmFja2VuZHMuTW9kZWxCYWNrZW5kIiwiX2F1dGhfdXNlcl9pZCI6IjIiLCJfYXV0aF91c2VyX2hhc2giOiIyNDM1YzMzMmY0YTI5YmJmZTNmMWU4NWI5ZTEwY2UwNjRmMDY4NWE0In0=','2017-04-09 05:17:39.813583'),('5ddy1bbskxm54g6yhhzk3aeew38mr7li','Mjg1YTYyMTY5MDg5NjBjN2ZiZjRmNzk5YTU2NmZhMDBkMjU2Mzc2Zjp7Il9hdXRoX3VzZXJfYmFja2VuZCI6ImRqYW5nby5jb250cmliLmF1dGguYmFja2VuZHMuTW9kZWxCYWNrZW5kIiwiX2F1dGhfdXNlcl9oYXNoIjoiMjQzNWMzMzJmNGEyOWJiZmUzZjFlODViOWUxMGNlMDY0ZjA2ODVhNCIsIl9hdXRoX3VzZXJfaWQiOiIyIn0=','2017-04-24 03:29:07.024306'),('6203evkh20doczrtljezofoct0kav5dz','ZjVlNGYyZTE2OWY2YzM2YTY5ZWUzNTBmZjlmNWY1NzMyOWVlMDZlZDp7Il9hdXRoX3VzZXJfaWQiOiIyIiwiX2F1dGhfdXNlcl9iYWNrZW5kIjoiZGphbmdvLmNvbnRyaWIuYXV0aC5iYWNrZW5kcy5Nb2RlbEJhY2tlbmQiLCJfYXV0aF91c2VyX2hhc2giOiIyNDM1YzMzMmY0YTI5YmJmZTNmMWU4NWI5ZTEwY2UwNjRmMDY4NWE0In0=','2017-04-12 03:47:09.744622'),('67xq5xhb5wjq7rkerx34a7wgurn4et1t','NzZiYWY1ZTA3YjZhOTFjNWEwOGRhOTM5NDBhOTI5NDEwMGI3NmViZTp7Il9hdXRoX3VzZXJfaGFzaCI6IjI0MzVjMzMyZjRhMjliYmZlM2YxZTg1YjllMTBjZTA2NGYwNjg1YTQiLCJfYXV0aF91c2VyX2JhY2tlbmQiOiJkamFuZ28uY29udHJpYi5hdXRoLmJhY2tlbmRzLk1vZGVsQmFja2VuZCIsIl9hdXRoX3VzZXJfaWQiOiIyIn0=','2017-04-10 14:44:40.022447'),('b4nx7qufvxlmftbbtf9k4gi5ss4cwsn4','NzZiYWY1ZTA3YjZhOTFjNWEwOGRhOTM5NDBhOTI5NDEwMGI3NmViZTp7Il9hdXRoX3VzZXJfaGFzaCI6IjI0MzVjMzMyZjRhMjliYmZlM2YxZTg1YjllMTBjZTA2NGYwNjg1YTQiLCJfYXV0aF91c2VyX2JhY2tlbmQiOiJkamFuZ28uY29udHJpYi5hdXRoLmJhY2tlbmRzLk1vZGVsQmFja2VuZCIsIl9hdXRoX3VzZXJfaWQiOiIyIn0=','2017-03-21 19:58:38.338781'),('cdy634ixa1lc46h3836zgoe20t9jt1zg','ZDQyNDdhODBkZGE0MzEzZjBlOTdhYWJjNzk5NjEzZWZkYjVhODJhYzp7Il9hdXRoX3VzZXJfaGFzaCI6IjI0MzVjMzMyZjRhMjliYmZlM2YxZTg1YjllMTBjZTA2NGYwNjg1YTQiLCJfYXV0aF91c2VyX2lkIjoiMiIsIl9hdXRoX3VzZXJfYmFja2VuZCI6ImRqYW5nby5jb250cmliLmF1dGguYmFja2VuZHMuTW9kZWxCYWNrZW5kIn0=','2017-05-09 11:08:45.620715'),('esv2pwy6177s18mz8f3jbtf8yi629952','MzAxZjJlMTQzYzE1ZDEyNWYwMzA4MzEyODA2ODdhODFiMzQzZGVlNTp7Il9hdXRoX3VzZXJfYmFja2VuZCI6ImRqYW5nby5jb250cmliLmF1dGguYmFja2VuZHMuTW9kZWxCYWNrZW5kIiwiX2F1dGhfdXNlcl9oYXNoIjoiZmI4OTgwMjZkNjIzZWY1NGM2ZDA5YzM5ZWZjMDQ5NjhlOWU0MjNlMyIsIl9hdXRoX3VzZXJfaWQiOiIxIn0=','2017-04-26 19:56:15.634090'),('ftd8mipgvrxjh03yzin0kg4hl9aymo8t','YzcwZjE1MGNjZDBlZjlkNDdlMGE4ZTNhZTc2ZDAwNzAzYjk0OTEyMjp7Il9hdXRoX3VzZXJfaGFzaCI6ImZiODk4MDI2ZDYyM2VmNTRjNmQwOWMzOWVmYzA0OTY4ZTllNDIzZTMiLCJfYXV0aF91c2VyX2lkIjoiMSIsIl9hdXRoX3VzZXJfYmFja2VuZCI6ImRqYW5nby5jb250cmliLmF1dGguYmFja2VuZHMuTW9kZWxCYWNrZW5kIn0=','2017-04-15 20:26:25.187033'),('gf64xg4v4jrsbrty3s6yo21atze5gaxn','MDlkNjkyYTM1M2U1NTgwY2RhZjAzNmRjZDk4Yjc4Mzk1M2ZhYjgxNTp7Il9hdXRoX3VzZXJfaWQiOiIyIiwiX2F1dGhfdXNlcl9oYXNoIjoiMjQzNWMzMzJmNGEyOWJiZmUzZjFlODViOWUxMGNlMDY0ZjA2ODVhNCIsIl9hdXRoX3VzZXJfYmFja2VuZCI6ImRqYW5nby5jb250cmliLmF1dGguYmFja2VuZHMuTW9kZWxCYWNrZW5kIn0=','2017-03-29 02:59:55.712400'),('inkgchiqhl79bo409p0rjt3nwtzgzy08','ZjVlNGYyZTE2OWY2YzM2YTY5ZWUzNTBmZjlmNWY1NzMyOWVlMDZlZDp7Il9hdXRoX3VzZXJfaWQiOiIyIiwiX2F1dGhfdXNlcl9iYWNrZW5kIjoiZGphbmdvLmNvbnRyaWIuYXV0aC5iYWNrZW5kcy5Nb2RlbEJhY2tlbmQiLCJfYXV0aF91c2VyX2hhc2giOiIyNDM1YzMzMmY0YTI5YmJmZTNmMWU4NWI5ZTEwY2UwNjRmMDY4NWE0In0=','2017-04-04 00:46:32.414051'),('of5zx2rbhqfc7ps78da6wnq90y3g38vu','N2Q5N2ZkY2JjZThhNDYwYTljMjFhY2I5NGE5ZDYzMTA1NjAzZjc4MDp7Il9hdXRoX3VzZXJfYmFja2VuZCI6ImRqYW5nby5jb250cmliLmF1dGguYmFja2VuZHMuTW9kZWxCYWNrZW5kIiwiX2F1dGhfdXNlcl9pZCI6IjIiLCJfYXV0aF91c2VyX2hhc2giOiIyNDM1YzMzMmY0YTI5YmJmZTNmMWU4NWI5ZTEwY2UwNjRmMDY4NWE0In0=','2017-04-14 19:01:27.696603'),('pqwf8m4uxcpbfnffuk5a0tghimtxjvg1','ZDQyNDdhODBkZGE0MzEzZjBlOTdhYWJjNzk5NjEzZWZkYjVhODJhYzp7Il9hdXRoX3VzZXJfaGFzaCI6IjI0MzVjMzMyZjRhMjliYmZlM2YxZTg1YjllMTBjZTA2NGYwNjg1YTQiLCJfYXV0aF91c2VyX2lkIjoiMiIsIl9hdXRoX3VzZXJfYmFja2VuZCI6ImRqYW5nby5jb250cmliLmF1dGguYmFja2VuZHMuTW9kZWxCYWNrZW5kIn0=','2017-04-25 10:43:45.873163'),('q4gecktkr3wiosdk9hd3x2nn4qk3j56g','ZjVlNGYyZTE2OWY2YzM2YTY5ZWUzNTBmZjlmNWY1NzMyOWVlMDZlZDp7Il9hdXRoX3VzZXJfaWQiOiIyIiwiX2F1dGhfdXNlcl9iYWNrZW5kIjoiZGphbmdvLmNvbnRyaWIuYXV0aC5iYWNrZW5kcy5Nb2RlbEJhY2tlbmQiLCJfYXV0aF91c2VyX2hhc2giOiIyNDM1YzMzMmY0YTI5YmJmZTNmMWU4NWI5ZTEwY2UwNjRmMDY4NWE0In0=','2017-04-26 17:50:44.279909'),('qd8sl60bmdbtkpdu0hz0fxmcpre6plm0','NzZiYWY1ZTA3YjZhOTFjNWEwOGRhOTM5NDBhOTI5NDEwMGI3NmViZTp7Il9hdXRoX3VzZXJfaGFzaCI6IjI0MzVjMzMyZjRhMjliYmZlM2YxZTg1YjllMTBjZTA2NGYwNjg1YTQiLCJfYXV0aF91c2VyX2JhY2tlbmQiOiJkamFuZ28uY29udHJpYi5hdXRoLmJhY2tlbmRzLk1vZGVsQmFja2VuZCIsIl9hdXRoX3VzZXJfaWQiOiIyIn0=','2017-05-13 19:00:46.956176'),('qj5e5x5dyw6exwqaq3oq2hqv9lba4fdm','N2Q5N2ZkY2JjZThhNDYwYTljMjFhY2I5NGE5ZDYzMTA1NjAzZjc4MDp7Il9hdXRoX3VzZXJfYmFja2VuZCI6ImRqYW5nby5jb250cmliLmF1dGguYmFja2VuZHMuTW9kZWxCYWNrZW5kIiwiX2F1dGhfdXNlcl9pZCI6IjIiLCJfYXV0aF91c2VyX2hhc2giOiIyNDM1YzMzMmY0YTI5YmJmZTNmMWU4NWI5ZTEwY2UwNjRmMDY4NWE0In0=','2017-04-15 21:12:48.377193'),('rexr7ug1fgfd3j645xc0q07t8cesw2if','YTYwM2FiMTEwYjdlMjJjOWIxMWZmMDcxZTc0ODk3NDczNGJjNGE0OTp7Il9hdXRoX3VzZXJfYmFja2VuZCI6ImRqYW5nby5jb250cmliLmF1dGguYmFja2VuZHMuTW9kZWxCYWNrZW5kIiwiX2F1dGhfdXNlcl9pZCI6IjEiLCJfYXV0aF91c2VyX2hhc2giOiJmYjg5ODAyNmQ2MjNlZjU0YzZkMDljMzllZmMwNDk2OGU5ZTQyM2UzIn0=','2017-05-15 17:08:09.579105'),('urvxzimrl9vslkkgol9355fyxpgiasjp','Y2MxMTVmMTgxNWVlNWEyMWI4ZWRlNmE2NTk1M2U0YjkzM2RjNzk0Yjp7Il9hdXRoX3VzZXJfaWQiOiIxIiwiX2F1dGhfdXNlcl9iYWNrZW5kIjoiZGphbmdvLmNvbnRyaWIuYXV0aC5iYWNrZW5kcy5Nb2RlbEJhY2tlbmQiLCJfYXV0aF91c2VyX2hhc2giOiJmYjg5ODAyNmQ2MjNlZjU0YzZkMDljMzllZmMwNDk2OGU5ZTQyM2UzIn0=','2017-03-21 19:53:44.808908'),('wgdr90vpytok45p3f9vnijpcod9l2g1n','ZDQwMzQwM2VlNThmOTkzYjJkMDU3YzkxZDNkMzdlYWMwMjc1ZjhiZDp7Il9hdXRoX3VzZXJfaGFzaCI6ImZiODk4MDI2ZDYyM2VmNTRjNmQwOWMzOWVmYzA0OTY4ZTllNDIzZTMiLCJfYXV0aF91c2VyX2JhY2tlbmQiOiJkamFuZ28uY29udHJpYi5hdXRoLmJhY2tlbmRzLk1vZGVsQmFja2VuZCIsIl9hdXRoX3VzZXJfaWQiOiIxIn0=','2017-05-11 17:19:24.270634'),('wmseg4z6ojpegi1modnbufuouksd7lyx','N2Q5N2ZkY2JjZThhNDYwYTljMjFhY2I5NGE5ZDYzMTA1NjAzZjc4MDp7Il9hdXRoX3VzZXJfYmFja2VuZCI6ImRqYW5nby5jb250cmliLmF1dGguYmFja2VuZHMuTW9kZWxCYWNrZW5kIiwiX2F1dGhfdXNlcl9pZCI6IjIiLCJfYXV0aF91c2VyX2hhc2giOiIyNDM1YzMzMmY0YTI5YmJmZTNmMWU4NWI5ZTEwY2UwNjRmMDY4NWE0In0=','2017-04-24 14:52:46.636110'),('xz3w0o3mnvavyq5nkjboi2uc18bjkrq5','YzcwZjE1MGNjZDBlZjlkNDdlMGE4ZTNhZTc2ZDAwNzAzYjk0OTEyMjp7Il9hdXRoX3VzZXJfaGFzaCI6ImZiODk4MDI2ZDYyM2VmNTRjNmQwOWMzOWVmYzA0OTY4ZTllNDIzZTMiLCJfYXV0aF91c2VyX2lkIjoiMSIsIl9hdXRoX3VzZXJfYmFja2VuZCI6ImRqYW5nby5jb250cmliLmF1dGguYmFja2VuZHMuTW9kZWxCYWNrZW5kIn0=','2017-04-10 03:35:01.494727'),('yeo2a7eyd8pzahsp2cr8ovxzu1qtoc2l','MzAxZjJlMTQzYzE1ZDEyNWYwMzA4MzEyODA2ODdhODFiMzQzZGVlNTp7Il9hdXRoX3VzZXJfYmFja2VuZCI6ImRqYW5nby5jb250cmliLmF1dGguYmFja2VuZHMuTW9kZWxCYWNrZW5kIiwiX2F1dGhfdXNlcl9oYXNoIjoiZmI4OTgwMjZkNjIzZWY1NGM2ZDA5YzM5ZWZjMDQ5NjhlOWU0MjNlMyIsIl9hdXRoX3VzZXJfaWQiOiIxIn0=','2017-04-13 21:50:03.788551'),('ymx3cccgvhtdg721f2xq6tg6ydl1tfzj','ZDQyNDdhODBkZGE0MzEzZjBlOTdhYWJjNzk5NjEzZWZkYjVhODJhYzp7Il9hdXRoX3VzZXJfaGFzaCI6IjI0MzVjMzMyZjRhMjliYmZlM2YxZTg1YjllMTBjZTA2NGYwNjg1YTQiLCJfYXV0aF91c2VyX2lkIjoiMiIsIl9hdXRoX3VzZXJfYmFja2VuZCI6ImRqYW5nby5jb250cmliLmF1dGguYmFja2VuZHMuTW9kZWxCYWNrZW5kIn0=','2017-05-11 22:36:02.930575'),('zy50crc7ri7p5hq3m69rzi7lld8kn6u6','MzAxZjJlMTQzYzE1ZDEyNWYwMzA4MzEyODA2ODdhODFiMzQzZGVlNTp7Il9hdXRoX3VzZXJfYmFja2VuZCI6ImRqYW5nby5jb250cmliLmF1dGguYmFja2VuZHMuTW9kZWxCYWNrZW5kIiwiX2F1dGhfdXNlcl9oYXNoIjoiZmI4OTgwMjZkNjIzZWY1NGM2ZDA5YzM5ZWZjMDQ5NjhlOWU0MjNlMyIsIl9hdXRoX3VzZXJfaWQiOiIxIn0=','2017-04-16 22:29:45.884024');
/*!40000 ALTER TABLE `django_session` ENABLE KEYS */;
UNLOCK TABLES;

--
-- Table structure for table `sites`
--

DROP TABLE IF EXISTS `sites`;
/*!40101 SET @saved_cs_client     = @@character_set_client */;
/*!40101 SET character_set_client = utf8 */;
CREATE TABLE `sites` (
  `url` varchar(100) DEFAULT NULL,
  `gen_bias` int(11) DEFAULT NULL,
  `learn_bias` int(11) DEFAULT NULL
) ENGINE=InnoDB DEFAULT CHARSET=utf8;
/*!40101 SET character_set_client = @saved_cs_client */;

--
-- Dumping data for table `sites`
--

LOCK TABLES `sites` WRITE;
/*!40000 ALTER TABLE `sites` DISABLE KEYS */;
INSERT INTO `sites` VALUES ('washingtonpost',2,0),('cnn',3,0),('nytimes',2,0),('thehill',3,0),('foxnews',5,0),('nbcnews',2,0),('bbc',3,0),('usatoday',3,0),('theguardian',2,0),('wsj',4,0),('abcnews',2,0),('latimes',2,0),('buzzfeed',2,0),('chicagotribune',3,0),('theblaze',5,0),('chicago.suntimes',2,0),('spectator',5,0),('apnews',3,0),('bloomberg',3,0),('breitbart',5,0),('cbn',5,0),('csmonitor',3,0),('thedailybeast',3,0),('democracynow',1,0),('thefiscaltimes',4,0),('fivethirtyeight',3,0),('vox',2,0),('time',1,0),('slate',2,0),('reuters',3,0);
/*!40000 ALTER TABLE `sites` ENABLE KEYS */;
UNLOCK TABLES;
/*!40103 SET TIME_ZONE=@OLD_TIME_ZONE */;

/*!40101 SET SQL_MODE=@OLD_SQL_MODE */;
/*!40014 SET FOREIGN_KEY_CHECKS=@OLD_FOREIGN_KEY_CHECKS */;
/*!40014 SET UNIQUE_CHECKS=@OLD_UNIQUE_CHECKS */;
/*!40101 SET CHARACTER_SET_CLIENT=@OLD_CHARACTER_SET_CLIENT */;
/*!40101 SET CHARACTER_SET_RESULTS=@OLD_CHARACTER_SET_RESULTS */;
/*!40101 SET COLLATION_CONNECTION=@OLD_COLLATION_CONNECTION */;
/*!40111 SET SQL_NOTES=@OLD_SQL_NOTES */;

-- Dump completed on 2017-05-04 16:36:23
