-- MySQL dump 10.13  Distrib 5.5.54, for debian-linux-gnu (x86_64)
--
-- Host: 127.0.0.1    Database: newsdb
-- ------------------------------------------------------
-- Server version	5.7.13-log

/*!40101 SET @OLD_CHARACTER_SET_CLIENT=@@CHARACTER_SET_CLIENT */;
/*!40101 SET @OLD_CHARACTER_SET_RESULTS=@@CHARACTER_SET_RESULTS */;
/*!40101 SET @OLD_COLLATION_CONNECTION=@@COLLATION_CONNECTION */;
/*!40101 SET NAMES utf8 */;
/*!40103 SET @OLD_TIME_ZONE=@@TIME_ZONE */;
/*!40103 SET TIME_ZONE='+00:00' */;
/*!40014 SET @OLD_UNIQUE_CHECKS=@@UNIQUE_CHECKS, UNIQUE_CHECKS=0 */;
/*!40014 SET @OLD_FOREIGN_KEY_CHECKS=@@FOREIGN_KEY_CHECKS, FOREIGN_KEY_CHECKS=0 */;
/*!40101 SET @OLD_SQL_MODE=@@SQL_MODE, SQL_MODE='NO_AUTO_VALUE_ON_ZERO' */;
/*!40111 SET @OLD_SQL_NOTES=@@SQL_NOTES, SQL_NOTES=0 */;

--
-- Table structure for table `auth_group`
--

DROP TABLE IF EXISTS `auth_group`;
/*!40101 SET @saved_cs_client     = @@character_set_client */;
/*!40101 SET character_set_client = utf8 */;
CREATE TABLE `auth_group` (
  `id` int(11) NOT NULL AUTO_INCREMENT,
  `name` varchar(80) NOT NULL,
  PRIMARY KEY (`id`),
  UNIQUE KEY `name` (`name`)
) ENGINE=InnoDB DEFAULT CHARSET=utf8;
/*!40101 SET character_set_client = @saved_cs_client */;

--
-- Dumping data for table `auth_group`
--

LOCK TABLES `auth_group` WRITE;
/*!40000 ALTER TABLE `auth_group` DISABLE KEYS */;
/*!40000 ALTER TABLE `auth_group` ENABLE KEYS */;
UNLOCK TABLES;

--
-- Table structure for table `auth_group_permissions`
--

DROP TABLE IF EXISTS `auth_group_permissions`;
/*!40101 SET @saved_cs_client     = @@character_set_client */;
/*!40101 SET character_set_client = utf8 */;
CREATE TABLE `auth_group_permissions` (
  `id` int(11) NOT NULL AUTO_INCREMENT,
  `group_id` int(11) NOT NULL,
  `permission_id` int(11) NOT NULL,
  PRIMARY KEY (`id`),
  UNIQUE KEY `auth_group_permissions_group_id_0cd325b0_uniq` (`group_id`,`permission_id`),
  KEY `auth_group_permissi_permission_id_84c5c92e_fk_auth_permission_id` (`permission_id`),
  CONSTRAINT `auth_group_permissi_permission_id_84c5c92e_fk_auth_permission_id` FOREIGN KEY (`permission_id`) REFERENCES `auth_permission` (`id`),
  CONSTRAINT `auth_group_permissions_group_id_b120cbf9_fk_auth_group_id` FOREIGN KEY (`group_id`) REFERENCES `auth_group` (`id`)
) ENGINE=InnoDB DEFAULT CHARSET=utf8;
/*!40101 SET character_set_client = @saved_cs_client */;

--
-- Dumping data for table `auth_group_permissions`
--

LOCK TABLES `auth_group_permissions` WRITE;
/*!40000 ALTER TABLE `auth_group_permissions` DISABLE KEYS */;
/*!40000 ALTER TABLE `auth_group_permissions` ENABLE KEYS */;
UNLOCK TABLES;

--
-- Table structure for table `auth_permission`
--

DROP TABLE IF EXISTS `auth_permission`;
/*!40101 SET @saved_cs_client     = @@character_set_client */;
/*!40101 SET character_set_client = utf8 */;
CREATE TABLE `auth_permission` (
  `id` int(11) NOT NULL AUTO_INCREMENT,
  `name` varchar(255) NOT NULL,
  `content_type_id` int(11) NOT NULL,
  `codename` varchar(100) NOT NULL,
  PRIMARY KEY (`id`),
  UNIQUE KEY `auth_permission_content_type_id_01ab375a_uniq` (`content_type_id`,`codename`),
  CONSTRAINT `auth_permissi_content_type_id_2f476e4b_fk_django_content_type_id` FOREIGN KEY (`content_type_id`) REFERENCES `django_content_type` (`id`)
) ENGINE=InnoDB AUTO_INCREMENT=28 DEFAULT CHARSET=utf8;
/*!40101 SET character_set_client = @saved_cs_client */;

--
-- Dumping data for table `auth_permission`
--

LOCK TABLES `auth_permission` WRITE;
/*!40000 ALTER TABLE `auth_permission` DISABLE KEYS */;
INSERT INTO `auth_permission` VALUES (1,'Can add articles',1,'add_articles'),(2,'Can change articles',1,'change_articles'),(3,'Can delete articles',1,'delete_articles'),(4,'Can add log entry',2,'add_logentry'),(5,'Can change log entry',2,'change_logentry'),(6,'Can delete log entry',2,'delete_logentry'),(7,'Can add permission',3,'add_permission'),(8,'Can change permission',3,'change_permission'),(9,'Can delete permission',3,'delete_permission'),(10,'Can add user',4,'add_user'),(11,'Can change user',4,'change_user'),(12,'Can delete user',4,'delete_user'),(13,'Can add group',5,'add_group'),(14,'Can change group',5,'change_group'),(15,'Can delete group',5,'delete_group'),(16,'Can add content type',6,'add_contenttype'),(17,'Can change content type',6,'change_contenttype'),(18,'Can delete content type',6,'delete_contenttype'),(19,'Can add session',7,'add_session'),(20,'Can change session',7,'change_session'),(21,'Can delete session',7,'delete_session'),(22,'Can add url',8,'add_url'),(23,'Can change url',8,'change_url'),(24,'Can delete url',8,'delete_url'),(25,'Can add similar article',9,'add_similararticle'),(26,'Can change similar article',9,'change_similararticle'),(27,'Can delete similar article',9,'delete_similararticle');
/*!40000 ALTER TABLE `auth_permission` ENABLE KEYS */;
UNLOCK TABLES;

--
-- Table structure for table `auth_user`
--

DROP TABLE IF EXISTS `auth_user`;
/*!40101 SET @saved_cs_client     = @@character_set_client */;
/*!40101 SET character_set_client = utf8 */;
CREATE TABLE `auth_user` (
  `id` int(11) NOT NULL AUTO_INCREMENT,
  `password` varchar(128) NOT NULL,
  `last_login` datetime(6) DEFAULT NULL,
  `is_superuser` tinyint(1) NOT NULL,
  `username` varchar(150) NOT NULL,
  `first_name` varchar(30) NOT NULL,
  `last_name` varchar(30) NOT NULL,
  `email` varchar(254) NOT NULL,
  `is_staff` tinyint(1) NOT NULL,
  `is_active` tinyint(1) NOT NULL,
  `date_joined` datetime(6) NOT NULL,
  PRIMARY KEY (`id`),
  UNIQUE KEY `username` (`username`)
) ENGINE=InnoDB AUTO_INCREMENT=3 DEFAULT CHARSET=utf8;
/*!40101 SET character_set_client = @saved_cs_client */;

--
-- Dumping data for table `auth_user`
--

LOCK TABLES `auth_user` WRITE;
/*!40000 ALTER TABLE `auth_user` DISABLE KEYS */;
INSERT INTO `auth_user` VALUES (1,'pbkdf2_sha256$30000$UsoZjzlQaF7F$dkP5yR0NFe9KiFBpdfd7O0ZbpIYWXfAgH459QvwgEiA=','2017-04-15 21:11:52.830026',0,'test2','','','',0,1,'2017-03-07 19:53:44.566558'),(2,'pbkdf2_sha256$30000$BhfXkTBEolPN$0KN2qxVxYSudHOrgO23CckIS5m6cThP8L2yFyj/wquU=','2017-04-25 11:08:45.538659',1,'eroberts20','','','evankroberts@live.com',1,1,'2017-03-07 19:58:21.029633');
/*!40000 ALTER TABLE `auth_user` ENABLE KEYS */;
UNLOCK TABLES;

--
-- Table structure for table `auth_user_groups`
--

DROP TABLE IF EXISTS `auth_user_groups`;
/*!40101 SET @saved_cs_client     = @@character_set_client */;
/*!40101 SET character_set_client = utf8 */;
CREATE TABLE `auth_user_groups` (
  `id` int(11) NOT NULL AUTO_INCREMENT,
  `user_id` int(11) NOT NULL,
  `group_id` int(11) NOT NULL,
  PRIMARY KEY (`id`),
  UNIQUE KEY `auth_user_groups_user_id_94350c0c_uniq` (`user_id`,`group_id`),
  KEY `auth_user_groups_group_id_97559544_fk_auth_group_id` (`group_id`),
  CONSTRAINT `auth_user_groups_group_id_97559544_fk_auth_group_id` FOREIGN KEY (`group_id`) REFERENCES `auth_group` (`id`),
  CONSTRAINT `auth_user_groups_user_id_6a12ed8b_fk_auth_user_id` FOREIGN KEY (`user_id`) REFERENCES `auth_user` (`id`)
) ENGINE=InnoDB DEFAULT CHARSET=utf8;
/*!40101 SET character_set_client = @saved_cs_client */;

--
-- Dumping data for table `auth_user_groups`
--

LOCK TABLES `auth_user_groups` WRITE;
/*!40000 ALTER TABLE `auth_user_groups` DISABLE KEYS */;
/*!40000 ALTER TABLE `auth_user_groups` ENABLE KEYS */;
UNLOCK TABLES;

--
-- Table structure for table `auth_user_user_permissions`
--

DROP TABLE IF EXISTS `auth_user_user_permissions`;
/*!40101 SET @saved_cs_client     = @@character_set_client */;
/*!40101 SET character_set_client = utf8 */;
CREATE TABLE `auth_user_user_permissions` (
  `id` int(11) NOT NULL AUTO_INCREMENT,
  `user_id` int(11) NOT NULL,
  `permission_id` int(11) NOT NULL,
  PRIMARY KEY (`id`),
  UNIQUE KEY `auth_user_user_permissions_user_id_14a6b632_uniq` (`user_id`,`permission_id`),
  KEY `auth_user_user_perm_permission_id_1fbb5f2c_fk_auth_permission_id` (`permission_id`),
  CONSTRAINT `auth_user_user_perm_permission_id_1fbb5f2c_fk_auth_permission_id` FOREIGN KEY (`permission_id`) REFERENCES `auth_permission` (`id`),
  CONSTRAINT `auth_user_user_permissions_user_id_a95ead1b_fk_auth_user_id` FOREIGN KEY (`user_id`) REFERENCES `auth_user` (`id`)
) ENGINE=InnoDB DEFAULT CHARSET=utf8;
/*!40101 SET character_set_client = @saved_cs_client */;

--
-- Dumping data for table `auth_user_user_permissions`
--

LOCK TABLES `auth_user_user_permissions` WRITE;
/*!40000 ALTER TABLE `auth_user_user_permissions` DISABLE KEYS */;
/*!40000 ALTER TABLE `auth_user_user_permissions` ENABLE KEYS */;
UNLOCK TABLES;

--
-- Table structure for table `biasapp_articles`
--

DROP TABLE IF EXISTS `biasapp_articles`;
/*!40101 SET @saved_cs_client     = @@character_set_client */;
/*!40101 SET character_set_client = utf8 */;
CREATE TABLE `biasapp_articles` (
  `id` int(11) NOT NULL AUTO_INCREMENT,
  `article_url` varchar(700) NOT NULL,
  `user_id` int(11) NOT NULL,
  `title` varchar(300),
  `calc_bias` decimal(10,5) NOT NULL,
  `social_meida_ref` int(11) NOT NULL,
  `unknown_links` int(11) NOT NULL,
  `total_links` int(11) NOT NULL,
  `self_reference` int(11) NOT NULL,
  `website` varchar(100) NOT NULL,
  `posted_on` datetime(6) NOT NULL,
  `edu_links` int(11) NOT NULL,
  `gov_links` int(11) NOT NULL,
  PRIMARY KEY (`id`),
  KEY `biasapp_articles_user_id_5a3077a7_fk_auth_user_id` (`user_id`),
  CONSTRAINT `biasapp_articles_user_id_5a3077a7_fk_auth_user_id` FOREIGN KEY (`user_id`) REFERENCES `auth_user` (`id`)
) ENGINE=InnoDB AUTO_INCREMENT=123 DEFAULT CHARSET=utf8;
/*!40101 SET character_set_client = @saved_cs_client */;

--
-- Dumping data for table `biasapp_articles`
--

LOCK TABLES `biasapp_articles` WRITE;
/*!40000 ALTER TABLE `biasapp_articles` DISABLE KEYS */;
INSERT INTO `biasapp_articles` VALUES (44,'https://www.washingtonpost.com/world/national-security/three-white-house-officials-tied-to-files-shared-with-house-intelligence-chairman/2017/03/30/de4b8c30-1589-11e7-9e4f-09aa75d3ec57_story.html?hpid=hp_hp-top-table-main_nunes815p%3Ahomepage%2Fstory&utm_term=.3f52ac6fc3fc',1,' Three White House officials tied to files shared with House intelligence chairman - The Washington Post',-0.37500,0,0,2,2,'washingtonpost','0000-00-00 00:00:00.000000',0,0),(45,'http://www.cnn.com/2017/03/31/politics/donald-trump-executive-order-signing-walk-out/index.html',1,'Trump leaves executive order ceremony without signing  - CNNPolitics.com',0.00000,0,1,3,2,'cnn','0000-00-00 00:00:00.000000',0,0),(48,'http://www.cnn.com/2017/03/30/health/breast-cancer-mastectomy-study/index.html',1,'Study finds \'staggering\' rise in mastectomies in these states - CNN.com',0.00000,2,13,17,2,'cnn','0000-00-00 00:00:00.000000',0,0),(49,'http://www.cnn.com/2017/01/16/health/lemons-breast-cancer-campaign/index.html',1,'Carton of lemons offers simple lesson about breast cancer - CNN.com',0.00000,3,3,6,0,'cnn','0000-00-00 00:00:00.000000',0,0),(50,'http://www.cnn.com/2016/10/13/health/breast-cancer-racial-disparities/index.html',1,'Racial disparities receding for women with breast cancer  - CNN.com',0.00000,2,3,5,0,'cnn','0000-00-00 00:00:00.000000',0,0),(51,'http://www.chicagotribune.com/news/local/breaking/ct-south-shore-slayings-met-20170331-story.html',1,'After 7 fatally shot, some South Shore residents shocked, others say it’s nothing new - Chicago Tribune',0.00000,0,0,3,3,'chicagotribune','0000-00-00 00:00:00.000000',0,0),(52,'http://www.chicagotribune.com/news/local/politics/ct-chicago-sanctuary-city-lose-federal-dollars-met-0331-20170331-story.html',1,'Spicer ties Chicago&apos;s sanctuary city status to city&apos;s gang, violence problem - Chicago Tribune',0.00000,0,1,2,1,'chicagotribune','0000-00-00 00:00:00.000000',0,0),(53,'http://www.chicagotribune.com/news/nationworld/ct-atlanta-overpass-fire-collapse-20170331-story.html',1,'3 arrested in fire that caused Atlanta interstate overpass collapse - Chicago Tribune',0.00000,0,0,1,1,'chicagotribune','0000-00-00 00:00:00.000000',0,0),(54,'http://www.chicagotribune.com/news/local/politics/ct-susana-mendoza-bruce-rauner-met-0401-20170331-story.html',1,'Mendoza calls on Rauner, WGN radio host to apologize for &apos;duct tape&apos; comment - Chicago Tribune',0.00000,0,2,3,1,'chicagotribune','0000-00-00 00:00:00.000000',0,0),(56,'http://www.nbcnews.com/politics/white-house/vast-wealth-held-trump-s-top-aides-documents-show-n741231',1,'Vast Wealth Held By Trump\'s Top Aides, Documents Show - NBC News',-0.43750,1,0,3,2,'nbcnews','0000-00-00 00:00:00.000000',0,0),(57,'http://www.nbcnews.com/news/us-news/did-terrorists-learn-how-get-laptops-past-airport-screeners-n741406',1,'Did Terrorists Learn How to Get Laptops Past Airport Screeners? - NBC News',-0.49219,1,0,6,5,'nbcnews','0000-00-00 00:00:00.000000',0,0),(58,'http://www.nbcnews.com/news/us-news/texas-911-caller-warned-pickup-all-over-road-deadly-church-n741441',1,'911 Caller Warned Pickup \'All Over the Road\' Before Deadly Church Bus Crash - NBC News',-0.48438,1,1,5,2,'nbcnews','0000-00-00 00:00:00.000000',0,0),(59,'http://www.nbcnews.com/news/us-news/did-giuliani-try-cut-deal-between-u-s-turkey-iranian-n741386',1,'Did Giuliani Try to Cut Deal Between U.S. and Turkey for Iranian? - NBC News',-0.49219,1,0,6,4,'nbcnews','0000-00-00 00:00:00.000000',0,0),(60,'http://www.nbcnews.com/news/us-news/atlanta-bridge-collapse-three-arrested-connection-blaze-n741476',1,'Atlanta Bridge Collapse: Three Arrested in Connection with Blaze - NBC News',-0.48438,1,1,5,2,'nbcnews','0000-00-00 00:00:00.000000',0,0),(63,'http://www.usatoday.com/story/news/2017/03/31/atlanta-bridge-collapse-shows-how-fire-defeats-concrete-steel/99877148/',1,'Atlanta bridge collapse shows how fire defeats concrete, steel',0.00000,7,4,17,6,'usatoday','0000-00-00 00:00:00.000000',0,0),(64,'http://www.usatoday.com/story/news/2017/03/31/flynns-immunity-request-exposes-possible-legal-vulnerability/99875708/',1,'Flynn\'s immunity request exposes possible legal vulnerability   ',0.00000,3,2,7,2,'usatoday','0000-00-00 00:00:00.000000',0,0),(70,'https://www.theguardian.com/world/2017/apr/01/paraguays-congress-set-on-fire-after-vote-to-let-president-run-again',1,'\'A coup has been carried out\': Paraguay\'s congress set alight after vote to let president run again | World news | The Guardian',-0.43750,0,0,3,3,'theguardian','0000-00-00 00:00:00.000000',0,0),(71,'http://abcnews.go.com/Politics/white-house-officials-played-role-surfacing-documents-nunes/story?id=46497170',1,'White House officials played role in surfacing documents Nunes viewed - ABC News',-0.49609,0,0,7,7,'','0000-00-00 00:00:00.000000',0,0),(73,'http://abcnews.go.com/US/wireStory/latest-transit-system-ups-service-85-collapse-46486110',1,'The Latest: 3 arrested in connection with overpass collapse - ABC News',-0.43750,0,0,3,3,'http://abcnews.go','0000-00-00 00:00:00.000000',0,0),(74,'http://abcnews.go.com/US/wireStory/arrested-atlanta-fire-underneath-interstate-bridge-46509148?cid=clicksource_81_null_headlines_hed',1,'3 arrested in Atlanta fire underneath interstate bridge - ABC News',-0.43750,0,0,3,3,'','0000-00-00 00:00:00.000000',0,0),(76,'https://fivethirtyeight.com/features/trumpbeat-you-cant-build-a-legacy-on-executive-orders/',1,'TrumpBeat: You Can’t Build A Legacy On Executive Orders | FiveThirtyEight',-0.12305,0,16,37,9,'fivethirtyeight','0000-00-00 00:00:00.000000',0,0),(79,'https://fivethirtyeight.com/features/trumpbeat-you-cant-build-a-legacy-on-executive-orders/',1,'TrumpBeat: You Can’t Build A Legacy On Executive Orders | FiveThirtyEight',-0.12305,0,16,37,9,'fivethirtyeight','0000-00-00 00:00:00.000000',0,0),(93,'http://www.cnn.com/2017/03/31/politics/donald-trump-presidency/index.html',1,'Trump moves agenda forward even as Russia controversy swirls - CNNPolitics.com',-0.25000,0,1,15,12,'cnn','0000-00-00 00:00:00.000000',0,0),(100,'http://www.foxnews.com/politics/2017/04/01/trump-vs-freedom-caucus-president-takes-names-starting-with-amash.html',1,'Trump vs. Freedom Caucus: President takes names, starting with Amash | Fox News',0.00000,0,0,7,0,'foxnews','0000-00-00 00:00:00.000000',0,0),(102,'https://www.washingtonpost.com/powerpost/democrats-have-a-new-and-surprising-weapon-on-capitol-hill-power/2017/04/01/e2ba46c0-16e3-11e7-ada0-1489b735b3a3_story.html?hpid=hp_hp-top-table-main_democrats-137pm%3Ahomepage%2Fstory&utm_term=.2b5e17b20d1c',1,' Democrats have a new and surprising weapon on Capitol Hill: Power - The Washington Post',-0.48438,0,0,5,5,'washingtonpost','0000-00-00 00:00:00.000000',0,0),(105,'https://www.washingtonpost.com/world/national-security/trump-weighing-military-options-following-chemical-weapons-attack-in-syria/2017/04/06/0c59603a-1ae8-11e7-9887-1a5314b56a08_story.html?hpid=hp_hp-top-table-main_syria-315pm%3Ahomepage%2Fstory&utm_term=.dfec7fd11950',1,' Trump weighing military options following chemical weapons attack in Syria - The Washington Post',-0.49609,0,0,7,7,'washingtonpost','0000-00-00 00:00:00.000000',0,0),(106,'https://www.washingtonpost.com/politics/conservatives-hope-that-trump-victory-on-gorsuch-will-breed-other-successes/2017/04/09/a63067e6-1c49-11e7-bcc2-7d1a0973e7b2_story.html?hpid=hp_hp-top-table-main_trumpvictory-1-pm%3Ahomepage%2Fstory',1,' Conservatives hope that Trump victory on Gorsuch will breed other successes - The Washington Post',-0.43750,0,0,3,3,'washingtonpost','0000-00-00 00:00:00.000000',0,0),(107,'https://www.washingtonpost.com/powerpost/congress-greets-syria-strike-with-mix-of-applause-and-anger/2017/04/07/b7aeb7ce-1b8c-11e7-9887-1a5314b56a08_story.html?utm_term=.f38dcb636fcb&tid=a_inl',1,' Congress greets Syria strike with mix of applause and anger - The Washington Post',-0.43750,0,0,3,3,'washingtonpost','0000-00-00 00:00:00.000000',0,0),(108,'https://fivethirtyeight.com/features/will-trump-benefit-from-a-rally-around-the-flag-effect-on-syria/',2,'Will Trump Benefit From A ‘Rally Around The Flag’ Effect After The Syria Airstrike? | FiveThirtyEight',-0.06641,0,16,25,5,'fivethirtyeight','0000-00-00 00:00:00.000000',0,0),(109,'https://www.washingtonpost.com/world/national-security/how-jeff-sessions-wants-to-bring-back-the-war-on-drugs/2017/04/08/414ce6be-132b-11e7-ada0-1489b735b3a3_story.html?tid=pm_world_pop&utm_term=.fdc6ea385099',1,' How Jeff Sessions wants to bring back the war on drugs - The Washington Post',-0.49609,0,1,8,7,'washingtonpost','0000-00-00 00:00:00.000000',0,0),(117,'https://www.washingtonpost.com/news/wonk/wp/2017/04/12/trump-changes-course-again-says-health-care-repeal-must-happen-before-tax-overhaul/?hpid=hp_hp-top-table-main_trumpfickle-1144am%3Ahomepage%2Fstory&utm_term=.472be4651c41',1,' Trump changes course again, says health-care repeal must happen before tax overhaul - The Washington Post',-0.43750,0,0,3,2,'washingtonpost','2017-04-12 20:21:56.214011',0,0),(118,'http://www.cnn.com/2017/04/12/politics/trump-russia-china-nato-syria/index.html',1,'Donald Trump flips on NATO, China, Russia and Syria - CNNPolitics.com',0.00000,0,0,6,6,'cnn','2017-04-13 01:14:49.233517',0,0),(119,'http://www.nbcnews.com/news/world/eric-trump-says-syria-strike-was-swayed-heartbroken-ivanka-n745021?cid=sm_npd_nn_tw_ma',1,'Eric Trump Says Syria Strike Was Swayed By \'Heartbroken\' Ivanka - NBC News',-0.49609,1,3,11,6,'nbcnews','2017-04-13 01:17:43.016731',0,0),(120,'http://www.cnn.com/2017/04/14/politics/markwayne-mullin-town-hall/index.html',1,'Oklahoma pol: \'Bull crap\' constituents pay salary  - CNNPolitics.com',0.00000,1,3,5,1,'cnn','2017-04-15 22:11:02.897310',0,0),(121,'https://fivethirtyeight.com/features/politics-podcast-trumps-first-100-days/',1,'Politics Podcast: Trump’s First 100 Days | FiveThirtyEight',0.00000,1,7,13,4,'fivethirtyeight','2017-04-25 11:27:48.865677',0,0),(122,'https://fivethirtyeight.com/features/can-trump-avoid-a-government-shutdown-on-his-100th-day/',1,'Can Trump Avoid A Government Shutdown On His 100th Day? | FiveThirtyEight',-0.30100,0,12,43,8,'fivethirtyeight','2017-04-25 11:33:14.749420',0,4);
/*!40000 ALTER TABLE `biasapp_articles` ENABLE KEYS */;
UNLOCK TABLES;

--
-- Table structure for table `biasapp_similararticle`
--

DROP TABLE IF EXISTS `biasapp_similararticle`;
/*!40101 SET @saved_cs_client     = @@character_set_client */;
/*!40101 SET character_set_client = utf8 */;
CREATE TABLE `biasapp_similararticle` (
  `id` int(11) NOT NULL AUTO_INCREMENT,
  `link_url` varchar(700) NOT NULL,
  `title` varchar(300) DEFAULT NULL,
  `article_id` int(11) NOT NULL,
  PRIMARY KEY (`id`),
  KEY `biasapp_similararticl_article_id_fe0ea1f1_fk_biasapp_articles_id` (`article_id`),
  CONSTRAINT `biasapp_similararticl_article_id_fe0ea1f1_fk_biasapp_articles_id` FOREIGN KEY (`article_id`) REFERENCES `biasapp_articles` (`id`)
) ENGINE=InnoDB AUTO_INCREMENT=64 DEFAULT CHARSET=utf8;
/*!40101 SET character_set_client = @saved_cs_client */;

--
-- Dumping data for table `biasapp_similararticle`
--

LOCK TABLES `biasapp_similararticle` WRITE;
/*!40000 ALTER TABLE `biasapp_similararticle` DISABLE KEYS */;
INSERT INTO `biasapp_similararticle` VALUES (1,'http://www.cnn.com/2017/01/18/politics/obama-final-news-conference/','Obama press conference: \'We\'re going to be ok\' - CNNPolitics.com',120),(2,'http://www.cnn.com/specials/politics/cnn-politics-data-app','CNN Politics App - CNNPolitics.com',120),(3,'http://www.cnn.com/2017/02/01/politics/democrats-boycott-pruitt-epa-confirmation-hearing/','Democrats boycott Pruitt\'s EPA confirmation hearing - CNNPolitics.com',120),(4,'http://www.cnn.com/2016/09/21/politics/trump-police-shooting-response/','Donald Trump \'very troubled\' by Oklahoma fatal police shooting - CNNPolitics.com',120),(5,'http://newsok.com/article/5479252','410 Gone',120),(6,'https://www.facebook.com/cnnpolitics/videos/1284516668256830/%3Fvideo_source%3Dpages_finch_thumbnail_video','Log into Facebook | Facebook',120),(7,'http://www.left.tv/obama/obama-press-conference-were-going-to-be-ok-cnnpolitics-com','Obama press conference: ‘We’re going to be ok’ – CNNPolitics.com – Progressive Political Issues Forum: Left TV Progressive Political Issues Forum: Left TV',120),(8,'http://b987fm.com/tag/forearmed-army-gives-ok-to-roll-up-sleeves-cnnpolitics-com/','Page not found - b98.7 FM',120),(9,'https://lockerdome.com/cnn.com/7861314563357716','Bernie Sanders criticizes \'tone\' of Planned Parenthood video - CNNPolitics.com',120),(10,'http://trump.news/','Trump News – Trump News',117),(11,'https://twitter.com/realdonaldtrump','Donald J. Trump (@realDonaldTrump) | Twitter',117),(12,'https://twitter.com/hashtag/trump','#trump hashtag on Twitter',117),(13,'https://en.wikipedia.org/wiki/Donald_Trump','Donald Trump - Wikipedia',117),(14,'https://www.donaldjtrump.com/','Make America Great Again! | Donald J Trump for President',117),(15,'https://www.facebook.com/DonaldTrump/','Donald J. Trump - Home | Facebook',117),(16,'https://www.nytimes.com/2017/04/24/us/politics/congress-spending-bill-wall-trump.html','The Spending Bill Was Supposed to Be Easy. Then Trump Intervened. - The New York Times',117),(17,'https://projects.fivethirtyeight.com/trump-approval-ratings/','How Popular Is Donald Trump? | FiveThirtyEight',117),(18,'http://www.latimes.com/projects/la-na-all-things-trump/','All things Trump - Los Angeles Times',117),(19,'http://www.cnn.com/2017/04/13/politics/nato-donald-trump-turnaround/','How Donald Trump came to love NATO - CNNPolitics.com',118),(20,'http://www.cnn.com/2017/04/14/politics/trump-china-russia/','Trump dumps Russia for China  - CNNPolitics.com',118),(21,'http://www.cnn.com/2017/04/12/politics/assad-syria-sarin-gas/','Russia vetoes UN resolution on Syria - CNNPolitics.com',118),(22,'http://www.cnn.com/2017/04/13/politics/trump-flip-flop-russia-china/','An easy way to understand Trump\'s recent flip-flops - CNNPolitics.com',118),(23,'http://www.cnn.com/2017/04/13/politics/trump-flip-flop/','Trump: Flip, flop or flexibility? - CNNPolitics.com',118),(24,'http://www.cnn.com/2017/04/06/politics/trump-syria-military-options/','Trump\'s military options in Syria - CNNPolitics.com',118),(25,'https://au.pinterest.com/pin/378443174925837923/','Donald Trump flips on NATO, China, Russia and Syria - CNNPolitics.com | Wednesday, Donald o\'connor and China',118),(26,'https://twitter.com/CNNPolitics/status/852518588464476160','CNN Politics on Twitter: \"Watch: President Donald Trump\'s stunning u-turns on NATO, China, Russia and Syria https://t.co/1eO3jb7yUI https://t.co/0UGZfxZBZi\"',118),(27,'https://www.facebook.com/cnnpolitics/%3Fhc_ref%3DSEARCH%26fref%3Dnf','Page Not Found | Facebook',118),(28,'http://www.nbcnews.com/NbcNews_2014/news/world/eric-trump-says-syria-strike-was-swayed-heartbroken-ivanka-n745021','Eric Trump Says Syria Strike Was Swayed By \'Heartbroken\' Ivanka - NBC News',119),(29,'https://twitter.com/nbcnews/status/851808582630821889','NBC News on Twitter: \"Eric Trump says Syria strike was swayed by \"heartbroken\" Ivanka https://t.co/93CE5SBlP0 https://t.co/FgoCNBwwdc\"',119),(30,'http://www.memeorandum.com/170411/p88','memeorandum: Eric Trump Says Syria Strike Was Swayed By ‘Heartbroken’ Ivanka (Alexander Smith/NBC News)',119),(31,'http://talk.baltimoresun.com/topic/280086-eric-trump-says-syria-strike-was-swayed-by-%25E2%2580%2598heartbroken%25E2%2580%2599-ivanka/','couldnt fetch title',119),(32,'http://www.newsvine.com/_news/2017/04/11/37285682-eric-trump-says-syria-strike-was-swayed-by-heartbroken-ivanka','Eric Trump Says Syria Strike Was Swayed By \'Heartbroken\' Ivanka - via NBC News - Newsvine',119),(33,'https://nbcnews-com.newsvine.com/_news/2017/04/11/37285682-eric-trump-says-syria-strike-was-swayed-by-heartbroken-ivanka','Eric Trump Says Syria Strike Was Swayed By \'Heartbroken\' Ivanka - via NBC News - Newsvine',119),(34,'http://uselectionatlas.org/FORUM/index.php%3Ftopic%3D262267.0','404 Not Found',119),(35,'http://politicalhotwire.com/current-events/169947-eric-trump-says-syria-strike-swayed-%2591heartbroken%2592-ivanka.html',' Eric Trump Says Syria Strike Was Swayed By Heartbroken Ivanka',119),(36,'http://newsbreakapp.com/n/06zr17Qg%3Fs%3Di0','couldnt fetch title',119),(37,'https://fivethirtyeight.com/tag/government-shutdown/','Government Shutdown – FiveThirtyEight',122),(38,'https://fivethirtyeight.com/tag/donald-trump/','Donald Trump – FiveThirtyEight',122),(39,'https://fivethirtyeight.com/features/le-pen-is-in-a-much-deeper-hole-than-trump-ever-was/','Marine Le Pen Is In A Much Deeper Hole Than Trump Ever Was | FiveThirtyEight',122),(40,'https://fivethirtyeight.com/features/trump-isnt-a-do-nothing-president/','Trump Isn’t A Do-Nothing President | FiveThirtyEight',122),(41,'https://fivethirtyeight.com/features/trump-is-beating-previous-presidents-at-being-unpopular/','Trump Is Beating Previous Presidents At Being Unpopular | FiveThirtyEight',122),(42,'https://fivethirtyeight.com/tag/the-trump-administration/','The Trump Administration – FiveThirtyEight',122),(43,'https://fivethirtyeight.com/features/will-trumps-approval-rating-be-a-problem-for-republicans-in-2018/','Will Trump’s Approval Rating Be A Problem For Republicans In 2018? | FiveThirtyEight',122),(44,'https://fivethirtyeight.com/','FiveThirtyEight | Nate Silver’s FiveThirtyEight uses statistical analysis — hard numbers — to tell compelling stories about politics, sports, science, economics and culture.',122),(45,'https://www.facebook.com/fivethirtyeight/posts/1428340737209751','FiveThirtyEight - The 3 groups that could force a... | Facebook',122),(46,'http://www.foxnews.com/politics/2017/03/30/trump-on-freedom-caucus-must-fight-them.html','Trump on Freedom Caucus: \'We must fight them\' | Fox News',100),(47,'http://www.foxnews.com/politics/2017/03/31/trump-rips-freedom-caucus-how-real-is-his-twitter-threat.html','Trump rips the Freedom Caucus: How real is his Twitter threat? | Fox News',100),(48,'http://insider.foxnews.com/2017/03/30/karl-rove-donald-trump-tweet-house-freedom-caucus','Rove: Freedom Caucus Did a \'Grave Disservice,\' But Trump Shouldn\'t \'Punch Down\' | Fox News Insider',100),(49,'http://www.foxnews.com/politics/2017/03/26/trump-hits-freedom-caucus-washington-conservatives-for-nixing-obamacare-overhaul.html','Poe quits Freedom Caucus in aftermath of failed ObamaCare overhaul  | Fox News',100),(50,'http://insider.foxnews.com/2017/04/02/louie-gohmert-donald-trump-work-freedom-caucus-obamacare-replacement-paul-ryan','Gohmert to Trump: Work With Freedom Caucus, We Stood By You When Ryan \'Ran Scared\' | Fox News Insider',100),(51,'https://www.usnews.com/news/ken-walshs-washington/articles/2017-03-31/house-freedom-caucus-defiant-in-face-of-president-donald-trumps-attacks','Access Denied',100),(52,'https://www.aol.com/article/news/2017/04/03/president-donald-trump-locks-horns-with-house-freedom-caucus/22023811/','President Donald Trump locks horns with House Freedom Caucus - AOL News',100),(53,'http://www.washingtontimes.com/news/2017/mar/30/donald-trump-warns-freedom-caucus-get-team/','Donald Trump warns Freedom Caucus to \'get on the team\' - Washington Times',100),(54,'http://www.cnn.com/2017/03/24/politics/house-freedom-caucus-whats-next/','Where does the House Freedom Caucus go from from here? - CNNPolitics.com',100),(55,'https://fivethirtyeight.com/features/politics-podcast-the-beginning-of-the-trump-presidency/','Politics Podcast: The Beginning Of The Trump Presidency | FiveThirtyEight',121),(56,'https://fivethirtyeight.com/tag/politics-podcast/','Politics Podcast – FiveThirtyEight',121),(57,'https://fivethirtyeight.com/features/politics-podcast-chaos-at-the-white-house/','Politics Podcast: Chaos At The White House | FiveThirtyEight',121),(58,'https://fivethirtyeight.com/politics/','Politics – FiveThirtyEight',121),(59,'https://fivethirtyeight.com/features/politics-podcast-trumps-paths-revisited/','Politics Podcast: Trump’s Paths, Revisited | FiveThirtyEight',121),(60,'https://fivethirtyeight.com/features/politics-podcast-a-big-moment-for-the-trump-presidency/','Politics Podcast: A Big Moment For The Trump Presidency | FiveThirtyEight',121),(61,'https://fivethirtyeight.com/features/buy-sell-hold-what-comes-after-trumps-first-100-days/','Buy, Sell, Hold: What Comes After Trump’s First 100 Days? | FiveThirtyEight',121),(62,'https://fivethirtyeight.com/tag/donald-trump/','Donald Trump – FiveThirtyEight',121),(63,'http://www.espn.com/espnradio/podcast/archive/_/id/14554755','FiveThirtyEight Politics Show - PodCenter - ESPN Radio',121);
/*!40000 ALTER TABLE `biasapp_similararticle` ENABLE KEYS */;
UNLOCK TABLES;

--
-- Table structure for table `biasapp_url`
--

DROP TABLE IF EXISTS `biasapp_url`;
/*!40101 SET @saved_cs_client     = @@character_set_client */;
/*!40101 SET character_set_client = utf8 */;
CREATE TABLE `biasapp_url` (
  `id` int(11) NOT NULL AUTO_INCREMENT,
  `link_url` varchar(700) NOT NULL,
  `article_id` int(11) NOT NULL,
  `title` varchar(300),
  `negative` decimal(10,5) NOT NULL,
  `neutral` decimal(10,5) NOT NULL,
  `positive` decimal(10,5) NOT NULL,
  `text` varchar(10000) NOT NULL,
  PRIMARY KEY (`id`),
  KEY `biasapp_url_article_id_2af71389_fk_biasapp_articles_id` (`article_id`),
  CONSTRAINT `biasapp_url_article_id_2af71389_fk_biasapp_articles_id` FOREIGN KEY (`article_id`) REFERENCES `biasapp_articles` (`id`)
) ENGINE=InnoDB AUTO_INCREMENT=878 DEFAULT CHARSET=utf8;
/*!40101 SET character_set_client = @saved_cs_client */;

--
-- Dumping data for table `biasapp_url`
--

LOCK TABLES `biasapp_url` WRITE;
/*!40000 ALTER TABLE `biasapp_url` DISABLE KEYS */;
INSERT INTO `biasapp_url` VALUES (198,'https://www.washingtonpost.com/world/national-security/chairman-and-partisan-the-dual-roles-of-devin-nunes-raise-questions-about-house-investigation/2017/03/26/2c95ade2-1096-11e7-9b0d-d27c98455440_story.html?utm_term=.ec8ebb14018a',44,' Chairman and partisan: The dual roles of Devin Nunes raise questions about House investigation - The Washington Post',0.44363,0.69549,0.55637,'[\nChairman and partisan: The dual roles of Devin Nunes\n]'),(199,'https://www.washingtonpost.com/world/national-security/national-security-adviser-flynn-discussed-sanctions-with-russian-ambassador-despite-denials-officials-say/2017/02/09/f85b29d6-ee11-11e6-b4ff-ac2cf509efe5_story.html?utm_term=.8781e4fa4d9f',44,' National security adviser Flynn discussed sanctions with Russian ambassador, despite denials, officials say - The Washington Post',0.45230,0.99745,0.54770,'Cohen was brought into the administration by Flynn, a former Defense Intelligence Agency director who was fired after\n it was exposed that he had misled Vice President Pence and others about his contacts with Russian Ambassador Sergey Kislyak\n. '),(200,'http://www.cnn.com/2017/03/30/politics/michael-flynn-immunity-testimony/index.html',45,'Flynn seeks immunity for testimony - CNNPolitics.com',0.31548,0.99988,0.68452,'During the signing ceremony, White House pool reporters asked Trump questions about his former national security adviser \nMichael Flynn\n, who has offered to testify on Russian involvement in the US election in return for immunity from prosecution. '),(201,'http://www.cnn.com/2017/03/31/politics/donald-trump-presidency/index.html',45,'Trump moves agenda forward even as Russia controversy swirls - CNNPolitics.com',0.55706,0.92366,0.44294,'Trump later \nsigned the pair of orders\n aimed at identifying and targeting foreign trade abuses, according to the White House, but behind closed doors. '),(202,'http://i2.cdn.turner.com/cnn/2017/images/03/31/eo.doc.pdf',45,'couldn\'t fetch title',0.27901,0.62086,0.72099,'One order commissions a 90-day study of US trade deficits with some of its largest trading partners to identify potential trade abuses and cheating. The second directive orders \nstricter and more effective enforcement of US anti-dumping l\naws to prevent foreign manufacturers from undercutting US companies by selling goods at an unfair price.'),(227,'http://komenwisconsin.org/',48,'403 Forbidden',0.37002,0.89623,0.62998,'Now, she is a healthy 43-year-old Milwaukee resident and a breast health advocate with \nSusan G. Komen of Southeast Wisconsin\n. While chemotherapy treatments affected Childs\' fertility, she and her husband are preparing to adopt their first child, whom they can\'t wait to meet.'),(228,'http://www.worldwidebreastcancer.com/',49,'#KnowYourLemons with Worldwide Breast Cancer',0.27350,0.85367,0.72650,'In telling her story, she found a similar photo online, an egg carton filled with lemons, on the website for a charity called \nWorldwide Breast Cancer\n. She shared it on Facebook with an impassioned call to promote awareness with useful, practical information. '),(229,'http://www.mbcalliance.org/',49,'Metastatic Breast Cancer Alliance | together we are stronger than the disease',0.63515,0.90638,0.36485,'For Beaumont\'s next project, she is working with metastatic breast cancer patients through the \nMetastatic Breast Cancer Alliance\n, a patient advocate organization that connects breast cancer patients with resources and clinical trials.'),(230,'http://www.cancer.org/cancer/breastcancer/detailedguide/breast-cancer-survival-by-stage',49,'Breast Cancer Survival Rates ',0.30946,0.91614,0.69054,'Chieze, whose prognosis is uncertain but whose cancer is currently\n \nin remission, hopes that the renewed attention in this campaign will support the ongoing demand for research and resources for metastatic breast cancer patients. About 22% of these patients live five years past their diagnoses, according to the \nAmerican Cancer Society\n.'),(231,'https://www.facebook.com/photo.php?fbid=10154886141978894&set=a.118071123893.124938.577163893&type=1&theater',49,'In the past few days, I have received... - Erin Smith Chieze | Facebook',0.22784,0.98952,0.77216,'Her \npost\n with the 15-year-old image has now been shared nearly 42,000 times.'),(232,'https://www.facebook.com/CNNHealth',49,'CNN Health - Home | Facebook',0.33929,0.14553,0.66071,'See the latest news and share your comments with CNN Health on\n Facebook\n and \nTwitter\n.'),(233,'https://twitter.com/cnnhealth',49,'CNN Health (@cnnhealth) | Twitter',0.33929,0.14553,0.66071,'See the latest news and share your comments with CNN Health on\n Facebook\n and \nTwitter\n.'),(234,'http://jamanetwork.com/journals/jamasurgery/article-abstract/2613702',48,'couldn\'t fetch title',0.62229,0.85518,0.37771,'Younger women with breast cancer are increasingly opting to undergo double mastectomies, even if they were diagnosed with early-stage cancer in only one breast, known as unilateral breast cancer, according to a study \npublished in the journal JAMA Surgery\n on Wednesday. '),(235,'http://www.cnn.com/2013/05/14/showbiz/angelina-jolie-double-mastectomy/',48,'Angelina Jolie undergoes double mastectomy - CNN.com',0.77876,0.95379,0.22124,'\"Another factor is probably the \nAngelina Jolie effect\n. She was diagnosed with the BRCA-1 cancer gene that mutation that causes breast cancer, and she had a double mastectomy, so that was covered widely in the media,\" he said. \"For women diagnosed with breast cancer in one breast, there is no evidence to suggest to remove the unaffected breast.\"'),(236,'http://onlinelibrary.wiley.com/doi/10.1111/tbj.12648/full',48,'Differences between Breast Conservation-Eligible Patients and Unilateral Mastectomy Patients in Choosing Contralateral Prophylactic Mastectomies - Sabel - 2016 - The Breast Journal - Wiley Online Library',0.38847,0.81127,0.61153,'Sabel and his colleagues found in a separate study that the percentage of women who were eligible for lumpectomies but opted for double mastectomies rose between 2000 and 2012. The study was published in \nThe Breast Journal\n last year.'),(237,'http://www.cnn.com/2016/03/11/health/double-mastectomy-surgery-increase-breast-cancer/',48,'Breast cancer: Double mastectomy rate tripled in 10 years - CNN.com',0.51192,0.30867,0.48808,'Another study, published last year in the \njournal Annals of Surgery\n, found that the use of \nCPM overall more than tripled in the United States\n between 2002 and 2012, despite a lack of evidence that the procedure offers a survival benefit.'),(238,'https://www.ncbi.nlm.nih.gov/pmc/articles/PMC2894028/',48,'Page not available',0.33592,0.89115,0.66408,'Yet because of her experience, Childs can relate to the \n7% of women with breast cancer\n who are diagnosed before age 40, many of whom face the same decision she did: whether to go under the knife for a lumpectomy or a mastectomy.'),(239,'https://www.cancer.gov/types/breast/risk-reducing-surgery-fact-sheet',48,'\r\n	Surgery to Reduce the Risk of Breast Cancer Fact Sheet - National Cancer Institute\r\n',0.42335,0.74961,0.57665,'The procedure to remove the healthy breast along with the affected breast is called a \ncontralateral prophylactic mastectomy\n, or CPM. '),(240,'https://link.springer.com/article/10.1245%2Fs10434-016-5443-5',48,'Contralateral Prophylactic Mastectomy (CPM) Consensus Statement from the American Society of Breast Surgeons: Data on CPM Outcomes and Risks         | SpringerLink\n',0.37802,0.91962,0.62198,'Last year, the American Society of Breast Surgeons published a consensus statement in \nthe journal Annals of Surgical Oncology\n recommending against the routine use of removing both breasts in women with unilateral breast cancer -- a recommendation that the American Board of Internal Medicine also made.'),(241,'https://www.cancer.gov/types/breast/risk-reducing-surgery-fact-sheet#q4',48,'\r\n	Surgery to Reduce the Risk of Breast Cancer Fact Sheet - National Cancer Institute\r\n',0.30030,0.91454,0.69970,'Even if a \nCPM procedure is to prevent cancer\n \nfrom developing in the healthy breast\n, Jemal said, \"the maximum is 6% of women will develop breast cancer on the unaffected breast within the next 10 years. It is very small.\"'),(242,'http://www.cdc.gov/mmwr/volumes/65/wr/mm6540a1.htm',50,'Patterns and Trends in Age-Specific Black-White Differences in Breast Cancer Incidence and Mortality – United States, 1999–2014\r\n\n\n | MMWR\n\n',0.45733,0.89060,0.54267,' (CNN)\nRacial disparities between black and white breast cancer patients are receding, according to a report released Thursday. Younger women of both races benefit equally from timely treatment, but differences in death rates still exist for black and white women over age 50, a \nnew report from the US Centers for Disease Control and Prevention \nindicates.'),(243,'http://www.cdc.gov/cancer/breast/basic_info/screening.htm',50,'CDC - What Is Breast Cancer Screening?',0.57725,0.82455,0.42275,'Cancer can usually be found at a much earlier stage when screening guidelines are followed: All women, beginning at 50, need to get a mammogram every other year, while women with a family history of breast cancer should consult with their doctors about earlier mammograms, according to \nUS Preventative Services Task Force\n recommendations. '),(244,'https://nccd.cdc.gov/uscs/',50,'\r\n	United States Cancer Statistics\r\n',0.39045,0.99978,0.60955,'Led by Dr. Lisa Richardson, director of the Division of Cancer Prevention and Control, the CDC researchers examined rates of breast cancer occurrence in women between 1999 and 2013 and rates of breast cancer deaths between 2000 and 2014, using data from the \nUnited States Cancer Statistics\n report. '),(245,'https://www.facebook.com/CNNHealth',50,'CNN Health - Home | Facebook',0.33929,0.14553,0.66071,'See the latest news and share your comments with CNN Health on\n Facebook\n and \nTwitter\n.'),(246,'https://twitter.com/cnnhealth',50,'CNN Health (@cnnhealth) | Twitter',0.33929,0.14553,0.66071,'See the latest news and share your comments with CNN Health on\n Facebook\n and \nTwitter\n.'),(247,'https://www.cancer.gov/types/breast/hp/breast-treatment-pdq',48,'\r\n	Breast Cancer Treatment (PDQ®)—Health Professional Version - National Cancer Institute\r\n',0.30030,0.91454,0.69970,'Even if a \nCPM procedure is to prevent cancer\n \nfrom developing in the healthy breast\n, Jemal said, \"the maximum is 6% of women will develop breast cancer on the unaffected breast within the next 10 years. It is very small.\"'),(248,'https://www.cancer.org/cancer/breast-cancer/living-as-a-breast-cancer-survivor/second-cancers-after-breast-cancer.html',48,'Second Cancers After Breast Cancer',0.45441,0.83127,0.54559,'On the other hand, the most common second cancer in breast cancer survivors is another breast cancer, according to the \nAmerican Cancer Society\n. '),(249,'https://academic.oup.com/jnci/article/102/7/444/907640/Contralateral-Second-Breast-Cancers-Prediction-and',48,'couldn\'t fetch title',0.50041,0.89654,0.49959,'A healthy 55-year-old woman has about a 2.5% chance of developing invasive cancer in a given breast over the next 15 years, whereas a 55-year-old breast cancer survivor has a 10% to 15% chance, according to a paper published in the \nJournal of the National Cancer Institute\n in 2010.'),(250,'https://seer.cancer.gov/statfacts/html/breast.html',48,'Cancer of the Breast (Female) - Cancer Stat Facts',0.53322,0.99732,0.46678,'About 12.4% of women in the United States will be diagnosed with breast cancer at some point during their lifetime, according to the \nNational Cancer Institute\n.'),(251,'https://www.naaccr.org/',48,'403 Forbidden',0.44142,0.88401,0.55858,'The new study included data on 1.2 million women 20 and older in the United States who were diagnosed with early-stage invasive unilateral breast cancer between 2004 and 2012. The data came from the \nNorth American Association of Central Cancer Registries\n.'),(252,'https://www.ncbi.nlm.nih.gov/pubmed/26967636',48,'Growing Use of Contralateral Prophylactic Mastectomy Despite no Improvement in Long-term Survival for Invasive Breast Cancer.  - PubMed - NCBI\n',0.51192,0.30867,0.48808,'Another study, published last year in the \njournal Annals of Surgery\n, found that the use of \nCPM overall more than tripled in the United States\n between 2002 and 2012, despite a lack of evidence that the procedure offers a survival benefit.'),(253,'https://www.facebook.com/CNNHealth',48,'CNN Health - Home | Facebook',0.33929,0.14553,0.66071,'See the latest news and share your comments with CNN Health on\n Facebook\n and \nTwitter\n.'),(254,'https://twitter.com/cnnhealth',48,'CNN Health (@cnnhealth) | Twitter',0.33929,0.14553,0.66071,'See the latest news and share your comments with CNN Health on\n Facebook\n and \nTwitter\n.'),(255,'http://www.chicagotribune.com/news/local/breaking/ct-chicago-violence-shootings-20170330-story.html',51,'4 dead in restaurant shooting: &apos;It is not OK. It is not OK when we lose a child like this&apos; - Chicago Tribune',0.76798,0.89722,0.23202,'The first call of a person shot dead in the South Shore neighborhood came in shortly after noon Thursday. A woman, four months pregnant, had been found in her home with a gunshot wound to the head, according to Chicago police.Less than four hours later, \nfour men were killed\n when a gunman opened...'),(256,'http://www.chicagotribune.com/news/local/breaking/ct-chicago-violence-shootings-20170330-story.html',51,'4 dead in restaurant shooting: &apos;It is not OK. It is not OK when we lose a child like this&apos; - Chicago Tribune',0.76798,0.89722,0.23202,'The first call of a person shot dead in the South Shore neighborhood came in shortly after noon Thursday. A woman, four months pregnant, had been found in her home with a gunshot wound to the head, according to Chicago police.Less than four hours later, \nfour men were killed\n when a gunman opened...'),(257,'http://www.chicagotribune.com/',51,'Chicago Tribune: Chicago breaking news, sports, business, entertainment, weather and traffic - Chicago Tribune',0.54912,0.70470,0.45088,'Copyright\n            © 2017, \nChicago Tribune'),(258,'http://www.tribpub.com/privacy-policy-and-your-privacy-rights/',52,' Privacy Policy - tronc, Inc. ',0.50018,0.59509,0.49982,'Privacy Policy'),(259,'http://www.chicagotribune.com/',52,'Chicago Tribune: Chicago breaking news, sports, business, entertainment, weather and traffic - Chicago Tribune',0.54912,0.70470,0.45088,'Copyright\n            © 2017, \nChicago Tribune'),(260,'http://www.chicagotribune.com/',53,'Chicago Tribune: Chicago breaking news, sports, business, entertainment, weather and traffic - Chicago Tribune',0.54912,0.70470,0.45088,'Copyright\n            © 2017, \nChicago Tribune'),(261,'http://www.tribpub.com/privacy-policy-and-your-privacy-rights/',54,' Privacy Policy - tronc, Inc. ',0.50018,0.59509,0.49982,'Privacy Policy'),(262,'http://wgnradio.com/2017/03/29/governor-bruce-rauner-whats-with-the-duct-tape/',54,'Governor Bruce Rauner: What’s with the duct tape? | WGN Radio - 720 AM',0.70069,0.68555,0.29931,'The comment in question came on Wednesday\'s \n\"Steve Cochran\" show (hear comment at 6:22 mark)\n as Rauner was criticizing Mendoza and talking about his latest TV ad, which sees him use duct tape as a prop to discuss the lack of long-term fixes in Springfield.'),(263,'http://www.chicagotribune.com/',54,'Chicago Tribune: Chicago breaking news, sports, business, entertainment, weather and traffic - Chicago Tribune',0.54912,0.70470,0.45088,'Copyright\n            © 2017, \nChicago Tribune'),(265,'http://www.nbcnews.com/news/us-news/ivanka-trump-jared-kushner-rising-powers-white-house-n739126',56,'Ivanka Trump, Jared Kushner: Rising Powers at the White House - NBC News',0.39465,0.84114,0.60535,'RELATED: \nIvanka, Jared are rising powers at the White House '),(266,'https://www.facebook.com/sharer.php?u=http%3A%2F%2Fwww.nbcnews.com%2Fnightly-news%2Fvideo%2Fit-s-official-ivanka-trump-is-a-federal-employee-909565507564&t=MARCH%2029%3A%20It\'s%20Official%3A%20Ivanka%20Trump%20is%20a%20Federal%20Employee',56,'Facebook',0.47679,0.59509,0.52321,'\n\nFacebook\n\n'),(267,'https://twitter.com/share?text=MARCH%2029%3A%20It\'s%20Official%3A%20Ivanka%20Trump%20is%20a%20Federal%20Employee&url=http%3A%2F%2Fwww.nbcnews.com%2Fnightly-news%2Fvideo%2Fit-s-official-ivanka-trump-is-a-federal-employee-909565507564&via=nbcnews',56,'Share a link on Twitter',0.48702,0.59509,0.51298,'\n\nTwitter\n\n'),(268,'http://www.nbcnews.com/news/us-news/u-s-restricts-laptops-ipads-carry-bags-10-airports-n736181',57,'U.S. Restricts Laptops, iPads in Carry-On Bags From 10 Airports - NBC News',0.64744,0.86994,0.35256,' Intelligence officials say \nthe restrictions imposed earlier this month\n were based in part on analyzing past attacks and developing an idea of current terrorist capabilities. The analysis also suggests that terror groups have gotten their hands on airport security screening devices in order to probe their weaknesses, officials told NBC News. '),(269,'http://www.nbcnews.com/dateline/video/what-s-behind-the-ban-on-electronic-devices-on-some-overseas-flights-902774339917',57,'What’s behind the ban on electronic devices on some overseas flights? - NBC News',0.68723,0.90815,0.31277,' For the past week, passengers on flights from \n10 airports in the Middle East and North Africa\n to the U.S. have been forbidden to carry onboard any electronic devices larger than a cell phone. '),(270,'http://www.nbcnews.com/news/us-news/u-s-restricts-laptops-ipads-carry-bags-10-airports-n736181',57,'U.S. Restricts Laptops, iPads in Carry-On Bags From 10 Airports - NBC News',0.37510,0.81175,0.62490,'Related: \nU.S. Restricts Laptops, iPads in Carry-On Bags from 10 Airports'),(271,'http://www.nbcnews.com/dateline/video/what-s-behind-the-ban-on-electronic-devices-on-some-overseas-flights-902774339917',57,'What’s behind the ban on electronic devices on some overseas flights? - NBC News',0.46791,0.48600,0.53209,'Related: \nWhat\'s Behind the Ban On Electronics on Some Overseas Flights?'),(272,'https://www.facebook.com/sharer.php?u=http%3A%2F%2Fwww.nbcnews.com%2Fnightly-news%2Fvideo%2Fu-s-officials-terrorists-may-conceal-bombs-in-laptops-911501379585&t=U.S.%20Officials%3A%20Terrorists%20May%20Conceal%20Bombs%20in%20Laptops',57,'Facebook',0.47679,0.59509,0.52321,'\n\nFacebook\n\n'),(273,'https://twitter.com/share?text=U.S.%20Officials%3A%20Terrorists%20May%20Conceal%20Bombs%20in%20Laptops&url=http%3A%2F%2Fwww.nbcnews.com%2Fnightly-news%2Fvideo%2Fu-s-officials-terrorists-may-conceal-bombs-in-laptops-911501379585&via=nbcnews',57,'Share a link on Twitter',0.48702,0.59509,0.51298,'\n\nTwitter\n\n'),(274,'http://www.nbcnews.com/news/us-news/12-dead-after-church-van-full-seniors-pickup-truck-crash-n740351',58,'13 Dead After Pickup Truck Veers Into Church Van Full of Seniors in Texas - NBC News',0.55846,0.90490,0.44154,' Less than 20 minutes later, a driver later identified as Jack Dillon Young, 20, veered over the center divider and \nplowed into a church bus\n, according to accounts by Texas authorities. Only Young and one of the 14 people riding in the bus survived. The crash is still under investigation. '),(275,'http://www.chron.com/news/local/article/Witness-driver-who-hit-church-bus-was-texting-11041354.php',58,'Witness: Driver who hit church bus said he was texting - Houston Chronicle',0.64384,0.86541,0.35616,' Young was still trapped in the cab of his Dodge pickup when he reportedly told a witness that he had been on his phone, texting, at the time of the crash, \nthe Houston Chronicle reported Friday\n. A federal investigator Friday did not confirm whether texting played a role. '),(276,'https://www.facebook.com/sharer.php?u=http%3A%2F%2Fwww.nbcnews.com%2Fnightly-news%2Fvideo%2F13-seniors-dead-after-truck-slams-into-church-van-910557251791&t=MARCH%2030%3A%2013%20Seniors%20Dead%20After%20Truck%20Slams%20Into%20Church%20Van',58,'Facebook',0.47679,0.59509,0.52321,'\n\nFacebook\n\n'),(277,'https://twitter.com/share?text=MARCH%2030%3A%2013%20Seniors%20Dead%20After%20Truck%20Slams%20Into%20Church%20Van&url=http%3A%2F%2Fwww.nbcnews.com%2Fnightly-news%2Fvideo%2F13-seniors-dead-after-truck-slams-into-church-van-910557251791&via=nbcnews',58,'Share a link on Twitter',0.48702,0.59509,0.51298,'\n\nTwitter\n\n'),(278,'https://media4.s-nbcnews.com/j/newscms/2017_13/1948871/170329-texas-church-van-crash-1141p_229345b769ec6a76e3aed014773efbad.nbcnews-ux-2880-1000.jpg',58,'couldn\'t fetch title',0.63744,0.82487,0.36256,'\n\n\n\n\n\n\n\n\n\n\n\n\n\nAuthorities investigate after a deadly crash involving a van carrying church members and a pickup truck on U.S. 83 outside Garner State Park in northern Uvalde County, Texas on March 29, 2017. \n \nPete Luna / The San Antonio Express-News via AP\n\n\n\n'),(279,'http://www.nbcnews.com/news/us-news/judge-why-giuliani-defending-alleged-iranian-money-launderer-n739811',59,'Judge: Why Is Giuliani Defending Alleged Iranian Money Launderer? - NBC News',0.25811,0.97289,0.74189,' Giuliani, now President Trump\'s cyber czar, and Mukasey are part of the defense team for Reza Zarrab, a \nTurkish-Iranian gold trader charged\n in federal court with helping the Iranian government avoid sanctions and launder hundreds of millions. '),(280,'http://www.nbcnews.com/card/giuliani-help-defend-accused-iran-money-launderer-n739181',59,'Giuliani to Help Defend Accused Iran Money Launderer - NBC News',0.41531,0.75434,0.58469,'Related: \nGiuliani To Help Defend Accused Iran Money Launderer'),(281,'http://www.nbcnews.com/card/giuliani-help-defend-accused-iran-money-launderer-n739181',59,'Giuliani to Help Defend Accused Iran Money Launderer - NBC News',0.65554,0.67413,0.34446,'Related: \nJudge: Why Is Giuliani Defending Alleged Iranian Money Launderer?'),(282,'https://media3.s-nbcnews.com/j/newscms/2016_39/1725671/afp_gi4r5_55c1a1da7d7242c4a61889dd4ffb27b1.nbcnews-ux-2880-1000.jpg',59,'couldn\'t fetch title',0.42834,0.84190,0.57166,'\n\n\n\n\n\n\n\n\n\n\n\n\n\nFormer Mayor of New York City Rudy Giuliani.\n \nJEWEL SAMAD / AFP - Getty Images\n\n\n\n'),(283,'https://www.facebook.com/sharer.php?u=http%3A%2F%2Fwww.nbcnews.com%2Fvideo%2Fgiuliani-responds-to-reports-of-trump-not-pursuing-clinton-investigation-815259203831&t=Giuliani%20Responds%20to%20Reports%20of%20Trump%20Not%20Pursuing%20Clinton%20Investigation',59,'Facebook',0.47679,0.59509,0.52321,'\n\nFacebook\n\n'),(284,'https://twitter.com/share?text=Giuliani%20Responds%20to%20Reports%20of%20Trump%20Not%20Pursuing%20Clinton%20Investigation&url=http%3A%2F%2Fwww.nbcnews.com%2Fvideo%2Fgiuliani-responds-to-reports-of-trump-not-pursuing-clinton-investigation-815259203831&via=nbcnews',59,'Share a link on Twitter',0.48702,0.59509,0.51298,'\n\nTwitter\n\n'),(285,'http://www.nbcnews.com/news/us-news/atlanta-bridge-collapse-it-will-take-months-rebuild-officials-say-n741251',60,'Atlanta Bridge Collapse: It Will Take Months to Rebuild, Officials Say - NBC News',0.68804,0.99783,0.31196,' Authorities believe the three are homeless and were at the scene when the fire\n broke out Thursday\n, according to Glenn Allen, a spokesman for Georgia\'s Office of Insurance and Safety Fire Commissioner. '),(286,'http://www.11alive.com/traffic/i-85-collapse/3-arrested-in-connection-to-i-85-fire-collapse/427369010',60,'Suspects connected to I-85 fire, collapse identified | 11alive.com',0.57195,0.80999,0.42805,' Two of them — Sophia Bruner and Barry Thomas — were charged with criminal trespass, while a third — Basil Eleby — was charged with criminal damage to property, Allen said. Allen \ntold NBC station WXIA\n in Atlanta Eleby is believed to have started the fire. Atlanta Fire Rescue said more charges could be added as the investigation progresses. '),(287,'https://www.facebook.com/sharer.php?u=http%3A%2F%2Fwww.nbcnews.com%2Fnightly-news%2Fvideo%2Fstate-of-emergency-after-atlanta-bridge-collapse-911502403771&t=State%20of%20Emergency%20After%20Atlanta%20Bridge%20Collapse',60,'Facebook',0.47679,0.59509,0.52321,'\n\nFacebook\n\n'),(288,'https://twitter.com/share?text=State%20of%20Emergency%20After%20Atlanta%20Bridge%20Collapse&url=http%3A%2F%2Fwww.nbcnews.com%2Fnightly-news%2Fvideo%2Fstate-of-emergency-after-atlanta-bridge-collapse-911502403771&via=nbcnews',60,'Share a link on Twitter',0.48702,0.59509,0.51298,'\n\nTwitter\n\n'),(289,'https://media1.s-nbcnews.com/j/newscms/2017_13/1950441/twip-170331-19_9e576fe27ac3b83e58c5a61e7f3f4288.nbcnews-ux-2880-1000.jpg',60,'couldn\'t fetch title',0.68145,0.68976,0.31855,'\n\n\n\n\n\n\n\n\n\n\n\n\n\nA firefighter surveys the section of an overpass that collapsed from a large fire on Interstate 85 in Atlanta on March 30, 2017.\n \nDavid Goldman / AP\n\n\n\n'),(333,'http://www.linkedin.com/shareArticle?url=http%3A//usat.ly/2nIkssl&mini=true',63,'Sign In to LinkedIn\n ',0.47918,0.25790,0.52082,'\n            \n                12910\n            \n        \nCONNECT\nTWEET\n\n            \n                7\n            \n        \nLINKEDIN\n\n                \n                    49\n                \n            \nCOMMENT\nEMAIL\nMORE'),(334,'http://www.usatoday.com/story/news/nation-now/2017/03/31/interstate-85-collapse-atlanta/99861524/',63,'I-85 bridge collapse in Atlanta effectively \'puts a cork in the bottle\' for traffic',0.54657,0.28969,0.45343,'Rebuilding I-85 bridge will \'take at least several months\''),(335,'http://www.usatoday.com/story/news/nation-now/2017/03/31/what-we-know--85-collapse-atlanta-and-how-detour-around-damages/99862628/',63,'I-85 bridge collapse in Atlanta: One day later, we still don\'t know what caused the fire',0.65192,0.38257,0.34808,'One day later, we still don\'t know what caused Atlanta\'s I-85 bridge fire'),(336,'http://www.usatoday.com/story/sports/mlb/2017/03/31/atlanta-bridge-i-85-braves-suntrust-park/99861688/',63,'Atlanta\'s I-85 bridge collapse and traffic complicate Braves\' SunTrust Park debut',0.51898,0.54861,0.48102,'Atlanta bridge collapse, traffic complicate Braves\' SunTrust Park debut'),(337,'http://www.linkedin.com/shareArticle?url=http://www.usatoday.com/picture-gallery/news/nation/2017/03/30/massive-fire-in-atlanta-causes-a-section-of-i-85-to-collapse/99853226/&mini=true',63,'Sign Up | LinkedIn',0.50955,0.59509,0.49045,'LinkedIn'),(338,'http://http://www.usatoday.com/story/news/2017/02/15/deficient-bridges/97890324/',63,'couldn\'t fetch title',0.39993,0.87360,0.60007,'Despite the good condition of the Atlanta bridge, nearly 56,000 bridges nationwide including 13,000 interstate bridges are structurally deficient,\n according to an analysis\n of federal inspections by the American Road and Transportation Builders Association. Vehicles cross the deficient bridges 185 million times daily, according to the group.'),(339,'http://www.linkedin.com/shareArticle?url=http%3A//usat.ly/2nIkssl&mini=true',63,'Sign Up | LinkedIn',0.47918,0.25790,0.52082,'\n            \n                12910\n            \n        \nCONNECT\nTWEET\n\n            \n                7\n            \n        \nLINKEDIN\n\n                \n                    49\n                \n            \nCOMMENT\nEMAIL\nMORE'),(340,'https://twitter.com/intent/tweet?url=http%3A//usat.ly/2nIkssl&text=Atlanta%20bridge%20collapse%20shows%20how%20fire%20defeats%20concrete%2C%20steel&via=usatoday',63,'Share a link on Twitter',0.47918,0.25790,0.52082,'\n            \n                12910\n            \n        \nCONNECT\nTWEET\n\n            \n                7\n            \n        \nLINKEDIN\n\n                \n                    49\n                \n            \nCOMMENT\nEMAIL\nMORE'),(341,'https://twitter.com/intent/tweet?url=http://www.usatoday.com/picture-gallery/news/nation/2017/03/30/massive-fire-in-atlanta-causes-a-section-of-i-85-to-collapse/99853226/&text=Atlanta%20bridge%20collapse%20shows%20how%20fire%20defeats%20concrete,%20steel&via=usatoday',63,'Share a link on Twitter',0.48702,0.59509,0.51298,'Twitter'),(342,'https://twitter.com/intent/tweet?url=http://www.usatoday.com/picture-gallery/news/nation/2017/03/30/massive-fire-in-atlanta-causes-a-section-of-i-85-to-collapse/99853226/&text=Atlanta%20bridge%20collapse%20shows%20how%20fire%20defeats%20concrete,%20steel&via=usatoday',63,'Share a link on Twitter',0.48702,0.59509,0.51298,'Twitter'),(343,'https://twitter.com/hashtag/Planahead?src=hash',63,'#Planahead hashtag on Twitter',0.45874,0.78898,0.54126,'Updated Detour visual: Piedmont Road from Cheshire Bridge Road to Sidney Marcus Blvd. \n#Planahead\n#MetroATL\n@511Georgia\npic.twitter.com/8WuLm1XOK5'),(344,'https://twitter.com/hashtag/MetroATL?src=hash',63,'#MetroATL hashtag on Twitter',0.45874,0.78898,0.54126,'Updated Detour visual: Piedmont Road from Cheshire Bridge Road to Sidney Marcus Blvd. \n#Planahead\n#MetroATL\n@511Georgia\npic.twitter.com/8WuLm1XOK5'),(345,'https://twitter.com/511Georgia',63,'NaviGAtor511 (@511Georgia) | Twitter',0.45874,0.78898,0.54126,'Updated Detour visual: Piedmont Road from Cheshire Bridge Road to Sidney Marcus Blvd. \n#Planahead\n#MetroATL\n@511Georgia\npic.twitter.com/8WuLm1XOK5'),(346,'https://t.co/8WuLm1XOK5',63,'Georgia DOT on Twitter: \"Updated Detour visual: Piedmont Road from Cheshire Bridge Road to Sidney Marcus Blvd. #Planahead #MetroATL @511Georgia https://t.co/8WuLm1XOK5\"',0.45874,0.78898,0.54126,'Updated Detour visual: Piedmont Road from Cheshire Bridge Road to Sidney Marcus Blvd. \n#Planahead\n#MetroATL\n@511Georgia\npic.twitter.com/8WuLm1XOK5'),(347,'https://twitter.com/GADeptofTrans/status/847791724655251456',63,'Georgia DOT on Twitter: \"Updated Detour visual: Piedmont Road from Cheshire Bridge Road to Sidney Marcus Blvd. #Planahead #MetroATL @511Georgia https://t.co/8WuLm1XOK5\"',0.48010,0.84421,0.51990,'Updated Detour visual: Piedmont Road from Cheshire Bridge Road to Sidney Marcus Blvd. \n#Planahead\n#MetroATL\n@511Georgia\npic.twitter.com/8WuLm1XOK5\n— Georgia DOT (@GADeptofTrans) \nMarch 31, 2017'),(348,'https://twitter.com/KasimReed/status/847600814461902848',63,'Kasim Reed on Twitter: \"UPDATE on bridge collapse on I-85: The fire has been extinguished. There is no confirmed loss of life at this time. (1/2)\"',0.70583,0.16571,0.29417,'UPDATE on bridge collapse on I-85: The fire has been extinguished. There is no confirmed loss of life at this time. (1/2)\n— Kasim Reed (@KasimReed) \nMarch 31, 2017'),(349,'https://twitter.com/intent/tweet?url=http%3A//usat.ly/2nIkssl&text=Atlanta%20bridge%20collapse%20shows%20how%20fire%20defeats%20concrete%2C%20steel&via=usatoday',63,'Share a link on Twitter',0.47918,0.25790,0.52082,'\n            \n                12910\n            \n        \nCONNECT\nTWEET\n\n            \n                7\n            \n        \nLINKEDIN\n\n                \n                    49\n                \n            \nCOMMENT\nEMAIL\nMORE'),(350,'http://www.linkedin.com/shareArticle?url=http%3A//usat.ly/2nIYxBb&mini=true',64,'Sign Up | LinkedIn',0.46739,0.26795,0.53261,'\n            \n                11833\n            \n        \nCONNECT\nTWEET\nLINKEDIN\n\n                \n                    72\n                \n            \nCOMMENT\nEMAIL\nMORE'),(351,'http://www.usatoday.com/story/news/politics/2017/03/31/trump-flynn-should-get-immunity-possible-prosecution-if-he-talks/99860564/',64,'Trump: Michael Flynn should get immunity from possible prosecution if he talks',0.59947,0.77560,0.40053,'Gen. Michael Flynn\'s immunity request gets no takers — yet'),(352,'http://www.usatoday.com/story/news/2017/03/30/flynn-lawyer-client-wants-assurances-against-witch-hunt-prosecution/99850144/',64,'Michael Flynn\'s lawyer: Client wants assurances against \'witch-hunt\' prosecution',0.47124,0.92424,0.52876,'Flynn lawyer: Client wants assurances against \'witch-hunt\' prosecution'),(353,'http://www.linkedin.com/shareArticle?url=http%3A//usat.ly/2nIYxBb&mini=true',64,'Sign Up | LinkedIn',0.46739,0.26795,0.53261,'\n            \n                11833\n            \n        \nCONNECT\nTWEET\nLINKEDIN\n\n                \n                    72\n                \n            \nCOMMENT\nEMAIL\nMORE'),(354,'https://twitter.com/intent/tweet?url=http%3A//usat.ly/2nIYxBb&text=Flynn%27s%20immunity%20request%20exposes%20possible%20legal%20vulnerability%20%20%20&via=usatoday',64,'Share a link on Twitter',0.46739,0.26795,0.53261,'\n            \n                11833\n            \n        \nCONNECT\nTWEET\nLINKEDIN\n\n                \n                    72\n                \n            \nCOMMENT\nEMAIL\nMORE'),(355,'https://twitter.com/realDonaldTrump/status/847766558520856578',64,'Donald J. Trump on Twitter: \"Mike Flynn should ask for immunity in that this is a witch hunt (excuse for big election loss), by media & Dems, of historic proportion!\"',0.53051,0.47921,0.46949,'Mike Flynn should ask for immunity in that this is a witch hunt (excuse for big election loss), by media & Dems, of historic proportion!\n— Donald J. Trump (@realDonaldTrump) \nMarch 31, 2017'),(356,'https://twitter.com/intent/tweet?url=http%3A//usat.ly/2nIYxBb&text=Flynn%27s%20immunity%20request%20exposes%20possible%20legal%20vulnerability%20%20%20&via=usatoday',64,'Share a link on Twitter',0.46739,0.26795,0.53261,'\n            \n                11833\n            \n        \nCONNECT\nTWEET\nLINKEDIN\n\n                \n                    72\n                \n            \nCOMMENT\nEMAIL\nMORE'),(417,'https://www.theguardian.com/world/2017/mar/30/paraguay-reelection-amend-constitution-horacio-cartes',70,'Paraguay fears dictatorship as president moves to amend constitution | World news | The Guardian',0.46612,0.93457,0.53388,'Protesters stormed and set fire to Paraguay’s Congress on Friday after the \nsenate secretly voted for a constitutional amendment that would allow President Horacio Cartes to run for re-election\n. '),(418,'https://www.theguardian.com/world/2017/mar/30/paraguay-reelection-amend-constitution-horacio-cartes',70,'Paraguay fears dictatorship as president moves to amend constitution | World news | The Guardian',0.35596,0.59402,0.64404,'\n\n\n\nParaguay fears dictatorship as president moves to amend constitution\n\n\n\n\n\n\n\n\n\n\n\n\n\n\n \n\n\n\n\n\nRead more\n\n\n\n\n\n\n'),(419,'https://www.theguardian.com/world/paraguay',70,'Paraguay | World news | The Guardian',0.36705,0.88419,0.63295,'While \nParaguay\n long suffered from political uncertainty, the soy and beef-exporting nation has been attracting investment in agriculture and manufacturing sectors in recent years as Cartes offered tax breaks to foreign investors.'),(420,'http://abcnews.go.com/topics/news/us/devin-nunes.htm',71,'Devin Nunes Videos at ABC News Video Archive at abcnews.com',0.43394,0.38029,0.56606,'\nAt least two White House officials played a role in surfacing the classified documents that were viewed by House Intelligence Committee Chairman \nDevin Nunes\n, ABC News has confirmed.\n'),(421,'http://abcnews.go.com/topics/news/donald-trump.htm',71,'Donald Trump Latest News and Videos',0.28698,0.99923,0.71302,'\nA day after having a meeting with a source on White House grounds, Nunes briefed \nPresident Trump\n on his concerns and held a press conference in which he indicated that members of the Trump transition team, and possibly the president, were incidentally surveilled.\n'),(422,'http://abcnews.go.com/Politics/house-senate-russia-probes-headed-paths/story?id=46454962',71,'How the House, Senate Russia probes are headed down different paths - ABC News',0.42107,0.82156,0.57893,'How the House, Senate Russia probes are headed down different paths'),(423,'http://abcnews.go.com/Politics/video/sean-spicer-addresses-reports-white-house-staffers-leaking-46474924',71,'Sean Spicer addresses reports of White House staffers leaking documents to House Intelligence Committee head Video - ABC News',0.36787,0.82647,0.63213,'Spicer addresses reports of White House staffers leaking documents'),(424,'http://abcnews.go.com/topics/news/us/national-security.htm',71,'National Security Videos at ABC News Video Archive at abcnews.com',0.40830,0.78332,0.59170,'\nTwo U.S. officials say senior \nNational Security\n Council staffer Ezra Cohen-Watnick and NSC lawyer Michael Ellis were both involved in the matter. According to one official familiar with the situation, Cohen-Watnick discovered the documents during the course of a separate intelligence review of unmasking procedures, a process by which names that are normally concealed in the course of surveillance are revealed to the intelligence community when they are believed to be critical to understanding the value of intelligence.\n'),(425,'http://abcnews.go.com/topics/news/issues/rapid-transit.htm',73,'Rapid Transit Videos at ABC News Video Archive at abcnews.com',0.47641,0.68992,0.52359,'\nKeith Parker, CEO of the Metropolitan Atlanta \nRapid Transit\n Authority, or MARTA, said there was a 25 percent surge in ridership and a nearly 80 percent increase in sales Friday morning.'),(426,'http://abcnews.go.com/topics/news/us/gov-nathan-deal.htm',73,'Gov Nathan Deal Videos at ABC News Video Archive at abcnews.com',0.64987,0.66651,0.35013,'\nA U.S. Department of Transportation news release says Secretary Elaine Chao spoke to Georgia Gov. \nNathan Deal\n on Friday and let him know about the money. The overpass collapsed during the Thursday afternoon rush hour after a massive fire broke out beneath the interstate in an area used to store construction materials.'),(427,'http://abcnews.go.com/topics/news/bridge-collapse.htm',73,'Bridge Collapse Videos at ABC News Video Archive at abcnews.com',0.40775,0.83257,0.59225,'\nThe interstate, which carries 250,000 cars a day, is a major thoroughfare for traffic heading north and south through Atlanta. Georgia State Patrol Commissioner Mark McDonough says the \nbridge collapse\n effectively \"puts a cork in the bottle.\"'),(428,'http://abcnews.go.com/topics/news/georgia.htm',74,'Georgia Videos at ABC News Video Archive at abcnews.com',0.56982,0.16009,0.43018,'\nExperts in structural engineering said fires on highways and bridges rarely burn long enough or hot enough to cause a complete collapse — but it has happened. Intense heat can compromise even steel-reinforced concrete, said Lauren Stewart, director of the Structural Engineering and Materials Laboratory at \nGeorgia\n Tech in Atlanta.'),(429,'http://abcnews.go.com/topics/news/issues/rapid-transit.htm',74,'Rapid Transit Videos at ABC News Video Archive at abcnews.com',0.54167,0.88020,0.45833,'\nThe highway collapse in Atlanta forced commuters Friday to find different routes to work or to use \nmass transit\n. Things won\'t be back to normal for months, said Russell McMurry, commissioner of the Georgia Department of Transportation.'),(430,'http://abcnews.go.com/topics/entertainment/music/santana.htm',74,'Santana Videos at ABC News Video Archive at abcnews.com',0.59906,0.78337,0.40094,'\nAP writers Alex Sanz in Atlanta; Russ Bynum in Savannah, Georgia; and Kevin McGill and Rebecca \nSantana\n in New Orleans contributed to this report.'),(434,'http://kff.org/global-health-policy/fact-sheet/mexico-city-policy-explainer/',76,'The Mexico City Policy: An Explainer | The Henry J. Kaiser Family Foundation',0.19949,0.67511,0.80051,'Notice the common thread there: “revoke.” In exercising his presidential power, Trump also revealed its weakness: Anything Trump does today can be undone (or perhaps redone) by his successor. Just look at the so-called \nMexico City policy\n, which bars U.S. funding for international groups that provide abortions; for more than 30 years, it has been revoked (by Democrats) and re-imposed (by Republicans) every time the White House has switched parties.'),(435,'http://thehill.com/policy/transportation/326046-report-trump-wants-to-move-tax-reform-infrastructure-together',76,'Report: Trump wants to move tax reform, infrastructure together | TheHill',0.69342,0.87168,0.30658,'Trump could still match those achievements. He has indicated that he plans to move on to tax reform next, possibly while \nsimultaneously pursuing\n a big infrastructure bill, and there is even talk of reviving the health care bill (more on that in a bit). But time isn’t on his side: As Julia Azari \nwrote for FiveThirtyEight\n earlier this year, enacting major policies gets harder after a president’s first 100 days in office. This much is clear: If Trump wants to ensure that his policies outlive his presidency, he will need legislation, not just executive orders, to do it.'),(436,'http://www.vox.com/energy-and-environment/2017/3/27/14922516/trump-executive-order-climate',76,'couldn\'t fetch title',0.40822,0.78861,0.59178,'To back up: The centerpiece of Trump’s order is an effort to revoke a \nmuch-litigated series of Obama\n-administration rules known collectively as the Clean Power Plan. That plan, which would have sharply restricted emissions from power plants, was a response to a 2007 Supreme Court ruling that found that \ngreenhouse gases count as a potential air pollutant\n under the Clean Air Act. The ruling paved the way for the Environmental Protection Agency to declare in 2009 that greenhouse gases are a legitimate threat to human health. This “endangerment finding” means the EPA not only has the right to regulate greenhouse gases — \nit’s actually required to\n.'),(437,'http://www.nytimes.com/2012/06/27/science/earth/epa-emissions-rules-backed-by-court.html',76,'E.P.A. Emissions Rules Backed by Court - The New York Times',0.40822,0.78861,0.59178,'To back up: The centerpiece of Trump’s order is an effort to revoke a \nmuch-litigated series of Obama\n-administration rules known collectively as the Clean Power Plan. That plan, which would have sharply restricted emissions from power plants, was a response to a 2007 Supreme Court ruling that found that \ngreenhouse gases count as a potential air pollutant\n under the Clean Air Act. The ruling paved the way for the Environmental Protection Agency to declare in 2009 that greenhouse gases are a legitimate threat to human health. This “endangerment finding” means the EPA not only has the right to regulate greenhouse gases — \nit’s actually required to\n.'),(438,'http://time.com/4717770/trump-climate-coal-lawsuit-order/',76,'Trump Climate Order: Environmental Groups File Lawsuit | Time.com',0.57472,0.56573,0.42528,'Of course, cars and trucks are \nnot\n the only contributors to greenhouse gas emissions. They’re not even the biggest one. Transportation accounts for \n34 percent of U.S. greenhouse gas emissions\n, according to data from the Energy Information Administration. Power plants account for 38 percent, with most of that coming from burning coal. All of this means that favoring coal could end up providing a way to challenge Trump’s executive order in court, which environmental groups are \nalready doing\n. It is, after all, pretty easy to show that coal-fired power plants are as big a contributor to the country’s overall greenhouse gas emissions budget as gasoline-powered cars are. If the government is required to regulate one, you could easily argue that it ought to be required to regulate the other.'),(439,'http://www.vox.com/the-big-idea/2017/3/29/15107836/lawsuit-aha-payments-reimbursement-unconstitutional',76,'couldn\'t fetch title',0.69924,0.89136,0.30076,'After declaring last week that \nhealth care reform was all but dead\n, a handful of Republicans have begun hinting that there might be some life in it yet. “We’re approaching the Easter season,” Oregon Rep. \nGreg Walden told Bloomberg\n. “Some things rise from the dead.” Meanwhile, Health and Human Services Secretary Tom Price testified this week that, repeal or no repeal, he plans to \ndo his part to unravel Obamacare\n, though he has sent some mixed signals on that front: Insurers want tighter restrictions on when people can enroll, which HHS \nis in the process of granting\n. But the department has said little about how it will handle \na Republican-led lawsuit\n that, if successful, could leave insurers running for the exits.'),(440,'http://kff.org/health-reform/issue-brief/assessing-aca-marketplace-enrollment/',76,'Assessing ACA Marketplace Enrollment | The Henry J. Kaiser Family Foundation',0.52217,0.83780,0.47783,'That made deciding how much to charge enrollees a bit of a crapshoot when the Affordable Care Act first passed. Insurers’ \npredictions of who would enroll\n and \nhow much they would cost\n turned out to be overly optimistic during the first three years of the marketplace, leading to \na large jump in premium prices\n in 2017 (when in doubt, charge more). Today, insurers know a lot more about what to expect from enrollees and a lot less about what to expect from the federal government that regulates their industry. But as far as insurers are concerned, uncertainty is uncertainty.'),(441,'http://healthcare.mckinsey.com/2014-individual-market-post-3r-financial-performance',76,'2014 individual market post-3R financial performance | McKinsey on Healthcare',0.52217,0.83780,0.47783,'That made deciding how much to charge enrollees a bit of a crapshoot when the Affordable Care Act first passed. Insurers’ \npredictions of who would enroll\n and \nhow much they would cost\n turned out to be overly optimistic during the first three years of the marketplace, leading to \na large jump in premium prices\n in 2017 (when in doubt, charge more). Today, insurers know a lot more about what to expect from enrollees and a lot less about what to expect from the federal government that regulates their industry. But as far as insurers are concerned, uncertainty is uncertainty.'),(442,'http://www.npr.org/2017/02/28/517523714/what-we-know-about-the-trump-house-gop-tax-plans-so-far',76,'Income Tax Cuts, Border Adjustment Tax: What We Know About Trump, House GOP Tax Plans So Far : NPR',0.80476,0.48540,0.19524,'When Treasury Secretary Steve Mnuchin \nrecently suggested\n that reforming the tax code will be “a lot simpler” than fixing health care, the tax policy world let out a collective guffaw. After all, there’s a reason it has been \nmore than three decades\n since the last major overhaul of the U.S. tax code, despite near-universal agreement that the existing system is broken. The problem is that every deduction, credit and loophole has a built-in constituency that will fight any attempt at repeal; \nlarger changes\n of the kind Republicans \nsay they want\n will encounter even more entrenched opposition.'),(443,'http://www.usatoday.com/story/money/2016/11/30/mnuchin-outlines-largest-tax-change-since-reagan/94667050/',76,'Mnuchin outlines \'largest tax change since Reagan\'',0.80476,0.48540,0.19524,'When Treasury Secretary Steve Mnuchin \nrecently suggested\n that reforming the tax code will be “a lot simpler” than fixing health care, the tax policy world let out a collective guffaw. After all, there’s a reason it has been \nmore than three decades\n since the last major overhaul of the U.S. tax code, despite near-universal agreement that the existing system is broken. The problem is that every deduction, credit and loophole has a built-in constituency that will fight any attempt at repeal; \nlarger changes\n of the kind Republicans \nsay they want\n will encounter even more entrenched opposition.'),(444,'http://www.politico.com/story/2017/03/obamacare-tax-cut-repeal-235752',76,'Republicans\' Obamacare repeal plan would cut taxes on the wealthy - POLITICO',0.62437,0.84964,0.37563,'Now, with the health care bill (probably) dead, Republicans will have to find another way to cover the cost of repealing the ACA taxes, either by cutting spending (hard) or raising taxes on someone else (possibly even harder, especially because the Obamacare taxes fell \nmostly on the rich\n). Of course, there is also another option: \nnot repealing the Obamacare taxes\n. It’s unclear how open Republican leaders are to that option, however. Rep. Kevin Brady, chairman of the House’s tax-writing Ways and Means Committee, recently \ntold reporters\n that the health care taxes would stay in place until the ACA is repealed. House Speaker Paul Ryan \nsuggested the same thing\n last week. But Senate Finance Committee Chairman Orrin Hatch this week \nsaid\n he still hopes to repeal the taxes as part of the larger tax overhaul. So much for simple, Secretary Mnuchin.'),(445,'http://www.crfb.org/blogs/crfb-explainer-tax-reform-harder-now',76,'CRFB Explainer: Is Tax Reform Harder Now? | Committee for a Responsible Federal Budget',0.62437,0.84964,0.37563,'Now, with the health care bill (probably) dead, Republicans will have to find another way to cover the cost of repealing the ACA taxes, either by cutting spending (hard) or raising taxes on someone else (possibly even harder, especially because the Obamacare taxes fell \nmostly on the rich\n). Of course, there is also another option: \nnot repealing the Obamacare taxes\n. It’s unclear how open Republican leaders are to that option, however. Rep. Kevin Brady, chairman of the House’s tax-writing Ways and Means Committee, recently \ntold reporters\n that the health care taxes would stay in place until the ACA is repealed. House Speaker Paul Ryan \nsuggested the same thing\n last week. But Senate Finance Committee Chairman Orrin Hatch this week \nsaid\n he still hopes to repeal the taxes as part of the larger tax overhaul. So much for simple, Secretary Mnuchin.'),(446,'http://www.rawstory.com/2017/03/house-tax-chief-says-obamacare-taxes-not-part-of-tax-reform/',76,'403 Forbidden',0.62437,0.84964,0.37563,'Now, with the health care bill (probably) dead, Republicans will have to find another way to cover the cost of repealing the ACA taxes, either by cutting spending (hard) or raising taxes on someone else (possibly even harder, especially because the Obamacare taxes fell \nmostly on the rich\n). Of course, there is also another option: \nnot repealing the Obamacare taxes\n. It’s unclear how open Republican leaders are to that option, however. Rep. Kevin Brady, chairman of the House’s tax-writing Ways and Means Committee, recently \ntold reporters\n that the health care taxes would stay in place until the ACA is repealed. House Speaker Paul Ryan \nsuggested the same thing\n last week. But Senate Finance Committee Chairman Orrin Hatch this week \nsaid\n he still hopes to repeal the taxes as part of the larger tax overhaul. So much for simple, Secretary Mnuchin.'),(447,'http://www.cnbc.com/2017/03/24/paul-ryan-after-gop-yanks-obamacare-bill-this-is-a-disappointing-day.html',76,'Paul Ryan says House will \'proceed\' with tax reform despite health-care \'setback\'',0.62437,0.84964,0.37563,'Now, with the health care bill (probably) dead, Republicans will have to find another way to cover the cost of repealing the ACA taxes, either by cutting spending (hard) or raising taxes on someone else (possibly even harder, especially because the Obamacare taxes fell \nmostly on the rich\n). Of course, there is also another option: \nnot repealing the Obamacare taxes\n. It’s unclear how open Republican leaders are to that option, however. Rep. Kevin Brady, chairman of the House’s tax-writing Ways and Means Committee, recently \ntold reporters\n that the health care taxes would stay in place until the ACA is repealed. House Speaker Paul Ryan \nsuggested the same thing\n last week. But Senate Finance Committee Chairman Orrin Hatch this week \nsaid\n he still hopes to repeal the taxes as part of the larger tax overhaul. So much for simple, Secretary Mnuchin.'),(448,'http://www.reuters.com/article/us-usa-tax-obamacare-idUSKBN170353',76,'\n            Senate tax chief sees room for repealing Obamacare levies in tax reform drive\n| Reuters',0.62437,0.84964,0.37563,'Now, with the health care bill (probably) dead, Republicans will have to find another way to cover the cost of repealing the ACA taxes, either by cutting spending (hard) or raising taxes on someone else (possibly even harder, especially because the Obamacare taxes fell \nmostly on the rich\n). Of course, there is also another option: \nnot repealing the Obamacare taxes\n. It’s unclear how open Republican leaders are to that option, however. Rep. Kevin Brady, chairman of the House’s tax-writing Ways and Means Committee, recently \ntold reporters\n that the health care taxes would stay in place until the ACA is repealed. House Speaker Paul Ryan \nsuggested the same thing\n last week. But Senate Finance Committee Chairman Orrin Hatch this week \nsaid\n he still hopes to repeal the taxes as part of the larger tax overhaul. So much for simple, Secretary Mnuchin.'),(449,'https://fivethirtyeight.com/tag/trumpbeat/',76,'TrumpBeat – FiveThirtyEight',0.36727,0.10187,0.63273,'Welcome to \nTrumpBeat\n, FiveThirtyEight’s weekly feature on the latest policy developments in Washington and beyond. '),(450,'https://fivethirtyeight.com/newsletter/',76,'Newsletter | FiveThirtyEight',0.42073,0.64626,0.57927,'Want to get TrumpBeat in your inbox each week? Sign up for our \nnewsletter\n. Comments, criticism or suggestions for future columns? '),(451,'https://fivethirtyeight.com/features/how-trump-lost-on-health-care/',76,'How Trump Lost On Health Care | FiveThirtyEight',0.42583,0.92758,0.57417,'President Trump’s first foray into legislating \ndid not go well\n. So following the failure of the American Health Care Act, Trump this week returned to the approach that dominated his first six weeks in office: policymaking through executive action. On Monday, Trump signed an \nexecutive order\n revoking rules for federal contractors that had been imposed under his predecessor, Barack Obama. On Tuesday, he signed \nanother order\n rolling back many of Obama’s efforts to combat climate change.'),(452,'https://www.whitehouse.gov/the-press-office/2017/03/27/presidential-executive-order-revocation-federal-contracting-executive',76,'Presidential Executive Order on the Revocation of Federal Contracting Executive Orders | whitehouse.gov',0.42583,0.92758,0.57417,'President Trump’s first foray into legislating \ndid not go well\n. So following the failure of the American Health Care Act, Trump this week returned to the approach that dominated his first six weeks in office: policymaking through executive action. On Monday, Trump signed an \nexecutive order\n revoking rules for federal contractors that had been imposed under his predecessor, Barack Obama. On Tuesday, he signed \nanother order\n rolling back many of Obama’s efforts to combat climate change.'),(453,'https://www.whitehouse.gov/the-press-office/2017/03/28/presidential-executive-order-promoting-energy-independence-and-economi-1',76,'Presidential Executive Order on Promoting Energy Independence and Economic Growth | whitehouse.gov',0.42583,0.92758,0.57417,'President Trump’s first foray into legislating \ndid not go well\n. So following the failure of the American Health Care Act, Trump this week returned to the approach that dominated his first six weeks in office: policymaking through executive action. On Monday, Trump signed an \nexecutive order\n revoking rules for federal contractors that had been imposed under his predecessor, Barack Obama. On Tuesday, he signed \nanother order\n rolling back many of Obama’s efforts to combat climate change.'),(454,'https://fivethirtyeight.com/features/trump-hasnt-rolled-back-obamas-executive-orders-so-far/',76,'Trump Hasn’t Rolled Back Obama’s Executive Orders (So Far) | FiveThirtyEight',0.68474,0.61574,0.31526,'This is not to say executive actions don’t matter. Trump’s orders on immigration, climate change, health care and other issues will have real consequences — good or bad — for millions of Americans. In the case of climate change, in particular, those consequences could long outlast his presidency. But by relying on executive actions to enact key parts of his agenda — including signature issues such as his border wall and travel ban — Trump is leaving his policies \nvulnerable to quick reversal\n by future presidents.'),(455,'https://fivethirtyeight.com/features/a-presidents-first-100-days-really-do-matter/',76,'A President’s First 100 Days Really Do Matter | FiveThirtyEight',0.69342,0.87168,0.30658,'Trump could still match those achievements. He has indicated that he plans to move on to tax reform next, possibly while \nsimultaneously pursuing\n a big infrastructure bill, and there is even talk of reviving the health care bill (more on that in a bit). But time isn’t on his side: As Julia Azari \nwrote for FiveThirtyEight\n earlier this year, enacting major policies gets harder after a president’s first 100 days in office. This much is clear: If Trump wants to ensure that his policies outlive his presidency, he will need legislation, not just executive orders, to do it.'),(456,'https://fivethirtyeight.com/features/trumps-plan-wont-reverse-coals-decline/',76,'Trump’s Plan Won’t Reverse Coal’s Decline | FiveThirtyEight',0.42136,0.83632,0.57864,'Trump’s executive order rolling back Obama’s climate-change policies has gotten lots of attention for seeking to help the struggling coal industry. (Don’t bet on a revival — environmental regulations have hurt the coal industry, but real enemy is \ncheap natural gas\n.) Less noticed, but perhaps just as significant, is how the order favors power plants over the other big source of U.S. carbon emissions: cars and trucks.'),(457,'https://www.c2es.org/federal/executive/epa/epa-endangerment-finding',76,'EPA\'s Endangerment Finding | Center for Climate and Energy Solutions',0.40822,0.78861,0.59178,'To back up: The centerpiece of Trump’s order is an effort to revoke a \nmuch-litigated series of Obama\n-administration rules known collectively as the Clean Power Plan. That plan, which would have sharply restricted emissions from power plants, was a response to a 2007 Supreme Court ruling that found that \ngreenhouse gases count as a potential air pollutant\n under the Clean Air Act. The ruling paved the way for the Environmental Protection Agency to declare in 2009 that greenhouse gases are a legitimate threat to human health. This “endangerment finding” means the EPA not only has the right to regulate greenhouse gases — \nit’s actually required to\n.'),(458,'https://fivethirtyeight.com/features/trumpbeat-return-of-the-facts/',76,'TrumpBeat: Return Of The Facts | FiveThirtyEight',0.66497,0.83979,0.33503,'The Clean Power Plan wasn’t the previous administration’s only response to the finding, however. Obama’s EPA also put in place strict new \nfuel-economy standards\n for cars and trucks. The Trump administration is taking steps to ease those standards, but at the same time it’s using them to its advantage: In a press briefing Monday, a senior White House official told reporters that the Trump administration is choosing to interpret the EPA’s endangerment finding very, very narrowly — \nas though \nonly\n cars and trucks\n contribute to greenhouse gas emissions. Therefore, at least according to the administration, it is under no obligation to restrict emissions from power plants.'),(459,'https://www.whitehouse.gov/the-press-office/2017/03/27/background-briefing-presidents-energy-independence-executive-order',76,'Background Briefing on the President\'s Energy Independence Executive Order | whitehouse.gov',0.66497,0.83979,0.33503,'The Clean Power Plan wasn’t the previous administration’s only response to the finding, however. Obama’s EPA also put in place strict new \nfuel-economy standards\n for cars and trucks. The Trump administration is taking steps to ease those standards, but at the same time it’s using them to its advantage: In a press briefing Monday, a senior White House official told reporters that the Trump administration is choosing to interpret the EPA’s endangerment finding very, very narrowly — \nas though \nonly\n cars and trucks\n contribute to greenhouse gas emissions. Therefore, at least according to the administration, it is under no obligation to restrict emissions from power plants.'),(460,'https://flowcharts.llnl.gov/content/assets/images/charts/Carbon/Carbon_2014_United-States.png',76,'couldn\'t fetch title',0.57472,0.56573,0.42528,'Of course, cars and trucks are \nnot\n the only contributors to greenhouse gas emissions. They’re not even the biggest one. Transportation accounts for \n34 percent of U.S. greenhouse gas emissions\n, according to data from the Energy Information Administration. Power plants account for 38 percent, with most of that coming from burning coal. All of this means that favoring coal could end up providing a way to challenge Trump’s executive order in court, which environmental groups are \nalready doing\n. It is, after all, pretty easy to show that coal-fired power plants are as big a contributor to the country’s overall greenhouse gas emissions budget as gasoline-powered cars are. If the government is required to regulate one, you could easily argue that it ought to be required to regulate the other.'),(461,'https://fivethirtyeight.com/features/the-future-of-obamacare-is-in-trumps-hands/',76,'The Future Of Obamacare Is In Trump’s Hands | FiveThirtyEight',0.69924,0.89136,0.30076,'After declaring last week that \nhealth care reform was all but dead\n, a handful of Republicans have begun hinting that there might be some life in it yet. “We’re approaching the Easter season,” Oregon Rep. \nGreg Walden told Bloomberg\n. “Some things rise from the dead.” Meanwhile, Health and Human Services Secretary Tom Price testified this week that, repeal or no repeal, he plans to \ndo his part to unravel Obamacare\n, though he has sent some mixed signals on that front: Insurers want tighter restrictions on when people can enroll, which HHS \nis in the process of granting\n. But the department has said little about how it will handle \na Republican-led lawsuit\n that, if successful, could leave insurers running for the exits.'),(462,'https://www.bloomberg.com/politics/articles/2017-03-29/house-gop-said-to-weigh-another-try-on-obamacare-vote-next-week',76,'House GOP Weighing Another Try on Obamacare Vote Next Week - Bloomberg',0.69924,0.89136,0.30076,'After declaring last week that \nhealth care reform was all but dead\n, a handful of Republicans have begun hinting that there might be some life in it yet. “We’re approaching the Easter season,” Oregon Rep. \nGreg Walden told Bloomberg\n. “Some things rise from the dead.” Meanwhile, Health and Human Services Secretary Tom Price testified this week that, repeal or no repeal, he plans to \ndo his part to unravel Obamacare\n, though he has sent some mixed signals on that front: Insurers want tighter restrictions on when people can enroll, which HHS \nis in the process of granting\n. But the department has said little about how it will handle \na Republican-led lawsuit\n that, if successful, could leave insurers running for the exits.'),(463,'https://www.washingtonpost.com/politics/trump-administration-still-plans-to-undo-parts-of-the-aca-tom-price-testifies/2017/03/29/236f633a-14a5-11e7-9e4f-09aa75d3ec57_story.html?utm_term=.5f78dfd4e32d',76,' Trump administration still plans to undo parts of the ACA, Tom Price testifies - The Washington Post',0.69924,0.89136,0.30076,'After declaring last week that \nhealth care reform was all but dead\n, a handful of Republicans have begun hinting that there might be some life in it yet. “We’re approaching the Easter season,” Oregon Rep. \nGreg Walden told Bloomberg\n. “Some things rise from the dead.” Meanwhile, Health and Human Services Secretary Tom Price testified this week that, repeal or no repeal, he plans to \ndo his part to unravel Obamacare\n, though he has sent some mixed signals on that front: Insurers want tighter restrictions on when people can enroll, which HHS \nis in the process of granting\n. But the department has said little about how it will handle \na Republican-led lawsuit\n that, if successful, could leave insurers running for the exits.'),(464,'https://morningconsult.com/2017/02/15/trump-administration-proposes-rule-stabilize-obamacare-markets/',76,'403 Forbidden',0.69924,0.89136,0.30076,'After declaring last week that \nhealth care reform was all but dead\n, a handful of Republicans have begun hinting that there might be some life in it yet. “We’re approaching the Easter season,” Oregon Rep. \nGreg Walden told Bloomberg\n. “Some things rise from the dead.” Meanwhile, Health and Human Services Secretary Tom Price testified this week that, repeal or no repeal, he plans to \ndo his part to unravel Obamacare\n, though he has sent some mixed signals on that front: Insurers want tighter restrictions on when people can enroll, which HHS \nis in the process of granting\n. But the department has said little about how it will handle \na Republican-led lawsuit\n that, if successful, could leave insurers running for the exits.'),(465,'https://www.healthcare.gov/glossary/essential-health-benefits/',76,'Essential Health Benefits - HealthCare.gov Glossary | HealthCare.gov',0.67539,0.44855,0.32461,'All this uncertainty is bad for the insurance markets established by the Affordable Care Act because in health insurance, uncertainty means price increases. Setting insurance premiums is an educated guessing game that involves divining who will enroll in coverage, how sick those people will be, what kind of health care they will need, and what the government will regulate. On that last matter, the ACA upended the market, demanding not only that insurers \ncover more services than they had previously\n but also that they provide coverage to just about \nanyone who wanted to buy it\n.'),(466,'https://www.hhs.gov/healthcare/about-the-aca/pre-existing-conditions/index.html',76,'Pre-Existing Conditions | HHS.gov',0.67539,0.44855,0.32461,'All this uncertainty is bad for the insurance markets established by the Affordable Care Act because in health insurance, uncertainty means price increases. Setting insurance premiums is an educated guessing game that involves divining who will enroll in coverage, how sick those people will be, what kind of health care they will need, and what the government will regulate. On that last matter, the ACA upended the market, demanding not only that insurers \ncover more services than they had previously\n but also that they provide coverage to just about \nanyone who wanted to buy it\n.'),(467,'https://www.nytimes.com/2016/10/25/us/some-health-plan-costs-to-increase-by-an-average-of-25-percent-us-says.html',76,'Some Health Plan Costs to Increase by an Average of 25 Percent, U.S. Says - The New York Times',0.52217,0.83780,0.47783,'That made deciding how much to charge enrollees a bit of a crapshoot when the Affordable Care Act first passed. Insurers’ \npredictions of who would enroll\n and \nhow much they would cost\n turned out to be overly optimistic during the first three years of the marketplace, leading to \na large jump in premium prices\n in 2017 (when in doubt, charge more). Today, insurers know a lot more about what to expect from enrollees and a lot less about what to expect from the federal government that regulates their industry. But as far as insurers are concerned, uncertainty is uncertainty.'),(468,'https://www.washingtonpost.com/news/wonk/wp/2017/03/24/treasury-secretary-says-tax-reform-will-be-easier-lift-for-congress-than-health-care/?utm_term=.891db73e30df',76,' Treasury secretary says a tax overhaul will be easier lift for Congress than health care - The Washington Post',0.80476,0.48540,0.19524,'When Treasury Secretary Steve Mnuchin \nrecently suggested\n that reforming the tax code will be “a lot simpler” than fixing health care, the tax policy world let out a collective guffaw. After all, there’s a reason it has been \nmore than three decades\n since the last major overhaul of the U.S. tax code, despite near-universal agreement that the existing system is broken. The problem is that every deduction, credit and loophole has a built-in constituency that will fight any attempt at repeal; \nlarger changes\n of the kind Republicans \nsay they want\n will encounter even more entrenched opposition.'),(469,'https://www.bloomberg.com/view/articles/2017-02-21/it-s-been-31-years-since-the-last-tax-overhaul-here-s-why',76,'It\'s Been 31 Years Since the Last Tax Overhaul. Here\'s Why. - Bloomberg View',0.80476,0.48540,0.19524,'When Treasury Secretary Steve Mnuchin \nrecently suggested\n that reforming the tax code will be “a lot simpler” than fixing health care, the tax policy world let out a collective guffaw. After all, there’s a reason it has been \nmore than three decades\n since the last major overhaul of the U.S. tax code, despite near-universal agreement that the existing system is broken. The problem is that every deduction, credit and loophole has a built-in constituency that will fight any attempt at repeal; \nlarger changes\n of the kind Republicans \nsay they want\n will encounter even more entrenched opposition.'),(470,'https://fivethirtyeight.com/features/the-gop-health-plan-would-drop-coverage-to-pre-obamacare-levels-the-cbo-says/',76,'The GOP Health Plan Would Drop Coverage To Pre-Obamacare Levels, The CBO Says | FiveThirtyEight',0.62840,0.22677,0.37160,'Moreover, the failure of the American Health Care Act may have made the already difficult job of tax reform even harder. The bill would have eliminated various taxes imposed by the Affordable Care Act, resulting in nearly $1 trillion in lost revenue over 10 years, \naccording to the Congressional Budget Office\n. But the bill would have reduced spending by even more, resulting in a net reduction in the overall budget deficit. That’s key, because for both political and procedural reasons, it’s much easier for Republicans to pass a bill if it doesn’t add to the deficit.'),(499,'http://kff.org/global-health-policy/fact-sheet/mexico-city-policy-explainer/',79,'The Mexico City Policy: An Explainer | The Henry J. Kaiser Family Foundation',0.19949,0.67511,0.80051,'Notice the common thread there: “revoke.” In exercising his presidential power, Trump also revealed its weakness: Anything Trump does today can be undone (or perhaps redone) by his successor. Just look at the so-called \nMexico City policy\n, which bars U.S. funding for international groups that provide abortions; for more than 30 years, it has been revoked (by Democrats) and re-imposed (by Republicans) every time the White House has switched parties.'),(500,'http://thehill.com/policy/transportation/326046-report-trump-wants-to-move-tax-reform-infrastructure-together',79,'Report: Trump wants to move tax reform, infrastructure together | TheHill',0.69342,0.87168,0.30658,'Trump could still match those achievements. He has indicated that he plans to move on to tax reform next, possibly while \nsimultaneously pursuing\n a big infrastructure bill, and there is even talk of reviving the health care bill (more on that in a bit). But time isn’t on his side: As Julia Azari \nwrote for FiveThirtyEight\n earlier this year, enacting major policies gets harder after a president’s first 100 days in office. This much is clear: If Trump wants to ensure that his policies outlive his presidency, he will need legislation, not just executive orders, to do it.'),(501,'http://www.vox.com/energy-and-environment/2017/3/27/14922516/trump-executive-order-climate',79,'couldn\'t fetch title',0.40822,0.78861,0.59178,'To back up: The centerpiece of Trump’s order is an effort to revoke a \nmuch-litigated series of Obama\n-administration rules known collectively as the Clean Power Plan. That plan, which would have sharply restricted emissions from power plants, was a response to a 2007 Supreme Court ruling that found that \ngreenhouse gases count as a potential air pollutant\n under the Clean Air Act. The ruling paved the way for the Environmental Protection Agency to declare in 2009 that greenhouse gases are a legitimate threat to human health. This “endangerment finding” means the EPA not only has the right to regulate greenhouse gases — \nit’s actually required to\n.'),(502,'http://www.nytimes.com/2012/06/27/science/earth/epa-emissions-rules-backed-by-court.html',79,'E.P.A. Emissions Rules Backed by Court - The New York Times',0.40822,0.78861,0.59178,'To back up: The centerpiece of Trump’s order is an effort to revoke a \nmuch-litigated series of Obama\n-administration rules known collectively as the Clean Power Plan. That plan, which would have sharply restricted emissions from power plants, was a response to a 2007 Supreme Court ruling that found that \ngreenhouse gases count as a potential air pollutant\n under the Clean Air Act. The ruling paved the way for the Environmental Protection Agency to declare in 2009 that greenhouse gases are a legitimate threat to human health. This “endangerment finding” means the EPA not only has the right to regulate greenhouse gases — \nit’s actually required to\n.'),(503,'http://time.com/4717770/trump-climate-coal-lawsuit-order/',79,'Trump Climate Order: Environmental Groups File Lawsuit | Time.com',0.57472,0.56573,0.42528,'Of course, cars and trucks are \nnot\n the only contributors to greenhouse gas emissions. They’re not even the biggest one. Transportation accounts for \n34 percent of U.S. greenhouse gas emissions\n, according to data from the Energy Information Administration. Power plants account for 38 percent, with most of that coming from burning coal. All of this means that favoring coal could end up providing a way to challenge Trump’s executive order in court, which environmental groups are \nalready doing\n. It is, after all, pretty easy to show that coal-fired power plants are as big a contributor to the country’s overall greenhouse gas emissions budget as gasoline-powered cars are. If the government is required to regulate one, you could easily argue that it ought to be required to regulate the other.'),(504,'http://www.vox.com/the-big-idea/2017/3/29/15107836/lawsuit-aha-payments-reimbursement-unconstitutional',79,'couldn\'t fetch title',0.69924,0.89136,0.30076,'After declaring last week that \nhealth care reform was all but dead\n, a handful of Republicans have begun hinting that there might be some life in it yet. “We’re approaching the Easter season,” Oregon Rep. \nGreg Walden told Bloomberg\n. “Some things rise from the dead.” Meanwhile, Health and Human Services Secretary Tom Price testified this week that, repeal or no repeal, he plans to \ndo his part to unravel Obamacare\n, though he has sent some mixed signals on that front: Insurers want tighter restrictions on when people can enroll, which HHS \nis in the process of granting\n. But the department has said little about how it will handle \na Republican-led lawsuit\n that, if successful, could leave insurers running for the exits.'),(505,'http://kff.org/health-reform/issue-brief/assessing-aca-marketplace-enrollment/',79,'Assessing ACA Marketplace Enrollment | The Henry J. Kaiser Family Foundation',0.52217,0.83780,0.47783,'That made deciding how much to charge enrollees a bit of a crapshoot when the Affordable Care Act first passed. Insurers’ \npredictions of who would enroll\n and \nhow much they would cost\n turned out to be overly optimistic during the first three years of the marketplace, leading to \na large jump in premium prices\n in 2017 (when in doubt, charge more). Today, insurers know a lot more about what to expect from enrollees and a lot less about what to expect from the federal government that regulates their industry. But as far as insurers are concerned, uncertainty is uncertainty.'),(506,'http://healthcare.mckinsey.com/2014-individual-market-post-3r-financial-performance',79,'2014 individual market post-3R financial performance | McKinsey on Healthcare',0.52217,0.83780,0.47783,'That made deciding how much to charge enrollees a bit of a crapshoot when the Affordable Care Act first passed. Insurers’ \npredictions of who would enroll\n and \nhow much they would cost\n turned out to be overly optimistic during the first three years of the marketplace, leading to \na large jump in premium prices\n in 2017 (when in doubt, charge more). Today, insurers know a lot more about what to expect from enrollees and a lot less about what to expect from the federal government that regulates their industry. But as far as insurers are concerned, uncertainty is uncertainty.'),(507,'http://www.npr.org/2017/02/28/517523714/what-we-know-about-the-trump-house-gop-tax-plans-so-far',79,'Income Tax Cuts, Border Adjustment Tax: What We Know About Trump, House GOP Tax Plans So Far : NPR',0.80476,0.48540,0.19524,'When Treasury Secretary Steve Mnuchin \nrecently suggested\n that reforming the tax code will be “a lot simpler” than fixing health care, the tax policy world let out a collective guffaw. After all, there’s a reason it has been \nmore than three decades\n since the last major overhaul of the U.S. tax code, despite near-universal agreement that the existing system is broken. The problem is that every deduction, credit and loophole has a built-in constituency that will fight any attempt at repeal; \nlarger changes\n of the kind Republicans \nsay they want\n will encounter even more entrenched opposition.'),(508,'http://www.usatoday.com/story/money/2016/11/30/mnuchin-outlines-largest-tax-change-since-reagan/94667050/',79,'Mnuchin outlines \'largest tax change since Reagan\'',0.80476,0.48540,0.19524,'When Treasury Secretary Steve Mnuchin \nrecently suggested\n that reforming the tax code will be “a lot simpler” than fixing health care, the tax policy world let out a collective guffaw. After all, there’s a reason it has been \nmore than three decades\n since the last major overhaul of the U.S. tax code, despite near-universal agreement that the existing system is broken. The problem is that every deduction, credit and loophole has a built-in constituency that will fight any attempt at repeal; \nlarger changes\n of the kind Republicans \nsay they want\n will encounter even more entrenched opposition.'),(509,'http://www.politico.com/story/2017/03/obamacare-tax-cut-repeal-235752',79,'Republicans\' Obamacare repeal plan would cut taxes on the wealthy - POLITICO',0.62437,0.84964,0.37563,'Now, with the health care bill (probably) dead, Republicans will have to find another way to cover the cost of repealing the ACA taxes, either by cutting spending (hard) or raising taxes on someone else (possibly even harder, especially because the Obamacare taxes fell \nmostly on the rich\n). Of course, there is also another option: \nnot repealing the Obamacare taxes\n. It’s unclear how open Republican leaders are to that option, however. Rep. Kevin Brady, chairman of the House’s tax-writing Ways and Means Committee, recently \ntold reporters\n that the health care taxes would stay in place until the ACA is repealed. House Speaker Paul Ryan \nsuggested the same thing\n last week. But Senate Finance Committee Chairman Orrin Hatch this week \nsaid\n he still hopes to repeal the taxes as part of the larger tax overhaul. So much for simple, Secretary Mnuchin.'),(510,'http://www.crfb.org/blogs/crfb-explainer-tax-reform-harder-now',79,'CRFB Explainer: Is Tax Reform Harder Now? | Committee for a Responsible Federal Budget',0.62437,0.84964,0.37563,'Now, with the health care bill (probably) dead, Republicans will have to find another way to cover the cost of repealing the ACA taxes, either by cutting spending (hard) or raising taxes on someone else (possibly even harder, especially because the Obamacare taxes fell \nmostly on the rich\n). Of course, there is also another option: \nnot repealing the Obamacare taxes\n. It’s unclear how open Republican leaders are to that option, however. Rep. Kevin Brady, chairman of the House’s tax-writing Ways and Means Committee, recently \ntold reporters\n that the health care taxes would stay in place until the ACA is repealed. House Speaker Paul Ryan \nsuggested the same thing\n last week. But Senate Finance Committee Chairman Orrin Hatch this week \nsaid\n he still hopes to repeal the taxes as part of the larger tax overhaul. So much for simple, Secretary Mnuchin.'),(511,'http://www.rawstory.com/2017/03/house-tax-chief-says-obamacare-taxes-not-part-of-tax-reform/',79,'403 Forbidden',0.62437,0.84964,0.37563,'Now, with the health care bill (probably) dead, Republicans will have to find another way to cover the cost of repealing the ACA taxes, either by cutting spending (hard) or raising taxes on someone else (possibly even harder, especially because the Obamacare taxes fell \nmostly on the rich\n). Of course, there is also another option: \nnot repealing the Obamacare taxes\n. It’s unclear how open Republican leaders are to that option, however. Rep. Kevin Brady, chairman of the House’s tax-writing Ways and Means Committee, recently \ntold reporters\n that the health care taxes would stay in place until the ACA is repealed. House Speaker Paul Ryan \nsuggested the same thing\n last week. But Senate Finance Committee Chairman Orrin Hatch this week \nsaid\n he still hopes to repeal the taxes as part of the larger tax overhaul. So much for simple, Secretary Mnuchin.'),(512,'http://www.cnbc.com/2017/03/24/paul-ryan-after-gop-yanks-obamacare-bill-this-is-a-disappointing-day.html',79,'Paul Ryan says House will \'proceed\' with tax reform despite health-care \'setback\'',0.62437,0.84964,0.37563,'Now, with the health care bill (probably) dead, Republicans will have to find another way to cover the cost of repealing the ACA taxes, either by cutting spending (hard) or raising taxes on someone else (possibly even harder, especially because the Obamacare taxes fell \nmostly on the rich\n). Of course, there is also another option: \nnot repealing the Obamacare taxes\n. It’s unclear how open Republican leaders are to that option, however. Rep. Kevin Brady, chairman of the House’s tax-writing Ways and Means Committee, recently \ntold reporters\n that the health care taxes would stay in place until the ACA is repealed. House Speaker Paul Ryan \nsuggested the same thing\n last week. But Senate Finance Committee Chairman Orrin Hatch this week \nsaid\n he still hopes to repeal the taxes as part of the larger tax overhaul. So much for simple, Secretary Mnuchin.'),(513,'http://www.reuters.com/article/us-usa-tax-obamacare-idUSKBN170353',79,'\n            Senate tax chief sees room for repealing Obamacare levies in tax reform drive\n| Reuters',0.62437,0.84964,0.37563,'Now, with the health care bill (probably) dead, Republicans will have to find another way to cover the cost of repealing the ACA taxes, either by cutting spending (hard) or raising taxes on someone else (possibly even harder, especially because the Obamacare taxes fell \nmostly on the rich\n). Of course, there is also another option: \nnot repealing the Obamacare taxes\n. It’s unclear how open Republican leaders are to that option, however. Rep. Kevin Brady, chairman of the House’s tax-writing Ways and Means Committee, recently \ntold reporters\n that the health care taxes would stay in place until the ACA is repealed. House Speaker Paul Ryan \nsuggested the same thing\n last week. But Senate Finance Committee Chairman Orrin Hatch this week \nsaid\n he still hopes to repeal the taxes as part of the larger tax overhaul. So much for simple, Secretary Mnuchin.'),(514,'https://fivethirtyeight.com/tag/trumpbeat/',79,'TrumpBeat – FiveThirtyEight',0.36727,0.10187,0.63273,'Welcome to \nTrumpBeat\n, FiveThirtyEight’s weekly feature on the latest policy developments in Washington and beyond. '),(515,'https://fivethirtyeight.com/newsletter/',79,'Newsletter | FiveThirtyEight',0.42073,0.64626,0.57927,'Want to get TrumpBeat in your inbox each week? Sign up for our \nnewsletter\n. Comments, criticism or suggestions for future columns? '),(516,'https://fivethirtyeight.com/features/how-trump-lost-on-health-care/',79,'How Trump Lost On Health Care | FiveThirtyEight',0.42583,0.92758,0.57417,'President Trump’s first foray into legislating \ndid not go well\n. So following the failure of the American Health Care Act, Trump this week returned to the approach that dominated his first six weeks in office: policymaking through executive action. On Monday, Trump signed an \nexecutive order\n revoking rules for federal contractors that had been imposed under his predecessor, Barack Obama. On Tuesday, he signed \nanother order\n rolling back many of Obama’s efforts to combat climate change.'),(517,'https://www.whitehouse.gov/the-press-office/2017/03/27/presidential-executive-order-revocation-federal-contracting-executive',79,'Presidential Executive Order on the Revocation of Federal Contracting Executive Orders | whitehouse.gov',0.42583,0.92758,0.57417,'President Trump’s first foray into legislating \ndid not go well\n. So following the failure of the American Health Care Act, Trump this week returned to the approach that dominated his first six weeks in office: policymaking through executive action. On Monday, Trump signed an \nexecutive order\n revoking rules for federal contractors that had been imposed under his predecessor, Barack Obama. On Tuesday, he signed \nanother order\n rolling back many of Obama’s efforts to combat climate change.'),(518,'https://www.whitehouse.gov/the-press-office/2017/03/28/presidential-executive-order-promoting-energy-independence-and-economi-1',79,'Presidential Executive Order on Promoting Energy Independence and Economic Growth | whitehouse.gov',0.42583,0.92758,0.57417,'President Trump’s first foray into legislating \ndid not go well\n. So following the failure of the American Health Care Act, Trump this week returned to the approach that dominated his first six weeks in office: policymaking through executive action. On Monday, Trump signed an \nexecutive order\n revoking rules for federal contractors that had been imposed under his predecessor, Barack Obama. On Tuesday, he signed \nanother order\n rolling back many of Obama’s efforts to combat climate change.'),(519,'https://fivethirtyeight.com/features/trump-hasnt-rolled-back-obamas-executive-orders-so-far/',79,'Trump Hasn’t Rolled Back Obama’s Executive Orders (So Far) | FiveThirtyEight',0.68474,0.61574,0.31526,'This is not to say executive actions don’t matter. Trump’s orders on immigration, climate change, health care and other issues will have real consequences — good or bad — for millions of Americans. In the case of climate change, in particular, those consequences could long outlast his presidency. But by relying on executive actions to enact key parts of his agenda — including signature issues such as his border wall and travel ban — Trump is leaving his policies \nvulnerable to quick reversal\n by future presidents.'),(520,'https://fivethirtyeight.com/features/a-presidents-first-100-days-really-do-matter/',79,'A President’s First 100 Days Really Do Matter | FiveThirtyEight',0.69342,0.87168,0.30658,'Trump could still match those achievements. He has indicated that he plans to move on to tax reform next, possibly while \nsimultaneously pursuing\n a big infrastructure bill, and there is even talk of reviving the health care bill (more on that in a bit). But time isn’t on his side: As Julia Azari \nwrote for FiveThirtyEight\n earlier this year, enacting major policies gets harder after a president’s first 100 days in office. This much is clear: If Trump wants to ensure that his policies outlive his presidency, he will need legislation, not just executive orders, to do it.'),(521,'https://fivethirtyeight.com/features/trumps-plan-wont-reverse-coals-decline/',79,'Trump’s Plan Won’t Reverse Coal’s Decline | FiveThirtyEight',0.42136,0.83632,0.57864,'Trump’s executive order rolling back Obama’s climate-change policies has gotten lots of attention for seeking to help the struggling coal industry. (Don’t bet on a revival — environmental regulations have hurt the coal industry, but real enemy is \ncheap natural gas\n.) Less noticed, but perhaps just as significant, is how the order favors power plants over the other big source of U.S. carbon emissions: cars and trucks.'),(522,'https://www.c2es.org/federal/executive/epa/epa-endangerment-finding',79,'EPA\'s Endangerment Finding | Center for Climate and Energy Solutions',0.40822,0.78861,0.59178,'To back up: The centerpiece of Trump’s order is an effort to revoke a \nmuch-litigated series of Obama\n-administration rules known collectively as the Clean Power Plan. That plan, which would have sharply restricted emissions from power plants, was a response to a 2007 Supreme Court ruling that found that \ngreenhouse gases count as a potential air pollutant\n under the Clean Air Act. The ruling paved the way for the Environmental Protection Agency to declare in 2009 that greenhouse gases are a legitimate threat to human health. This “endangerment finding” means the EPA not only has the right to regulate greenhouse gases — \nit’s actually required to\n.'),(523,'https://fivethirtyeight.com/features/trumpbeat-return-of-the-facts/',79,'TrumpBeat: Return Of The Facts | FiveThirtyEight',0.66497,0.83979,0.33503,'The Clean Power Plan wasn’t the previous administration’s only response to the finding, however. Obama’s EPA also put in place strict new \nfuel-economy standards\n for cars and trucks. The Trump administration is taking steps to ease those standards, but at the same time it’s using them to its advantage: In a press briefing Monday, a senior White House official told reporters that the Trump administration is choosing to interpret the EPA’s endangerment finding very, very narrowly — \nas though \nonly\n cars and trucks\n contribute to greenhouse gas emissions. Therefore, at least according to the administration, it is under no obligation to restrict emissions from power plants.'),(524,'https://www.whitehouse.gov/the-press-office/2017/03/27/background-briefing-presidents-energy-independence-executive-order',79,'Background Briefing on the President\'s Energy Independence Executive Order | whitehouse.gov',0.66497,0.83979,0.33503,'The Clean Power Plan wasn’t the previous administration’s only response to the finding, however. Obama’s EPA also put in place strict new \nfuel-economy standards\n for cars and trucks. The Trump administration is taking steps to ease those standards, but at the same time it’s using them to its advantage: In a press briefing Monday, a senior White House official told reporters that the Trump administration is choosing to interpret the EPA’s endangerment finding very, very narrowly — \nas though \nonly\n cars and trucks\n contribute to greenhouse gas emissions. Therefore, at least according to the administration, it is under no obligation to restrict emissions from power plants.'),(525,'https://flowcharts.llnl.gov/content/assets/images/charts/Carbon/Carbon_2014_United-States.png',79,'couldn\'t fetch title',0.57472,0.56573,0.42528,'Of course, cars and trucks are \nnot\n the only contributors to greenhouse gas emissions. They’re not even the biggest one. Transportation accounts for \n34 percent of U.S. greenhouse gas emissions\n, according to data from the Energy Information Administration. Power plants account for 38 percent, with most of that coming from burning coal. All of this means that favoring coal could end up providing a way to challenge Trump’s executive order in court, which environmental groups are \nalready doing\n. It is, after all, pretty easy to show that coal-fired power plants are as big a contributor to the country’s overall greenhouse gas emissions budget as gasoline-powered cars are. If the government is required to regulate one, you could easily argue that it ought to be required to regulate the other.'),(526,'https://fivethirtyeight.com/features/the-future-of-obamacare-is-in-trumps-hands/',79,'The Future Of Obamacare Is In Trump’s Hands | FiveThirtyEight',0.69924,0.89136,0.30076,'After declaring last week that \nhealth care reform was all but dead\n, a handful of Republicans have begun hinting that there might be some life in it yet. “We’re approaching the Easter season,” Oregon Rep. \nGreg Walden told Bloomberg\n. “Some things rise from the dead.” Meanwhile, Health and Human Services Secretary Tom Price testified this week that, repeal or no repeal, he plans to \ndo his part to unravel Obamacare\n, though he has sent some mixed signals on that front: Insurers want tighter restrictions on when people can enroll, which HHS \nis in the process of granting\n. But the department has said little about how it will handle \na Republican-led lawsuit\n that, if successful, could leave insurers running for the exits.'),(527,'https://www.bloomberg.com/politics/articles/2017-03-29/house-gop-said-to-weigh-another-try-on-obamacare-vote-next-week',79,'House GOP Weighing Another Try on Obamacare Vote Next Week - Bloomberg',0.69924,0.89136,0.30076,'After declaring last week that \nhealth care reform was all but dead\n, a handful of Republicans have begun hinting that there might be some life in it yet. “We’re approaching the Easter season,” Oregon Rep. \nGreg Walden told Bloomberg\n. “Some things rise from the dead.” Meanwhile, Health and Human Services Secretary Tom Price testified this week that, repeal or no repeal, he plans to \ndo his part to unravel Obamacare\n, though he has sent some mixed signals on that front: Insurers want tighter restrictions on when people can enroll, which HHS \nis in the process of granting\n. But the department has said little about how it will handle \na Republican-led lawsuit\n that, if successful, could leave insurers running for the exits.'),(528,'https://www.washingtonpost.com/politics/trump-administration-still-plans-to-undo-parts-of-the-aca-tom-price-testifies/2017/03/29/236f633a-14a5-11e7-9e4f-09aa75d3ec57_story.html?utm_term=.5f78dfd4e32d',79,' Trump administration still plans to undo parts of the ACA, Tom Price testifies - The Washington Post',0.69924,0.89136,0.30076,'After declaring last week that \nhealth care reform was all but dead\n, a handful of Republicans have begun hinting that there might be some life in it yet. “We’re approaching the Easter season,” Oregon Rep. \nGreg Walden told Bloomberg\n. “Some things rise from the dead.” Meanwhile, Health and Human Services Secretary Tom Price testified this week that, repeal or no repeal, he plans to \ndo his part to unravel Obamacare\n, though he has sent some mixed signals on that front: Insurers want tighter restrictions on when people can enroll, which HHS \nis in the process of granting\n. But the department has said little about how it will handle \na Republican-led lawsuit\n that, if successful, could leave insurers running for the exits.'),(529,'https://morningconsult.com/2017/02/15/trump-administration-proposes-rule-stabilize-obamacare-markets/',79,'403 Forbidden',0.69924,0.89136,0.30076,'After declaring last week that \nhealth care reform was all but dead\n, a handful of Republicans have begun hinting that there might be some life in it yet. “We’re approaching the Easter season,” Oregon Rep. \nGreg Walden told Bloomberg\n. “Some things rise from the dead.” Meanwhile, Health and Human Services Secretary Tom Price testified this week that, repeal or no repeal, he plans to \ndo his part to unravel Obamacare\n, though he has sent some mixed signals on that front: Insurers want tighter restrictions on when people can enroll, which HHS \nis in the process of granting\n. But the department has said little about how it will handle \na Republican-led lawsuit\n that, if successful, could leave insurers running for the exits.'),(530,'https://www.healthcare.gov/glossary/essential-health-benefits/',79,'Essential Health Benefits - HealthCare.gov Glossary | HealthCare.gov',0.67539,0.44855,0.32461,'All this uncertainty is bad for the insurance markets established by the Affordable Care Act because in health insurance, uncertainty means price increases. Setting insurance premiums is an educated guessing game that involves divining who will enroll in coverage, how sick those people will be, what kind of health care they will need, and what the government will regulate. On that last matter, the ACA upended the market, demanding not only that insurers \ncover more services than they had previously\n but also that they provide coverage to just about \nanyone who wanted to buy it\n.'),(531,'https://www.hhs.gov/healthcare/about-the-aca/pre-existing-conditions/index.html',79,'Pre-Existing Conditions | HHS.gov',0.67539,0.44855,0.32461,'All this uncertainty is bad for the insurance markets established by the Affordable Care Act because in health insurance, uncertainty means price increases. Setting insurance premiums is an educated guessing game that involves divining who will enroll in coverage, how sick those people will be, what kind of health care they will need, and what the government will regulate. On that last matter, the ACA upended the market, demanding not only that insurers \ncover more services than they had previously\n but also that they provide coverage to just about \nanyone who wanted to buy it\n.'),(532,'https://www.nytimes.com/2016/10/25/us/some-health-plan-costs-to-increase-by-an-average-of-25-percent-us-says.html',79,'Some Health Plan Costs to Increase by an Average of 25 Percent, U.S. Says - The New York Times',0.52217,0.83780,0.47783,'That made deciding how much to charge enrollees a bit of a crapshoot when the Affordable Care Act first passed. Insurers’ \npredictions of who would enroll\n and \nhow much they would cost\n turned out to be overly optimistic during the first three years of the marketplace, leading to \na large jump in premium prices\n in 2017 (when in doubt, charge more). Today, insurers know a lot more about what to expect from enrollees and a lot less about what to expect from the federal government that regulates their industry. But as far as insurers are concerned, uncertainty is uncertainty.'),(533,'https://www.washingtonpost.com/news/wonk/wp/2017/03/24/treasury-secretary-says-tax-reform-will-be-easier-lift-for-congress-than-health-care/?utm_term=.891db73e30df',79,' Treasury secretary says a tax overhaul will be easier lift for Congress than health care - The Washington Post',0.80476,0.48540,0.19524,'When Treasury Secretary Steve Mnuchin \nrecently suggested\n that reforming the tax code will be “a lot simpler” than fixing health care, the tax policy world let out a collective guffaw. After all, there’s a reason it has been \nmore than three decades\n since the last major overhaul of the U.S. tax code, despite near-universal agreement that the existing system is broken. The problem is that every deduction, credit and loophole has a built-in constituency that will fight any attempt at repeal; \nlarger changes\n of the kind Republicans \nsay they want\n will encounter even more entrenched opposition.'),(534,'https://www.bloomberg.com/view/articles/2017-02-21/it-s-been-31-years-since-the-last-tax-overhaul-here-s-why',79,'It\'s Been 31 Years Since the Last Tax Overhaul. Here\'s Why. - Bloomberg View',0.80476,0.48540,0.19524,'When Treasury Secretary Steve Mnuchin \nrecently suggested\n that reforming the tax code will be “a lot simpler” than fixing health care, the tax policy world let out a collective guffaw. After all, there’s a reason it has been \nmore than three decades\n since the last major overhaul of the U.S. tax code, despite near-universal agreement that the existing system is broken. The problem is that every deduction, credit and loophole has a built-in constituency that will fight any attempt at repeal; \nlarger changes\n of the kind Republicans \nsay they want\n will encounter even more entrenched opposition.'),(535,'https://fivethirtyeight.com/features/the-gop-health-plan-would-drop-coverage-to-pre-obamacare-levels-the-cbo-says/',79,'The GOP Health Plan Would Drop Coverage To Pre-Obamacare Levels, The CBO Says | FiveThirtyEight',0.62840,0.22677,0.37160,'Moreover, the failure of the American Health Care Act may have made the already difficult job of tax reform even harder. The bill would have eliminated various taxes imposed by the Affordable Care Act, resulting in nearly $1 trillion in lost revenue over 10 years, \naccording to the Congressional Budget Office\n. But the bill would have reduced spending by even more, resulting in a net reduction in the overall budget deficit. That’s key, because for both political and procedural reasons, it’s much easier for Republicans to pass a bill if it doesn’t add to the deficit.'),(615,'http://www.cnn.com/2017/03/28/politics/republicans-health-care/index.html',93,'Republicans move to Plan B after health care failure - CNNPolitics.com',0.65283,0.85587,0.34717,'Washington (CNN)\nPresident Donald Trump kicked off this week \nlooking to move past his health care debacle\n and on to the other items on his agenda. '),(616,'http://www.cnn.com/2017/03/31/politics/white-house-staffers-devin-nunes/index.html',93,'Two White House staffers assisted Nunes in gathering intelligence material last week - CNNPolitics.com',0.36305,0.92597,0.63695,'But early Monday, a new cloud of suspicion moved in over the \nWhite House over its role in helping House Intelligence Committee Chairman Devin Nunes\n access classified information that the President later claimed partially vindicated his accusation that his predecessor \"wiretapped\" him.'),(617,'http://www.cnn.com/2017/03/29/politics/kushner-meeting-russian-bank/index.html',93,'Source: Kushner meeting with Russian bank exec was effort to \"engage with\" Russia - CNNPolitics.com',0.16767,0.92266,0.83233,'That cloud of suspicion grew darker with the disclosure of previously undisclosed meetings between the President\'s son-in-law and top adviser, \nJared Kushner, and a Russian banker with ties to Russian President Vladimir Putin\n. '),(618,'http://www.cnn.com/2017/03/31/politics/mike-flynn-investigation-russia-immunity/index.html',93,'Flynn immunity offer hangs over Russia investigators - CNNPolitics.com',0.32690,0.93184,0.67310,'More ominous still, former national security adviser \nMichael Flynn offered to testify before congressional panels\n to discuss the Russian suspicions in exchange for immunity from prosecution.'),(619,'http://www.cnn.com/2017/03/27/politics/trump-climate-change-executive-order/',93,'Trump dramatically changes US approach to climate change - CNNPolitics.com',0.28492,0.70957,0.71508,'Trump on \nTuesday signed an executive order that will unwind a chunk of President Barack Obama\'s actions\n aimed at combating climate change. Trump argued the executive orders would help free up the coal industry from government regulations to help put miners \"back to work.\"'),(620,'http://www.cnn.com/2017/03/28/world/trump-climate-order-world-impact/',93,'What Trump\'s executive order on climate means for the world - CNN.com',0.26639,0.88847,0.73361,'What Trump\'s executive order on climate change means for the world'),(621,'http://edition.cnn.com/interactive/2017/politics/tracking-trumps-promises/',93,'Tracking Trump\'s promises',0.00000,0.00000,0.00000,'\n\n\n\n\n\n\n'),(622,'http://www.cnn.com/2017/03/27/politics/donald-trump-sign-regulation-obama-roll-backs/',93,'Trump tries to make good on promises to roll back Obama-era regulations - CNNPolitics.com',0.52209,0.65255,0.47791,'Trump tries to make good on promises to roll back Obama-era regulations'),(623,'http://www.cnn.com/2017/03/30/politics/trump-executive-orders-trade-china/',93,'Trump tackles trade abuses ahead of meeting with Chinese president - CNNPolitics.com',0.38427,0.39308,0.61573,'Trump made his latest move Friday in his effort to \nreshape US trade policies and address the US\' half-trillion-dollar trade deficit.'),(624,'http://i2.cdn.turner.com/cnn/2017/images/03/31/eo.doc.pdf',93,'couldn\'t fetch title',0.25280,0.64033,0.74720,'The second directive will order \nstricter and more effective enforcement of US anti-dumping laws\n to prevent foreign manufacturers from undercutting US companies by selling goods at an unfair price.'),(625,'http://www.cnn.com/2017/03/27/politics/ivanka-trump-jared-kushner-white-house-influence/index.html',93,'Ivanka Trump and Jared Kushner\'s ever-growing spheres of influence - CNNPolitics.com',0.22545,0.95146,0.77455,'Trump also launched a \nWhite House Office of American Innovation led by top aide and son-in-law, Kushner,\n aimed at reforming the federal government through private-sector solutions. The office adds to Kushner\'s already expansive purview as one of the highest-ranking West Wing officials over everything from foreign and domestic policy.'),(626,'http://www.cnn.com/2017/03/30/politics/freedom-caucus-trump-tweet/index.html',93,'Trump calls out Freedom Caucus members in tweetstorm - CNNPolitics.com',0.69069,0.83057,0.30931,'Trump,Vice President Mike Pence and his top officials began encouraging House Republicans to tackle health care reform once again after Trump failed to rally Republicans around the Obamacare replacement bill he supported. Those talks so far are sputtering and, growing frustrated, \nTrump has taken to calling out members\n of the hardline conservative House Freedom Caucus on Twitter.'),(627,'http://www.cnn.com/2017/03/30/politics/freedom-caucus-trump-tweet/index.html',93,'Trump calls out Freedom Caucus members in tweetstorm - CNNPolitics.com',0.43181,0.89833,0.56819,'Trump calls out House Freedom Caucus'),(628,'http://www.cnn.com/2017/03/30/politics/donald-trump-white-house-staff/index.html',93,'White House staff shake-up comes in wake of health care debacle - CNNPolitics.com',0.48825,0.88288,0.51175,'He shook up his West Wing staff. \nTop White House officials announced Friday that deputy chief of staff Katie Walsh\n will leave the administration and join America Policies First, a nonprofit group designed to support the President\'s agenda from the outside that so far has done next to nothing to do so. '),(629,'https://www.washingtonpost.com/news/education/wp/2017/03/27/trump-signs-bills-overturning-obama-era-education-regulations/',93,' Trump signs bills overturning Obama-era education regulations - The Washington Post',0.45696,0.94531,0.54304,'Trump also signed four bills into law that continued his \nadministration\'s efforts to chip away at federal regulations.'),(651,'https://twitter.com/realDonaldTrump',100,'Donald J. Trump (@realDonaldTrump) | Twitter',0.30850,0.91360,0.69150,'.\n@realDonaldTrump\n is bringing auto plants & jobs back to Michigan. \n@justinamash\n is a big liability.\n#TrumpTrain\n, defeat him in primary.'),(652,'https://twitter.com/justinamash',100,'Justin Amash (@justinamash) | Twitter',0.30850,0.91360,0.69150,'.\n@realDonaldTrump\n is bringing auto plants & jobs back to Michigan. \n@justinamash\n is a big liability.\n#TrumpTrain\n, defeat him in primary.'),(653,'https://twitter.com/hashtag/TrumpTrain?src=hash',100,'News about #TrumpTrain on Twitter',0.30850,0.91360,0.69150,'.\n@realDonaldTrump\n is bringing auto plants & jobs back to Michigan. \n@justinamash\n is a big liability.\n#TrumpTrain\n, defeat him in primary.'),(654,'https://twitter.com/DanScavino/status/848211792916557824',100,'Dan Scavino Jr. on Twitter: \".@realDonaldTrump is bringing auto plants & jobs back to Michigan. @justinamash is a big liability.\n#TrumpTrain, defeat him in primary.\"',0.40552,0.92914,0.59448,'.\n@realDonaldTrump\n is bringing auto plants & jobs back to Michigan. \n@justinamash\n is a big liability.\n#TrumpTrain\n, defeat him in primary.\n— Dan Scavino Jr. (@DanScavino) \nApril 1, 2017'),(655,'https://twitter.com/realDonaldTrump',100,'Donald J. Trump (@realDonaldTrump) | Twitter',0.62508,0.21073,0.37492,'It didn\'t take long for the swamp to drain \n@realDonaldTrump\n. No shame, Mr. President. Almost everyone succumbs to the D.C. Establishment. \nhttps://t.co/9bDo8yzH7I'),(656,'https://t.co/9bDo8yzH7I',100,'Donald J. Trump on Twitter: \"The Freedom Caucus will hurt the entire Republican agenda if they don\'t get on the team, & fast. We must fight them, & Dems, in 2018!\"',0.62508,0.21073,0.37492,'It didn\'t take long for the swamp to drain \n@realDonaldTrump\n. No shame, Mr. President. Almost everyone succumbs to the D.C. Establishment. \nhttps://t.co/9bDo8yzH7I'),(657,'https://twitter.com/justinamash/status/847448570081005568',100,'Justin Amash on Twitter: \"It didn\'t take long for the swamp to drain @realDonaldTrump. No shame, Mr. President. Almost everyone succumbs to the D.C. Establishment. https://t.co/9bDo8yzH7I\"',0.65695,0.21005,0.34305,'It didn\'t take long for the swamp to drain \n@realDonaldTrump\n. No shame, Mr. President. Almost everyone succumbs to the D.C. Establishment. \nhttps://t.co/9bDo8yzH7I\n— Justin Amash (@justinamash) \nMarch 30, 2017'),(663,'https://www.washingtonpost.com/powerpost/hill-republicans-trying-to-avert-a-shutdown-need-democrats--and-trump/2017/03/29/411dd038-14b4-11e7-ada0-1489b735b3a3_story.html?utm_term=.3c1183fc2f63',102,' Hill Republicans trying to avert a shutdown need Democrats — and Trump - The Washington Post',0.47634,0.73925,0.52366,'[\nHill Republicans trying to avert a shutdown need Democrats — and Trump\n]'),(664,'https://www.washingtonpost.com/powerpost/trump-we-must-fight-hard-line-conservative-freedom-caucus-in-2018-midterm-elections/2017/03/30/56783e38-154e-11e7-ada0-1489b735b3a3_story.html?utm_term=.0ad920c3746c',102,' Trump threatens hard-liners as part of escalating Republican civil war - The Washington Post',0.60987,0.63606,0.39013,'Since the failure of the House GOP’s health-care plan, Trump has signaled he may \nwork with Democrats\n to achieve major goals. Coupled with the negotiations over the spending measure, such a statement could foreshadow a major and unexpected power shift in Washington in which the minority party has far more influence in upcoming legislative fights than was initially expected.'),(665,'https://www.washingtonpost.com/powerpost/capitol-hill-republicans-not-on-board-with-trump-budget/2017/03/16/9952d63e-0a6b-11e7-b77c-0047d15a24e0_story.html?utm_term=.3ecf36aba0a5',102,' Capitol Hill Republicans not on board with Trump budget - The Washington Post',0.49876,0.76409,0.50124,'Without Democratic help, Republicans are unlikely to unite behind a temporary spending plan to keep the government open past April 28. That does not even address the larger battle expected to take place over the \nfiscal 2018 budget\n in which Trump has proposed a $54 billion increase in defense spending to be compensated for by cuts to 18 domestic agencies and programs.'),(666,'https://www.washingtonpost.com/powerpost/senate-republicans-show-resistance-to-trump-suggested-cuts-in-spending-measure/2017/03/28/ce3b97d0-13dc-11e7-ada0-1489b735b3a3_story.html?utm_term=.4887da1a727a',102,' Trump wants to add wall spending to stopgap budget bill, potentially forcing shutdown showdown - The Washington Post',0.64554,0.73034,0.35446,'[\nTrump wants to add wall spending to stopgap budget bill, potentially forcing shutdown showdown\n]'),(667,'https://www.washingtonpost.com/news/powerpost/',102,' PowerPost - The Washington Post',0.41726,0.25331,0.58274,' \nRead more at PowerPost\n '),(683,'https://www.washingtonpost.com/world/russia-blames-syrian-rebels-for-devastating-chemical-attack-in-northern-town/2017/04/05/ba173c76-196a-11e7-8598-9a99da559f9e_story.html',105,' World Health Organization: Syria chemical attack likely involved nerve agent - The Washington Post',0.36116,0.89953,0.63884,'The Trump administration is weighing military retaliation against the Syrian government following \na chemical attack \nTuesday that killed scores of civilians, but it is complicated by the presence of Russian forces in the country and concerns about U.S. troops deployed in Syria in the campaign against the Islamic State, according to U.S. officials.'),(684,'https://www.washingtonpost.com/world/turkish-autopsies-confirm-chemical-weapons-used-in-syria-attack-that-killed-scores/2017/04/06/4d660ac4-1aa7-11e7-8003-f55b4c1cfae2_story.html?utm_term=.80132bc73e52',105,' Deadly nerve agent sarin used in Syria attack, Turkish health ministry says - The Washington Post',0.76674,0.51633,0.23326,'[\nDeadly nerve agent sarin used in Syria attack, Turkish Health Ministry says\n]'),(685,'https://www.washingtonpost.com/world/national-security/at-un-trump-administration-assails-russia-for-protecting-assad/2017/04/05/28179558-1a0c-11e7-bcc2-7d1a0973e7b2_story.html?utm_term=.c71492b8a7dc',105,' Trump condemns Syria chemical attack and suggests he will act - The Washington Post',0.47834,0.91439,0.52166,'[\nTrump condemns Syria chemical attack and suggests he will act\n]'),(686,'https://www.washingtonpost.com/world/middle_east/the-hospitals-were-slaughterhouses-a-journey-intosyrias-secret-torture-wards/2017/04/02/90ccaa6e-0d61-11e7-b2bb-417e331877d9_story.html?utm_term=.15efd3d509b4',105,' ‘The hospitals were slaughterhouses’: A journey into Syria’s secret torture wards - The Washington Post',0.38220,0.66968,0.61780,'[\n‘The hospitals were slaughterhouses’: A journey into Syria’s secret torture wards\n]'),(687,'https://www.washingtonpost.com/world/national-security/trump-and-his-america-first-philosophy-face-first-moral-quandary-in-syria/2017/04/05/ec854e20-1a21-11e7-bcc2-7d1a0973e7b2_story.html?utm_term=.f6fceac92e85',105,' Trump and his ‘America First’ philosophy face first moral quandary in Syria - The Washington Post',0.28634,0.77137,0.71366,' \nTrump and his ‘America First’ philosophy face first moral quandary in Syria\n '),(688,'https://www.washingtonpost.com/news/worldviews/wp/2017/04/06/which-chemical-weapon-was-used-in-syria-here-are-some-clues/?utm_term=.60aab9442e74',105,' Which chemical weapon was used in Syria? Here’s what investigators know. - The Washington Post',0.46244,0.75258,0.53756,' \nWhich chemical weapon was used in Syria? Here’s what investigators know.\n '),(689,'https://www.washingtonpost.com/news/worldviews/wp/2017/04/06/while-trump-talks-tough-on-assad-others-are-already-taking-his-regime-to-court/',105,' While Trump talks tough on Assad, others are already taking his regime to court - The Washington Post',0.63953,0.65508,0.36047,' \nWhile Trump talks tough on Assad, others are already taking his regime to court\n '),(690,'https://www.washingtonpost.com/powerpost/congress-greets-syria-strike-with-mix-of-applause-and-anger/2017/04/07/b7aeb7ce-1b8c-11e7-9887-1a5314b56a08_story.html?utm_term=.f38dcb636fcb',106,' Congress greets Syria strike with mix of applause and anger - The Washington Post',0.42590,0.36047,0.57410,'[\nCongress greets Syria strike with mix of applause and anger\n]'),(691,'https://www.washingtonpost.com/powerpost/senate-set-to-confirm-neil-gorsuch-to-supreme-court/2017/04/07/da3cd738-1b89-11e7-9887-1a5314b56a08_story.html?utm_term=.68b8ac8cfe8a',106,' Senate confirms Neil Gorsuch to Supreme Court - The Washington Post',0.28141,0.83294,0.71859,'Many conservative activists\n \nand lawmakers noted the key to Gorsuch’s confirmation was GOP unity from the beginning. Trump drew Gorsuch’s name from a \nlist \nof 21 candidates that he released during the campaign, and announced his pick in a prime-time address from the White House East room. '),(692,'https://www.washingtonpost.com/politics/senate-democrats-vastly-outspent-by-right-in-gorsuch-fight/2017/03/18/1c42c3e2-0b39-11e7-93dc-00f9bdd74ed1_story.html?utm_term=.4e1e2904c351',106,' Senate Democrats vastly outspent by right in Gorsuch fight - The Washington Post',0.39588,0.62452,0.60412,'[\nSenate Democrats vastly outspent by right in Gorsuch fight\n]'),(693,'https://www.washingtonpost.com/world/europe/russia-condemns-us-missile-strike-on-syria/2017/04/07/c81ea12a-1b4e-11e7-8003-f55b4c1cfae2_story.html?hpid=hp_hp-top-table-main_russiasyria-3am%3Ahomepage%2Fstory&utm_term=.7fb1ecd432de',107,' Russia condemns U.S. missile strike on Syria, suspends key air agreement - The Washington Post',0.32749,0.51804,0.67251,'[\nRussia condemns U.S. missile strike on Syria, suspends key air agreement]\n '),(694,'https://www.washingtonpost.com/news/worldviews/wp/2017/04/07/syria-strike-adds-awkward-twist-to-high-stakes-china-u-s-summit/?hpid=hp_hp-top-table-main_wv-syria-china-915a%3Ahomepage%2Fstory&utm_term=.a4a76b741678',107,' Syria strike adds awkward twist to high-stakes China-U.S. summit - The Washington Post',0.43218,0.33555,0.56782,' \n[Syria strike adds awkward twist to high-stakes China-U. S. summit\n]'),(695,'https://www.washingtonpost.com/news/powerpost/',107,' PowerPost - The Washington Post',0.41726,0.25331,0.58274,' \nRead more at PowerPost\n '),(696,'http://www.jstor.org/stable/3176318?seq=1#page_scan_tab_contents',108,'JSTOR: Access Check',0.43462,0.83833,0.56538,'Most foreign policy entanglements do \nnot\n result in a “\nrally around the flag\n” event — when a president’s popularity jumps because Americans rally behind their commander-in-chief. That’s according to \na 2001 study\n by William Baker of the Arkansas School for Mathematics and Sciences and John Oneal of the University of Alabama. Their study found that only 39 percent of U.S. military interventions\n1\n from 1933 to 1993 resulted in a rise in the president’s approval rating. Still, 39 percent is a sizable minority of the time. So, will President Trump’s \norder to launch missiles\n at a Syrian airfield be one of them?'),(697,'http://www.cnn.com/2017/04/06/politics/donald-trump-syria-military/index.html',108,'Syria missile strike: Trump authorizes action - CNNPolitics.com',0.43462,0.83833,0.56538,'Most foreign policy entanglements do \nnot\n result in a “\nrally around the flag\n” event — when a president’s popularity jumps because Americans rally behind their commander-in-chief. That’s according to \na 2001 study\n by William Baker of the Arkansas School for Mathematics and Sciences and John Oneal of the University of Alabama. Their study found that only 39 percent of U.S. military interventions\n1\n from 1933 to 1993 resulted in a rise in the president’s approval rating. Still, 39 percent is a sizable minority of the time. So, will President Trump’s \norder to launch missiles\n at a Syrian airfield be one of them?'),(698,'http://www.washingtonexaminer.com/chuck-schumer-nancy-pelosi-endorse-trumps-attack-in-syria/article/2619622',108,'Chuck Schumer, Nancy Pelosi endorse Trump\'s attack in Syria | Washington Examiner',0.45964,0.83785,0.54036,'Trump’s actions have \nbroad support in Congress\n, including from \nDemocrats\n like Nancy Pelosi and Chuck Schumer and \nstronger approval\n from Republicans like John McCain and Mitch McConnell. So the airstrike probably meets this criteria. Bipartisanship on Syria is nothing new. When Congress voted on arming the Syrian rebels in 2014, party affiliation was \nnot\n \na great predictor of support\n. Of course, \nthen\n, like \nnow\n, there were intraparty divisions on Syria — within the GOP, for example, libertarian-leaning officials such as Rand Paul were advocates for a less interventionist policy. At the same time, while there may be bipartisan support for the airstrike in Washington, it’s not clear that there will be bipartisan support among Americans. A \nGallup poll\n taken in February 2016, during the final year of the Obama administration, found a fairly equally breakdown among those who wanted U.S. involvement in Syria to increase, stay steady or drop. But opinions can shift over time — especially with a new president of a different party from the previous one. Polls may end up showing that the public — Democrats and Republicans — backs the limited actions Trump has taken so far, but if the U.S. role expands, that’s less likely to be true.'),(699,'http://www.npr.org/sections/thetwo-way/2017/04/07/522963252/congress-reacts-to-trumps-syria-missile-strike',108,'Congressional Leaders Urge Trump Administration For Broader Syria Strategy : The Two-Way : NPR',0.45964,0.83785,0.54036,'Trump’s actions have \nbroad support in Congress\n, including from \nDemocrats\n like Nancy Pelosi and Chuck Schumer and \nstronger approval\n from Republicans like John McCain and Mitch McConnell. So the airstrike probably meets this criteria. Bipartisanship on Syria is nothing new. When Congress voted on arming the Syrian rebels in 2014, party affiliation was \nnot\n \na great predictor of support\n. Of course, \nthen\n, like \nnow\n, there were intraparty divisions on Syria — within the GOP, for example, libertarian-leaning officials such as Rand Paul were advocates for a less interventionist policy. At the same time, while there may be bipartisan support for the airstrike in Washington, it’s not clear that there will be bipartisan support among Americans. A \nGallup poll\n taken in February 2016, during the final year of the Obama administration, found a fairly equally breakdown among those who wanted U.S. involvement in Syria to increase, stay steady or drop. But opinions can shift over time — especially with a new president of a different party from the previous one. Polls may end up showing that the public — Democrats and Republicans — backs the limited actions Trump has taken so far, but if the U.S. role expands, that’s less likely to be true.'),(700,'http://reason.com/blog/2017/04/07/rand-paul-on-syria-the-us-was-not-attack',108,'Rand Paul on Syria: The U.S. Was not Attacked and the President Needs Congressional Approval - Hit & Run : Reason.com',0.45964,0.83785,0.54036,'Trump’s actions have \nbroad support in Congress\n, including from \nDemocrats\n like Nancy Pelosi and Chuck Schumer and \nstronger approval\n from Republicans like John McCain and Mitch McConnell. So the airstrike probably meets this criteria. Bipartisanship on Syria is nothing new. When Congress voted on arming the Syrian rebels in 2014, party affiliation was \nnot\n \na great predictor of support\n. Of course, \nthen\n, like \nnow\n, there were intraparty divisions on Syria — within the GOP, for example, libertarian-leaning officials such as Rand Paul were advocates for a less interventionist policy. At the same time, while there may be bipartisan support for the airstrike in Washington, it’s not clear that there will be bipartisan support among Americans. A \nGallup poll\n taken in February 2016, during the final year of the Obama administration, found a fairly equally breakdown among those who wanted U.S. involvement in Syria to increase, stay steady or drop. But opinions can shift over time — especially with a new president of a different party from the previous one. Polls may end up showing that the public — Democrats and Republicans — backs the limited actions Trump has taken so far, but if the U.S. role expands, that’s less likely to be true.'),(701,'http://www.gallup.com/poll/189338/four-five-americans-view-syria-unfavorably.aspx',108,'\r\n	Four in Five Americans View Syria Unfavorably | Gallup\r\n',0.45964,0.83785,0.54036,'Trump’s actions have \nbroad support in Congress\n, including from \nDemocrats\n like Nancy Pelosi and Chuck Schumer and \nstronger approval\n from Republicans like John McCain and Mitch McConnell. So the airstrike probably meets this criteria. Bipartisanship on Syria is nothing new. When Congress voted on arming the Syrian rebels in 2014, party affiliation was \nnot\n \na great predictor of support\n. Of course, \nthen\n, like \nnow\n, there were intraparty divisions on Syria — within the GOP, for example, libertarian-leaning officials such as Rand Paul were advocates for a less interventionist policy. At the same time, while there may be bipartisan support for the airstrike in Washington, it’s not clear that there will be bipartisan support among Americans. A \nGallup poll\n taken in February 2016, during the final year of the Obama administration, found a fairly equally breakdown among those who wanted U.S. involvement in Syria to increase, stay steady or drop. But opinions can shift over time — especially with a new president of a different party from the previous one. Polls may end up showing that the public — Democrats and Republicans — backs the limited actions Trump has taken so far, but if the U.S. role expands, that’s less likely to be true.'),(702,'http://www.cfr.org/iraq/timeline-iraq-war/p18876',108,'Timeline: The Iraq War - Council on Foreign Relations',0.33998,0.17972,0.66002,'That speaks to a larger point: What comes next in Syria may be more important than what Trump has done so far in terms of how his actions are viewed. To oversimplify: \nMilitary\n \ninterventions\n in the Middle East can go bad in a hurry.'),(703,'http://www.telegraph.co.uk/news/2017/04/07/us-strikes-syria-tensions-rise-russia-warns-damage-ties-washington/',108,'US strikes on Syria: Xi Jinping told Donald Trump he understood the US response \'because of the death of children\'',0.36486,0.76090,0.63514,'Most people would not define Syria as a major power. It’s a small country in the Middle East mired in a long, tragic civil war. Yet, Syria is also a proxy for other, more powerful countries. Iran is a \nbig backer\n of the Assad government. Perhaps even more importantly, Russia is also deeply involved in the conflict and allied with Bashar Assad. (The Russian government \nreacted very negatively\n to the U.S. airstrike.) The Trump administration is also looking into whether or not Russia, itself, was involved in the chemical attack. If the public comes to see the Syria strike as a move against Russia and/or Iran as much as against Assad, it may be more likely to rally behind Trump.'),(704,'http://www.un.org/en/sc/members/',108,'Members of the United Nations Security Council',0.52249,0.44169,0.47751,'This is a clear no. Russia is on the \nSecurity Council\n and definitely does not approve of the U.S. strike. It doesn’t even \nsee a need\n for a resolution disapproving of the chemical weapons attack. That said, most other nations on the Security Council deplored the chemical attack. It’s plausible that Americans will hear those other countries speaking out against the attack and make the judgment that Trump’s actions have broad, global support. It’s also possible that Americans don’t really care too much about U.N. approval anymore and that this point is an artifact of a previous era. Just 37 percent of Americans think the U.N. is \ndoing a good job\n solving the problems it faces, according to Gallup.'),(705,'http://www.bbc.com/news/world-middle-east-39500319',108,'Syria chemical \'attack\': Russia faces fury at UN Security Council - BBC News',0.52249,0.44169,0.47751,'This is a clear no. Russia is on the \nSecurity Council\n and definitely does not approve of the U.S. strike. It doesn’t even \nsee a need\n for a resolution disapproving of the chemical weapons attack. That said, most other nations on the Security Council deplored the chemical attack. It’s plausible that Americans will hear those other countries speaking out against the attack and make the judgment that Trump’s actions have broad, global support. It’s also possible that Americans don’t really care too much about U.N. approval anymore and that this point is an artifact of a previous era. Just 37 percent of Americans think the U.N. is \ndoing a good job\n solving the problems it faces, according to Gallup.'),(706,'http://www.gallup.com/poll/204290/say-doing-good-job-solving-problems.aspx',108,'\r\n	In US, 37% Say UN Doing \'Good Job\' Solving Problems | Gallup\r\n',0.52249,0.44169,0.47751,'This is a clear no. Russia is on the \nSecurity Council\n and definitely does not approve of the U.S. strike. It doesn’t even \nsee a need\n for a resolution disapproving of the chemical weapons attack. That said, most other nations on the Security Council deplored the chemical attack. It’s plausible that Americans will hear those other countries speaking out against the attack and make the judgment that Trump’s actions have broad, global support. It’s also possible that Americans don’t really care too much about U.N. approval anymore and that this point is an artifact of a previous era. Just 37 percent of Americans think the U.N. is \ndoing a good job\n solving the problems it faces, according to Gallup.'),(707,'http://cow.la.psu.edu/COW2%20Data/MIDs/Development/Jones,Bremer,Singer.PDF',108,'couldn\'t fetch title',0.55246,0.90954,0.44754,'Revisionist goals are \ngenerally defined\n as “making claims to territory,” “attempting to overthrow a regime” or “declaring the intention not to abide by another state’s policy.” The U.S. isn’t trying to claim territory in the Syrian conflict, as it did during wars in Afghanistan and Iraq. Nor is it clear whether the White House is seeking to remove Assad from power. The U.S. is, however, trying to change Assad’s policy on chemical weapons. Further, as stated earlier, the Syrian conflict has multiple actors, including \nIslamic State\n, which the U.S. certainly wants to overthrow. The Islamic State, however, was not a target in the U.S. missile strike. If the White House pivots and frames any U.S. action in Syria as about the conflict at large, there’s a greater chance that Trump’s actions will be seen as combating revisionist goals.'),(708,'http://www.gallup.com/interactives/185273/presidential-job-approval-center.aspx?g_source=WWWV7HP&g_medium=topic&g_campaign=tiles',108,'\r\n	Presidential Job Approval Center | Gallup\r\n',0.54350,0.28232,0.45650,'Trump is less than 100 days into his presidency, so this factor \nshould\n work in his favor. Unlike other presidents, though, Trump has quickly \nbuilt up a lot of dislike\n among independents and members of the opposing party. New presidents tend to get the benefit of the doubt — that’s why this point is on our list — but Trump is \nnot your average new president\n. If Democratic and some independent voters are already beyond his reach (and his high \n“strongly disapprove” job rating numbers\n suggests they may be), it may not matter that we’re early in the Trump presidency.'),(709,'http://www.huffingtonpost.com/entry/exploring-trumps-approval-poll-dip_us_58dab3dbe4b0f087a3041d62',108,'couldn\'t fetch title',0.54350,0.28232,0.45650,'Trump is less than 100 days into his presidency, so this factor \nshould\n work in his favor. Unlike other presidents, though, Trump has quickly \nbuilt up a lot of dislike\n among independents and members of the opposing party. New presidents tend to get the benefit of the doubt — that’s why this point is on our list — but Trump is \nnot your average new president\n. If Democratic and some independent voters are already beyond his reach (and his high \n“strongly disapprove” job rating numbers\n suggests they may be), it may not matter that we’re early in the Trump presidency.'),(710,'http://www.jstor.org/stable/10.1086/681240?seq=1#page_scan_tab_contents',108,'JSTOR: Access Check',0.35585,0.25944,0.64415,'One thing to keep an eye on going forward is whether the conflict in Syria, and U.S. involvement, escalates. As I noted earlier, that may ultimately determine where public opinion falls. Studies, not surprisingly, \nshow\n the American people are less likely to support Trump’s policies if there are U.S. casualties — whatever they think of Trump’s initial airstrike.'),(711,'https://fivethirtyeight.com/datalab/rally-around-the-flag-events-are-rare/',108,'‘Rally Around The Flag’ Events Are Rare | FiveThirtyEight',0.43462,0.83833,0.56538,'Most foreign policy entanglements do \nnot\n result in a “\nrally around the flag\n” event — when a president’s popularity jumps because Americans rally behind their commander-in-chief. That’s according to \na 2001 study\n by William Baker of the Arkansas School for Mathematics and Sciences and John Oneal of the University of Alabama. Their study found that only 39 percent of U.S. military interventions\n1\n from 1933 to 1993 resulted in a rise in the president’s approval rating. Still, 39 percent is a sizable minority of the time. So, will President Trump’s \norder to launch missiles\n at a Syrian airfield be one of them?'),(712,'https://fivethirtyeight.com/datalab/rally-around-the-flag-events-are-rare/',108,'‘Rally Around The Flag’ Events Are Rare | FiveThirtyEight',0.15247,0.61249,0.84753,'After former President Barack Obama laid out a four-point plan to go after the Islamic State group in 2014, I \ndescribed five characteristics\n of foreign policy interventions that tend to increase the chances of a rally-around-the-flag effect. The list, compiled from political science papers, isn’t comprehensive, but it provides a good blueprint: The more points an intervention hits, the more likely the president’s approval rating will increase. Let’s take them one at a time.'),(713,'https://fivethirtyeight.com/features/a-clear-majority-of-senators-support-trumps-syria-airstrike/',108,'Most Senators Support Trump’s Syria Airstrike | FiveThirtyEight',0.45964,0.83785,0.54036,'Trump’s actions have \nbroad support in Congress\n, including from \nDemocrats\n like Nancy Pelosi and Chuck Schumer and \nstronger approval\n from Republicans like John McCain and Mitch McConnell. So the airstrike probably meets this criteria. Bipartisanship on Syria is nothing new. When Congress voted on arming the Syrian rebels in 2014, party affiliation was \nnot\n \na great predictor of support\n. Of course, \nthen\n, like \nnow\n, there were intraparty divisions on Syria — within the GOP, for example, libertarian-leaning officials such as Rand Paul were advocates for a less interventionist policy. At the same time, while there may be bipartisan support for the airstrike in Washington, it’s not clear that there will be bipartisan support among Americans. A \nGallup poll\n taken in February 2016, during the final year of the Obama administration, found a fairly equally breakdown among those who wanted U.S. involvement in Syria to increase, stay steady or drop. But opinions can shift over time — especially with a new president of a different party from the previous one. Polls may end up showing that the public — Democrats and Republicans — backs the limited actions Trump has taken so far, but if the U.S. role expands, that’s less likely to be true.'),(714,'https://projects.propublica.org/represent/votes/113/house/2/507',108,'House Vote 507 - Authorizes Aid to Syrian Rebels Against ISIS | Represent | ProPublica',0.45964,0.83785,0.54036,'Trump’s actions have \nbroad support in Congress\n, including from \nDemocrats\n like Nancy Pelosi and Chuck Schumer and \nstronger approval\n from Republicans like John McCain and Mitch McConnell. So the airstrike probably meets this criteria. Bipartisanship on Syria is nothing new. When Congress voted on arming the Syrian rebels in 2014, party affiliation was \nnot\n \na great predictor of support\n. Of course, \nthen\n, like \nnow\n, there were intraparty divisions on Syria — within the GOP, for example, libertarian-leaning officials such as Rand Paul were advocates for a less interventionist policy. At the same time, while there may be bipartisan support for the airstrike in Washington, it’s not clear that there will be bipartisan support among Americans. A \nGallup poll\n taken in February 2016, during the final year of the Obama administration, found a fairly equally breakdown among those who wanted U.S. involvement in Syria to increase, stay steady or drop. But opinions can shift over time — especially with a new president of a different party from the previous one. Polls may end up showing that the public — Democrats and Republicans — backs the limited actions Trump has taken so far, but if the U.S. role expands, that’s less likely to be true.'),(715,'https://projects.propublica.org/represent/votes/113/senate/2/270',108,'Senate Vote 270 - Approves Funds for Syrian Rebels | Represent | ProPublica',0.45964,0.83785,0.54036,'Trump’s actions have \nbroad support in Congress\n, including from \nDemocrats\n like Nancy Pelosi and Chuck Schumer and \nstronger approval\n from Republicans like John McCain and Mitch McConnell. So the airstrike probably meets this criteria. Bipartisanship on Syria is nothing new. When Congress voted on arming the Syrian rebels in 2014, party affiliation was \nnot\n \na great predictor of support\n. Of course, \nthen\n, like \nnow\n, there were intraparty divisions on Syria — within the GOP, for example, libertarian-leaning officials such as Rand Paul were advocates for a less interventionist policy. At the same time, while there may be bipartisan support for the airstrike in Washington, it’s not clear that there will be bipartisan support among Americans. A \nGallup poll\n taken in February 2016, during the final year of the Obama administration, found a fairly equally breakdown among those who wanted U.S. involvement in Syria to increase, stay steady or drop. But opinions can shift over time — especially with a new president of a different party from the previous one. Polls may end up showing that the public — Democrats and Republicans — backs the limited actions Trump has taken so far, but if the U.S. role expands, that’s less likely to be true.'),(716,'https://www.foreignaffairs.com/articles/libya/obamas-libya-debacle',108,'How Obama\'s Libya Intervention Ended in Failure | Foreign Affairs',0.33998,0.17972,0.66002,'That speaks to a larger point: What comes next in Syria may be more important than what Trump has done so far in terms of how his actions are viewed. To oversimplify: \nMilitary\n \ninterventions\n in the Middle East can go bad in a hurry.'),(717,'https://www.nytimes.com/2017/04/07/opinion/trump-raises-the-stakes-for-russia-and-iran.html',108,'Trump Raises the Stakes for Russia and Iran - The New York Times',0.36486,0.76090,0.63514,'Most people would not define Syria as a major power. It’s a small country in the Middle East mired in a long, tragic civil war. Yet, Syria is also a proxy for other, more powerful countries. Iran is a \nbig backer\n of the Assad government. Perhaps even more importantly, Russia is also deeply involved in the conflict and allied with Bashar Assad. (The Russian government \nreacted very negatively\n to the U.S. airstrike.) The Trump administration is also looking into whether or not Russia, itself, was involved in the chemical attack. If the public comes to see the Syria strike as a move against Russia and/or Iran as much as against Assad, it may be more likely to rally behind Trump.'),(718,'https://www.theatlantic.com/international/archive/2015/10/syrian-civil-war-guide-isis/410746/',108,'A Brief Guide to the Syrian Civil War - The Atlantic',0.55246,0.90954,0.44754,'Revisionist goals are \ngenerally defined\n as “making claims to territory,” “attempting to overthrow a regime” or “declaring the intention not to abide by another state’s policy.” The U.S. isn’t trying to claim territory in the Syrian conflict, as it did during wars in Afghanistan and Iraq. Nor is it clear whether the White House is seeking to remove Assad from power. The U.S. is, however, trying to change Assad’s policy on chemical weapons. Further, as stated earlier, the Syrian conflict has multiple actors, including \nIslamic State\n, which the U.S. certainly wants to overthrow. The Islamic State, however, was not a target in the U.S. missile strike. If the White House pivots and frames any U.S. action in Syria as about the conflict at large, there’s a greater chance that Trump’s actions will be seen as combating revisionist goals.'),(719,'https://fivethirtyeight.com/features/will-trumps-approval-rating-be-a-problem-for-republicans-in-2018/',108,'Will Trump’s Approval Rating Be A Problem For Republicans In 2018? | FiveThirtyEight',0.54350,0.28232,0.45650,'Trump is less than 100 days into his presidency, so this factor \nshould\n work in his favor. Unlike other presidents, though, Trump has quickly \nbuilt up a lot of dislike\n among independents and members of the opposing party. New presidents tend to get the benefit of the doubt — that’s why this point is on our list — but Trump is \nnot your average new president\n. If Democratic and some independent voters are already beyond his reach (and his high \n“strongly disapprove” job rating numbers\n suggests they may be), it may not matter that we’re early in the Trump presidency.'),(720,'https://fivethirtyeight.com/datalab/rally-around-the-flag-events-are-rare/',108,'‘Rally Around The Flag’ Events Are Rare | FiveThirtyEight',0.69014,0.24153,0.30986,'When you take all these points into account, it’s not clear what will happen to Trump’s approval rating in the coming days and weeks. Although few of these are slam dunks in either direction, two are likely to result in a bump (points No. 1 and No. 5), one probably won’t (No. 3) — and two aren’t clear (No. 2 and No. 4). If you’re looking for some tiebreakers, Baker and Oneal’s study found that the average foreign policy entanglement results in an approval rating jump of just 0.1 percentage points. And \nduring the Obama administration\n, the only event that produced any rally-around-the-flag effect was the killing of Osama bin Laden. And that effect lasted just a month.'),(721,'http://www.washingtonpost.com/sf/national/2015/07/15/from-a-first-arrest-to-a-life-sentence/?utm_term=.a9f81ed69003',109,'How a first crack cocaine offense led to a life sentence  | The Washington Post',0.35754,0.78061,0.64246,'[\nFrom a first arrest to a life sentence\n]'),(722,'https://www.washingtonpost.com/world/national-security/sessions-vows-crackdown-on-violent-crime-in-first-major-speech-as-attorney-general/2017/02/27/b18af654-fd42-11e6-8f41-ea6ed597e4ca_story.html?utm_term=.a29b16af904e',109,' Sessions vows crackdown on violent crime in first major speech as attorney general - The Washington Post',0.42109,0.75380,0.57891,'[\nSessions vows crackdown on violent crime in first major speech as attorney general\n]'),(723,'https://www.washingtonpost.com/world/national-security/obama-grants-final-330-commutations-to-nonviolent-drug-offenders/2017/01/19/41506468-de5d-11e6-918c-99ede3c8cafa_story.html?utm_term=.623bca10d66b',109,' Obama grants final 330 commutations to nonviolent drug offenders - The Washington Post',0.20192,0.83410,0.79808,'Obama, the first sitting president to visit a federal prison, launched an ambitious\n clemency initiative\n to release certain drug offenders from prison early. And Holder told his prosecutors, in an effort to make punishments more fairly fit the crime, to stop charging low-level nonviolent drug offenders with offenses that imposed severe mandatory sentences. He called his strategy, outlined in an August 2013 report, \n“Smart on Crime.”\n '),(724,'https://www.justice.gov/sites/default/files/ag/legacy/2013/08/12/smart-on-crime.pdf',109,'couldn\'t fetch title',0.20192,0.83410,0.79808,'Obama, the first sitting president to visit a federal prison, launched an ambitious\n clemency initiative\n to release certain drug offenders from prison early. And Holder told his prosecutors, in an effort to make punishments more fairly fit the crime, to stop charging low-level nonviolent drug offenders with offenses that imposed severe mandatory sentences. He called his strategy, outlined in an August 2013 report, \n“Smart on Crime.”\n '),(725,'https://www.washingtonpost.com/news/post-nation/wp/2017/02/09/in-executive-actions-president-trump-vows-crackdown-on-violent-crime-is-america-as-unsafe-as-he-thinks/?utm_term=.be21cbfd0fc9',109,' In executive actions, President Trump vows crackdown on violent crime. Is America as unsafe as he thinks? - The Washington Post',0.35500,0.97177,0.64500,'And he quickly appointed Cook to be a senior official on the attorney general’s task force on crime reduction and public safety, which was created following a \nTrump executive order \nto address what the president has called “American carnage.”'),(726,'https://www.washingtonpost.com/world/national-security/sessions-directs-federal-prosecutors-to-target-the-nations-most-violent-offenders/2017/03/08/81b4a9de-0454-11e7-b9fa-ed727b644a0b_story.html?utm_term=.2a91d9e1b512',109,' Sessions directs federal prosecutors to target the nation’s most violent offenders - The Washington Post',0.33747,0.60223,0.66253,' \nSessions directs federal prosecutors to target the nation’s most violent offenders\n]'),(727,'https://www.washingtonpost.com/local/public-safety/jeff-sessions-medical-marijuana-has-been-hyped-maybe-too-much/2017/03/15/2a15bb1a-0999-11e7-93dc-00f9bdd74ed1_story.html?utm_term=.f8efb8267c5c',109,' Jeff Sessions: ‘Medical marijuana has been hyped, maybe too much’ - The Washington Post',0.56624,0.65063,0.43376,' \nJeff Sessions: ‘Medical marijuana has been hyped, maybe too much’\n '),(728,'https://www.washingtonpost.com/world/national-security/some-prosecutors-fighting-effort-to-eliminate-mandatory-minimum-prison-sentences/2014/03/13/f5426fc2-a60f-11e3-a5fa-55f0c77bf39c_story.html?utm_term=.a9426538e52c',109,' Some prosecutors fighting effort to eliminate mandatory minimum prison sentences - The Washington Post',0.52754,0.82903,0.47246,' \nSome prosecutors fighting effort to eliminate mandatory minimum prison sentences\n '),(797,'https://www.washingtonpost.com/powerpost/who-is-to-blame-for-the-failure-of-the-health-care-overhaul-the-finger-pointing-begins/2017/03/25/d799fc94-115d-11e7-9d5a-a83e627dc120_story.html',117,' Who is to blame for the failure of the health-care overhaul? The finger-pointing begins. - The Washington Post',0.76428,0.87911,0.23572,' [\nWho is to blame for the failure of the health-care overhaul? The finger-pointing begins.\n] '),(798,'https://www.washingtonpost.com/news/the-fix/wp/2017/04/12/president-trumps-throughly-confusing-fox-business-interview-annotated/?utm_term=.36cf884539cd',117,' President Trump’s thoroughly confusing Fox Business interview, annotated - The Washington Post',0.47740,0.34534,0.52260,' [\nPresident Trump’s thoroughly confusing Fox Business interview, annotated\n] '),(799,'https://www.nytimes.com/2017/04/05/us/politics/donald-trump-infrastructure-bill.html?_r=0',117,'Trump Weighs Infrastructure Bill but Keeps New York Up in the Air - The New York Times',0.42094,0.89547,0.57906,'But in \nan interview with the New York Times\n last week, Trump said he might decide to do the entire infrastructure package with public money, borrowing it by issuing debt at low interest rates. And he said he could try to package the infrastructure plan with an effort to repeal the Affordable Care Act as a way to draw in votes from Democrats.'),(800,'http://www.cnn.com/2017/04/12/politics/donald-trump-jens-stoltenberg-nato/index.html',118,'Trump reverses position, says NATO is \'no longer obsolete\' - CNNPolitics.com',0.37313,0.85225,0.62687,'Within a few hours of extraordinary political shape-shifting, Trump abandoned stances that were at the bedrock of his establishment-bashing campaign. NATO, he said, is \"\nno longer obsolete\n.\" And he backed down a threat to brand China a currency manipulator.'),(801,'http://www.cnn.com/2017/04/12/politics/donald-trump-bashar-al-assad-butcher/index.html',118,'Trump on Assad: \'That\'s a butcher\' - CNNPolitics.com',0.42551,0.99957,0.57449,'Then, days after his administration had seemed to accept a ultra realist approach that would allow Syrian President Bashar al-Assad to remain in control of his shattered nation, Trump \ndecried him as a \"butcher\"\n over \nchemical weapons attacks on civilians \n-- fueling speculation he now advocates regime change.'),(802,'http://www.cnn.com/2017/04/06/politics/donald-trump-syria-military/',118,'Syria missile strike: Trump authorizes action - CNNPolitics.com',0.42551,0.99957,0.57449,'Then, days after his administration had seemed to accept a ultra realist approach that would allow Syrian President Bashar al-Assad to remain in control of his shattered nation, Trump \ndecried him as a \"butcher\"\n over \nchemical weapons attacks on civilians \n-- fueling speculation he now advocates regime change.'),(803,'http://www.cnn.com/2017/04/12/politics/donald-trump-xi-jingping-syria-chocolate-cake/',118,'Trump, Xi talked Syria over the \'most beautiful\' cake - CNNPolitics.com',0.35160,0.89430,0.64840,'By contrast, Trump was full of praise for Xi Jinping -- \nwhom he met in Florida last week\n, saying that he believed the Chinese president was sincere in helping defuse the US showdown with nuclear North Korea.'),(804,'http://www.cnn.com/2017/04/12/politics/steve-bannon-donald-trump-white-house/index.html',118,'Trump diminishes, but does not dismiss, Bannon - CNNPolitics.com',0.60780,0.54525,0.39220,'RELATED: Trump diminishes, but does not dismiss, Bannon'),(805,'http://www.cnn.com/2017/04/05/politics/steve-bannon-white-house-national-security-council/',118,'Steve Bannon removed from National Security Council role - CNNPolitics.com',0.37949,0.78029,0.62051,'Bannon was last week \ndumped from the National Security Council \nin a move that was seen as a triumph for officials who represent a more traditional, globalist foreign policy worldview.'),(806,'http://www.nbcnews.com/news/world/trump-s-syria-airstrike-sends-critical-message-ex-pentagon-official-n743946',119,'Trump\'s Syria Airstrike Sends a \'Critical Message\': Ex-Pentagon Official - NBC News',0.64180,0.86456,0.35820,' The president launched \n59 cruise missiles \nat a Syrian government air base he alleged was involved in a chemical weapons attack that \nkilled dozens of civilians last week\n. '),(807,'http://www.nbcnews.com/news/world/warplanes-strike-syrian-town-recovering-chemical-attack-human-rights-group-n744236',119,'Warplanes Strike Syrian Town Recovering From Chemical Attack: Human Rights Group - NBC News',0.64180,0.86456,0.35820,' The president launched \n59 cruise missiles \nat a Syrian government air base he alleged was involved in a chemical weapons attack that \nkilled dozens of civilians last week\n. '),(808,'http://www.telegraph.co.uk/news/2017/04/10/donald-trumps-action-syria-proves-not-league-putin-says-son/',119,'Donald Trump\'s action in Syria proves he is not in league with Putin, says his son Eric',0.26693,0.99971,0.73307,' Trump\'s 33-year-old son, Eric,\n told The Daily Telegraph\n on Monday that the strike was influenced in part by Ivanka, who he said was \"heartbroken and outraged\" by the chemical attack. '),(809,'http://www.nbcnews.com/politics/first-read/first-read-trump-takes-surreal-victory-lap-scotland-n598316',119,'First Read: Trump Takes a Surreal Victory Lap in Scotland - NBC News',0.57076,0.54089,0.42924,' \"Ivanka is a mother of three kids and she has influence,\" Eric Trump said, speaking with the newspaper at \nTrump Turnberry golf resort \nin Ayrshire, Scotland. \"I\'m sure she said, \'Listen, this is horrible stuff.\' My father will act in times like that.\" '),(810,'http://www.nbcnews.com/news/world/russian-navy-activity-europe-now-cold-war-levels-admiral-n744516',119,'Russian Navy Activity in Europe Now at Cold-War Levels: Admiral - NBC News',0.37089,0.95200,0.62911,' Asked about Russia\'s \nthreats of military escalation\n following the strike, Eric Trump \ntold the Telegraph\n his father would not be intimidated. '),(811,'http://www.telegraph.co.uk/news/2017/04/10/donald-trumps-action-syria-proves-not-league-putin-says-son/',119,'Donald Trump\'s action in Syria proves he is not in league with Putin, says his son Eric',0.37089,0.95200,0.62911,' Asked about Russia\'s \nthreats of military escalation\n following the strike, Eric Trump \ntold the Telegraph\n his father would not be intimidated. '),(812,'http://www.telegraph.co.uk/news/2017/04/10/donald-trumps-action-syria-proves-not-league-putin-says-son/',119,'Donald Trump\'s action in Syria proves he is not in league with Putin, says his son Eric',0.12182,0.80509,0.87818,' \"And by the way, he was anti doing anything with Syria two years ago,\" Eric Trump \ntold the Telegraph\n. \"Then a leader gasses their own people, women and children, at some point America is the global leader and the world\'s superpower has to come forward and act and they did with a lot of support of our allies and I think that\'s a great thing.\" '),(813,'http://www.nbcnews.com/news/other/kerry-accuses-syria-using-chemical-agents-us-preparing-release-evidence-f8C11000251',119,'Kerry accuses Syria of using chemical agents; US preparing to release evidence - NBC News',0.45299,0.81802,0.54701,' It was not the first time the U.S. has blamed the Assad regime for a chemical attack. On Aug. 21, 2013, a \nsarin nerve gas attack killed hundreds of people in the Ghouta suburb of Damascus\n. The U.S. and others said Assad was responsible. '),(814,'https://www.facebook.com/sharer.php?u=http%3A%2F%2Fwww.nbcnews.com%2Fvideo%2Fsuspected-gas-attack-kills-dozens-including-children-in-syria-913645635605&t=Suspected%20Gas%20Attack%20Kills%20Dozens%2C%20Including%20Children%2C%20in%20Syria',119,'Facebook',0.47679,0.59509,0.52321,'\n\nFacebook\n\n'),(815,'https://twitter.com/share?text=Suspected%20Gas%20Attack%20Kills%20Dozens%2C%20Including%20Children%2C%20in%20Syria&url=http%3A%2F%2Fwww.nbcnews.com%2Fvideo%2Fsuspected-gas-attack-kills-dozens-including-children-in-syria-913645635605&via=nbcnews',119,'Share a link on Twitter',0.48702,0.59509,0.51298,'\n\nTwitter\n\n'),(816,'https://media3.s-nbcnews.com/j/newscms/2017_15/1961121/rtr3zufs_3e3a015837261390119f8dadc700204c.nbcnews-ux-2880-1000.jpg',119,'couldn\'t fetch title',0.26208,0.90985,0.73792,'\n\n\n\n\n\n\n\n\n\n\n\n\n\nFrom left to right, Eric Trump, Donald Trump Jr., and Ivanka Trump with their father in Washington, in July 2014.\n \nGary Cameron  / Reuters\n\n\n\n'),(817,'http://www.tulsaworld.com/news/government/rep-markwayne-mullin-calls-bullcrap-at-town-hall-in-jay/article_dce4e40a-b0ca-5b8c-989b-c048a6e7c117.html',120,'Rep. Markwayne Mullin calls \'bullcrap\' at town hall in Jay: \'This is a service. No one here pays me to go\' - Tulsa World: Government',0.34685,0.99909,0.65315,'CNN has reached out to Mullin\'s office for additional comment. A spokesperson for Mullin told the \nTulsa World\n the congressman was referring to federal taxes he pays for his privately owned companies, which include a plumbing business and a ranch. '),(818,'http://www.tulsaworld.com/news/government/rep-markwayne-mullin-calls-bullcrap-at-town-hall-in-jay/article_dce4e40a-b0ca-5b8c-989b-c048a6e7c117.html',120,'Rep. Markwayne Mullin calls \'bullcrap\' at town hall in Jay: \'This is a service. No one here pays me to go\' - Tulsa World: Government',0.51642,0.99826,0.48358,'\"The congressman is referencing the federal taxes that he and his businesses have paid to the government over the years, prior to his being in office,\" a spokesperson for Mullin told the publication\n. \n\"Like all business owners, Congressman Mullin pays his taxes, which contribute to congressional salaries.\"'),(819,'http://www.cnn.com/2017/04/12/politics/mike-coffman-town-hall/',120,'At raucous town hall, GOP congressman confronts anger about Trump  - CNNPolitics.com',0.74253,0.83446,0.25747,'This is yet another episode in a string of contentious GOP town halls that have taken place while Congress has been on recess. When pressed by constituents, \nRepublican Rep. Mike Coffman \ncalled for White House press secretary Sean Spicer to resign for saying Syrian leader Bashar al-Assad \'s actions were worse than Adolf Hitler\'s.'),(820,'https://www.facebook.com/terry.reed.739/videos/1246858408761159/',120,'Terry Reed - Markwayne Mullin responds to someone at his...',0.63270,0.99961,0.36730,' (CNN)\nAn Oklahoma congressman is facing scrutiny after a \nvideo\n posted Monday showed him telling constituents at a town hall that they do not pay his salary.  '),(821,'https://www.govtrack.us/congress/votes/113-2013/h55',120,'S. 47 (113th): Violence Against Women Reauthorization Act of 2013 -- GovTrack.us',0.49515,0.86354,0.50485,'On Monday, South Carolina Republican Rep. Joe Wilson, who famously shouted \"you lie\" during President Obama\'s 2009 address to Congress, had to wait 30 seconds for crowd chants of \"you lie\" to die down after Wilson told the crowd he had supported the local solicitor in an effort to make sure that those who commit violence against women are prosecuted. Wilson \nvoted against\n reauthorizing the Violence Against Women Act in 2013.'),(822,'http://www.espn.com/espn/mobile/products/products/_/id/6857590',121,'ESPN App - ESPN',0.43226,0.38081,0.56774,'\n	Subscribe: \nApple Podcasts\n |\n	\nESPN App\n |\n	\nDownload\n |\n	\nRSS\n |\n	\nNew to podcasts?\n\n'),(823,'http://www.espn.com/espnradio/podcast/archive?id=14554755',121,'FiveThirtyEight Politics Show - PodCenter - ESPN Radio',0.43226,0.38081,0.56774,'\n	Subscribe: \nApple Podcasts\n |\n	\nESPN App\n |\n	\nDownload\n |\n	\nRSS\n |\n	\nNew to podcasts?\n\n'),(824,'http://www.espn.com/espn/mobile/products/products/_/id/6857590',121,'ESPN App - ESPN',0.45005,0.28837,0.54995,'You can listen to the episode by clicking the “play” button above or by \ndownloading it in iTunes\n, the \nESPN App\n or your favorite podcast platform. If you are new to podcasts, \nlearn how to listen\n.'),(825,'https://itunes.apple.com/us/podcast/fivethirtyeight-elections/id1077418457?mt=2',121,'FiveThirtyEight Politics by ESPN on Apple Podcasts',0.43226,0.38081,0.56774,'\n	Subscribe: \nApple Podcasts\n |\n	\nESPN App\n |\n	\nDownload\n |\n	\nRSS\n |\n	\nNew to podcasts?\n\n'),(826,'https://www.espn.com/espnradio/feeds/rss/podcast.xml?id=14554755',121,'FiveThirtyEight Politics',0.43226,0.38081,0.56774,'\n	Subscribe: \nApple Podcasts\n |\n	\nESPN App\n |\n	\nDownload\n |\n	\nRSS\n |\n	\nNew to podcasts?\n\n'),(827,'https://fivethirtyeight.com/tag/politics-podcast/',121,'Politics Podcast – FiveThirtyEight',0.19683,0.88936,0.80317,'As President Trump approaches his 100th day in office, the \nFiveThirtyEight Politics podcast\n takes stock of his legislative priorities: a \nlooming budget deadline\n, promised tax cuts, and rumblings about a revived health care bill. The team also gauges the \nappeal of populism\n after the first round of France’s presidential election. Finally, FiveThirtyEight’s Maggie Koerth-Baker joins the podcast to talk about the goals of the \nEarth Day protests\n that took place this past weekend.'),(828,'https://fivethirtyeight.com/features/can-trump-avoid-a-government-shutdown-on-his-100th-day/',121,'Can Trump Avoid A Government Shutdown On His 100th Day? | FiveThirtyEight',0.19683,0.88936,0.80317,'As President Trump approaches his 100th day in office, the \nFiveThirtyEight Politics podcast\n takes stock of his legislative priorities: a \nlooming budget deadline\n, promised tax cuts, and rumblings about a revived health care bill. The team also gauges the \nappeal of populism\n after the first round of France’s presidential election. Finally, FiveThirtyEight’s Maggie Koerth-Baker joins the podcast to talk about the goals of the \nEarth Day protests\n that took place this past weekend.'),(829,'https://fivethirtyeight.com/features/le-pen-is-in-a-much-deeper-hole-than-trump-ever-was/',121,'Marine Le Pen Is In A Much Deeper Hole Than Trump Ever Was | FiveThirtyEight',0.19683,0.88936,0.80317,'As President Trump approaches his 100th day in office, the \nFiveThirtyEight Politics podcast\n takes stock of his legislative priorities: a \nlooming budget deadline\n, promised tax cuts, and rumblings about a revived health care bill. The team also gauges the \nappeal of populism\n after the first round of France’s presidential election. Finally, FiveThirtyEight’s Maggie Koerth-Baker joins the podcast to talk about the goals of the \nEarth Day protests\n that took place this past weekend.'),(830,'https://fivethirtyeight.com/features/marching-scientists-will-have-a-lot-in-common-with-angry-70s-farmers/',121,'Marching Scientists Will Have A Lot In Common With Angry ’70s Farmers | FiveThirtyEight',0.19683,0.88936,0.80317,'As President Trump approaches his 100th day in office, the \nFiveThirtyEight Politics podcast\n takes stock of his legislative priorities: a \nlooming budget deadline\n, promised tax cuts, and rumblings about a revived health care bill. The team also gauges the \nappeal of populism\n after the first round of France’s presidential election. Finally, FiveThirtyEight’s Maggie Koerth-Baker joins the podcast to talk about the goals of the \nEarth Day protests\n that took place this past weekend.'),(831,'https://itunes.apple.com/us/podcast/fivethirtyeight-elections/id1077418457?mt=2',121,'FiveThirtyEight Politics by ESPN on Apple Podcasts',0.45005,0.28837,0.54995,'You can listen to the episode by clicking the “play” button above or by \ndownloading it in iTunes\n, the \nESPN App\n or your favorite podcast platform. If you are new to podcasts, \nlearn how to listen\n.'),(832,'https://espnfivethirtyeight.wordpress.com/how-to-listen-to-fivethirtyeight-podcasts/',121,'How To Listen To FiveThirtyEight’s Podcasts | FiveThirtyEight',0.45005,0.28837,0.54995,'You can listen to the episode by clicking the “play” button above or by \ndownloading it in iTunes\n, the \nESPN App\n or your favorite podcast platform. If you are new to podcasts, \nlearn how to listen\n.'),(833,'https://itunes.apple.com/us/podcast/fivethirtyeight-elections/id1077418457?mt=2',121,'FiveThirtyEight Politics by ESPN on Apple Podcasts',0.44067,0.30768,0.55933,'The FiveThirtyEight Politics podcast publishes Monday evenings, with occasional special episodes throughout the week. Help new listeners discover the show by \nleaving us a rating and review on iTunes\n. Have a comment, question or suggestion for “good polling vs. bad polling”? Get in touch by email, \non Twitter\n or in the comments.'),(834,'https://twitter.com/FiveThirtyEight',121,'FiveThirtyEight (@FiveThirtyEight) | Twitter',0.44067,0.30768,0.55933,'The FiveThirtyEight Politics podcast publishes Monday evenings, with occasional special episodes throughout the week. Help new listeners discover the show by \nleaving us a rating and review on iTunes\n. Have a comment, question or suggestion for “good polling vs. bad polling”? Get in touch by email, \non Twitter\n or in the comments.'),(835,'http://www.crfb.org/blogs/appropriations-watch-fy-2017',122,'Appropriations Watch: FY 2017 | Committee for a Responsible Federal Budget',0.25192,0.86070,0.74808,'Funding for the U.S. government \nexpires\n at 11:59 p.m. EDT this Friday, April 28. If Congress and the Trump administration don’t reach a deal, the government will go into \nshutdown mode\n, which means hundreds of thousands of federal employees will be put on furlough, national parks will be closed, government websites won’t be updated, and so on. This weekend has political significance as well: Saturday, April 29 will be President Trump’s \n100th day\n in office. A government shutdown starting on that day would be fitting for a Trump administration that has \nstruggled\n to accomplish many of its key initiatives, even though historically the start of a presidency is often one of its most \nproductive times\n.'),(836,'http://www.nytimes.com/2013/10/02/us/politics/us-government-shutdown.html?pagewanted=all',122,'On Day 1, Parks Close, Workers Stay Home and ‘Panda Cam’ Goes Dark - NYTimes.com',0.25192,0.86070,0.74808,'Funding for the U.S. government \nexpires\n at 11:59 p.m. EDT this Friday, April 28. If Congress and the Trump administration don’t reach a deal, the government will go into \nshutdown mode\n, which means hundreds of thousands of federal employees will be put on furlough, national parks will be closed, government websites won’t be updated, and so on. This weekend has political significance as well: Saturday, April 29 will be President Trump’s \n100th day\n in office. A government shutdown starting on that day would be fitting for a Trump administration that has \nstruggled\n to accomplish many of its key initiatives, even though historically the start of a presidency is often one of its most \nproductive times\n.'),(837,'http://money.cnn.com/2017/03/29/news/economy/government-shutdown/',122,'Will Congress celebrate Trump\'s 100th day in office with a government shutdown? - Mar. 29, 2017 ',0.25192,0.86070,0.74808,'Funding for the U.S. government \nexpires\n at 11:59 p.m. EDT this Friday, April 28. If Congress and the Trump administration don’t reach a deal, the government will go into \nshutdown mode\n, which means hundreds of thousands of federal employees will be put on furlough, national parks will be closed, government websites won’t be updated, and so on. This weekend has political significance as well: Saturday, April 29 will be President Trump’s \n100th day\n in office. A government shutdown starting on that day would be fitting for a Trump administration that has \nstruggled\n to accomplish many of its key initiatives, even though historically the start of a presidency is often one of its most \nproductive times\n.'),(838,'http://www.cbsnews.com/news/paul-ryan-suggests-congress-will-delay-border-wall-funding-until-next-year/',122,'Paul Ryan suggests Congress will delay border wall funding until next year - CBS News',0.20616,0.82581,0.79384,'Republican leaders in the \nHouse\n and \nSenate\n have hinted that there is an easy way to avoid a shutdown. In December, a bill authorizing funding through April 28 was passed by large margins in both the House (\n326-96\n) and Senate (\n63-36\n) and \nsigned\n by President Obama, and congressional leaders would like to take the general funding formulas from that provision and extend them through September. That way, with the deadline pushed back, Congress and the Trump administration would have a few months to reconcile Trump’s controversial \nbudget proposal\n with what Democrats and Republicans on Capitol Hill want.'),(839,'http://www.philly.com/philly/news/politics/presidential/Republicans-trying-to-avert-a-government-shutdown-need-Democrats-and-Trump.html',122,'Republicans trying to avert a government shutdown need Democrats â and Trump',0.20616,0.82581,0.79384,'Republican leaders in the \nHouse\n and \nSenate\n have hinted that there is an easy way to avoid a shutdown. In December, a bill authorizing funding through April 28 was passed by large margins in both the House (\n326-96\n) and Senate (\n63-36\n) and \nsigned\n by President Obama, and congressional leaders would like to take the general funding formulas from that provision and extend them through September. That way, with the deadline pushed back, Congress and the Trump administration would have a few months to reconcile Trump’s controversial \nbudget proposal\n with what Democrats and Republicans on Capitol Hill want.'),(840,'http://fortune.com/2016/12/10/us-senate-government-funding-law/',122,'U.S. Senate Passes Funding Bill, Obama Signs Into Law | Fortune.com',0.20616,0.82581,0.79384,'Republican leaders in the \nHouse\n and \nSenate\n have hinted that there is an easy way to avoid a shutdown. In December, a bill authorizing funding through April 28 was passed by large margins in both the House (\n326-96\n) and Senate (\n63-36\n) and \nsigned\n by President Obama, and congressional leaders would like to take the general funding formulas from that provision and extend them through September. That way, with the deadline pushed back, Congress and the Trump administration would have a few months to reconcile Trump’s controversial \nbudget proposal\n with what Democrats and Republicans on Capitol Hill want.'),(841,'http://www.politico.com/story/2017/04/sanctuary-cities-crackdown-government-shutdown-237121',122,'Sanctuary cities crackdown threatens government shutdown - POLITICO',0.36388,0.89563,0.63612,'The Trump administration, aware that this is a must-pass bill, is trying to attach some of the president’s priorities onto it — in effect forcing Congress to adopt them. The administration \nwants to include\n more than $30 billion in new defense and border security spending. That would include more than $1 billion to start building the wall on the U.S.-Mexico border, a core promise of Trump’s campaign. Trump’s team also wants more than $18 billion in cuts to domestic spending, in part to balance out those defense increases. And the administration has \nfloated the idea\n of including provisions in this bill that would strip some federal funding for so-called sanctuary cities, which refuse to aid federal officials in enforcing national immigration law.'),(842,'http://hosted2.ap.org/APDEFAULT/89ae8247abe8493fae24405546e9a1aa/Article_2017-04-20-US--Budget%20Battle/id-4d45284e75f246e59a7b53b47b50f422',122,'Associated Press',0.50482,0.49209,0.49518,'“We want wall funding. We want [immigration] agents. Those are our priorities,” Trump budget director \nMick Mulvaney told the Associated Press\n. “We know there are a lot of people on the Hill, especially in the Democratic Party, who don’t like the wall, but they lost the election. And the president should, I think, at least have the opportunity to fund one of his highest priorities in the first funding bill under his administration.”'),(843,'http://www.politico.com/story/2017/04/sanctuary-cities-crackdown-government-shutdown-237121',122,'Sanctuary cities crackdown threatens government shutdown - POLITICO',0.59725,0.18684,0.40275,'But most Democratic senators are strongly \nopposed to the wall\n and to \npunishing sanctuary cities\n. It is hard to see which eight Democratic senators would vote for these ideas. Even some Republicans in the Senate don’t \nfully support\n the wall, and others are \nwary\n of including funding for the wall in this particular bill, which would complicate its passage.'),(844,'http://www.vox.com/policy-and-politics/2017/3/15/14937546/senate-democrats-government-shutdown-wall',122,'couldn\'t fetch title',0.59725,0.18684,0.40275,'But most Democratic senators are strongly \nopposed to the wall\n and to \npunishing sanctuary cities\n. It is hard to see which eight Democratic senators would vote for these ideas. Even some Republicans in the Senate don’t \nfully support\n the wall, and others are \nwary\n of including funding for the wall in this particular bill, which would complicate its passage.'),(845,'http://thehill.com/homenews/senate/330117-rubio-government-shutdown-would-have-catastrophic-impact-on-global-affairs',122,'Rubio: Shutdown would have \'catastrophic impact\' on global affairs | TheHill',0.59725,0.18684,0.40275,'But most Democratic senators are strongly \nopposed to the wall\n and to \npunishing sanctuary cities\n. It is hard to see which eight Democratic senators would vote for these ideas. Even some Republicans in the Senate don’t \nfully support\n the wall, and others are \nwary\n of including funding for the wall in this particular bill, which would complicate its passage.'),(846,'http://thehill.com/policy/finance/309442-house-wraps-up-work-by-passing-funding-bill',122,'House approves funding bill, but fate in Senate unclear | TheHill',0.13638,0.86665,0.86362,'When the government funding bill was adopted last December, the 96 votes against it came from a bipartisan group: 63 Democrats, some of whom thought it did not include \nenough spending\n, plus 33 Republicans. And if you followed the \nhealth care debate\n, many of the \n33 Republicans\n who voted “no” will be familiar to you, including Michigan’s Justin Amash, Texas’ Louie Gohmert, Idaho’s Raúl Labrador, Kentucky’s Thomas Massie and North Carolina’s Walter Jones. The first three people on that list are known to be members of the \nHouse Freedom Caucus\n, while \nJones and Massie\n are not members but often vote with the Freedom Caucus and against the priorities of House Republican leaders. All five of these \nHouse members were among\n the most vocal Republicans speaking out against the health care bill that Speaker Paul Ryan and President Trump supported.'),(847,'http://www.politico.com/story/2017/04/government-shutdown-house-freedom-caucus-236953',122,'Freedom Caucus chair: Government shutdown isn\'t likely - POLITICO',0.55132,0.40441,0.44868,'So far, members of the Freedom Caucus have \ndownplayed\n talk of a shutdown. But they have \nnot clearly said\n that they are likely to vote for this bill either.'),(848,'http://kff.org/health-reform/issue-brief/explaining-health-care-reform-questions-about-health/',122,'Explaining Health Care Reform: Questions About Health Insurance Subsidies | The Henry J. Kaiser Family Foundation',0.53496,0.81110,0.46504,'Democrats are now \nfloating\n their own request: that Congress fully fund the \ncost-sharing subsidies\n that reduce out-of-pocket expenses for some people using the Affordable Care Act’s health insurance exchanges. Republicans in the House actually \nfiled a lawsuit\n in 2014 to stop these subsidies, which are paid directly by the federal government to insurance companies. \nHouse Republicans said it was illegal\n for the Obama administration to make those payments without an explicit appropriation of money for them from Congress. A federal judge \nruled in favor of the GOP position\n, although that ruling has been put \non hold\n. The Trump administration could \ndecide to stop the subsidies\n, which would \nanger health insurers\n and could cause them to stop participating in Obamacare. (The administration has not yet announced a formal policy.)'),(849,'http://www.latimes.com/nation/la-na-obamacare-court-ruling-20160512-snap-story.html',122,'Federal judge rules Obamacare is being funded unconstitutionally - LA Times',0.53496,0.81110,0.46504,'Democrats are now \nfloating\n their own request: that Congress fully fund the \ncost-sharing subsidies\n that reduce out-of-pocket expenses for some people using the Affordable Care Act’s health insurance exchanges. Republicans in the House actually \nfiled a lawsuit\n in 2014 to stop these subsidies, which are paid directly by the federal government to insurance companies. \nHouse Republicans said it was illegal\n for the Obama administration to make those payments without an explicit appropriation of money for them from Congress. A federal judge \nruled in favor of the GOP position\n, although that ruling has been put \non hold\n. The Trump administration could \ndecide to stop the subsidies\n, which would \nanger health insurers\n and could cause them to stop participating in Obamacare. (The administration has not yet announced a formal policy.)'),(850,'http://www.vox.com/policy-and-politics/2017/4/11/15264008/obamacare-program-csrs-trump',122,'couldn\'t fetch title',0.53496,0.81110,0.46504,'Democrats are now \nfloating\n their own request: that Congress fully fund the \ncost-sharing subsidies\n that reduce out-of-pocket expenses for some people using the Affordable Care Act’s health insurance exchanges. Republicans in the House actually \nfiled a lawsuit\n in 2014 to stop these subsidies, which are paid directly by the federal government to insurance companies. \nHouse Republicans said it was illegal\n for the Obama administration to make those payments without an explicit appropriation of money for them from Congress. A federal judge \nruled in favor of the GOP position\n, although that ruling has been put \non hold\n. The Trump administration could \ndecide to stop the subsidies\n, which would \nanger health insurers\n and could cause them to stop participating in Obamacare. (The administration has not yet announced a formal policy.)'),(851,'http://www.politico.com/story/2017/04/democrats-obamacare-subsidies-fight-donald-trump-237207',122,'Democrats say spending bill must fund Obamacare payments - POLITICO',0.53496,0.81110,0.46504,'Democrats are now \nfloating\n their own request: that Congress fully fund the \ncost-sharing subsidies\n that reduce out-of-pocket expenses for some people using the Affordable Care Act’s health insurance exchanges. Republicans in the House actually \nfiled a lawsuit\n in 2014 to stop these subsidies, which are paid directly by the federal government to insurance companies. \nHouse Republicans said it was illegal\n for the Obama administration to make those payments without an explicit appropriation of money for them from Congress. A federal judge \nruled in favor of the GOP position\n, although that ruling has been put \non hold\n. The Trump administration could \ndecide to stop the subsidies\n, which would \nanger health insurers\n and could cause them to stop participating in Obamacare. (The administration has not yet announced a formal policy.)'),(852,'http://www.politico.com/story/2017/04/democrats-obamacare-subsidies-fight-donald-trump-237207',122,'Democrats say spending bill must fund Obamacare payments - POLITICO',0.59324,0.21441,0.40676,'So Democrats want \nspecific funding\n in this bill for those subsidies, which would placate insurers and presumably bring an end to the lawsuit. It’s hard to imagine congressional Republicans and Trump adopting any provision that supports Obamacare, but if Republicans need a large number of Democratic votes to get this funding bill through Congress, some Democratic ideas may get a hearing.'),(853,'http://www.washingtontimes.com/news/2017/apr/2/mitch-mcconnell-confident-government-will-not-shut/',122,'Mitch McConnell \'very confident\' government will not shut down - Washington Times',0.39392,0.80064,0.60608,'So will there be a shutdown? Right now, key figures in both parties, like Senate Majority Leader \nMitch McConnell\n and Senate Minority Leader \nChuck Schumer\n, are downplaying the possibility. And Congress has a lot of options it could use to avoid the worst outcomes, such as passing short (like a few days or weeks) extensions of government funding under existing law. That said, there was a \n16-day shutdown\n in 2013, even as the country was led by a fairly traditional president. Now, House Republicans are \ndeeply divided\n; the Senate still includes figures like Ted Cruz, who was instrumental in \npushing for the shutdown\n four years ago; Trump is president and more unpredictable than Obama; and Mulvaney, one of the \nfounding members\n of the Freedom Caucus, is a senior White House official. Anything could happen.'),(854,'http://www.cnn.com/2017/04/18/politics/chuck-schumer-government-shutdown-tax-returns/',122,'Schumer upbeat on funding deal, blasts Trump on tax returns  - CNNPolitics.com',0.39392,0.80064,0.60608,'So will there be a shutdown? Right now, key figures in both parties, like Senate Majority Leader \nMitch McConnell\n and Senate Minority Leader \nChuck Schumer\n, are downplaying the possibility. And Congress has a lot of options it could use to avoid the worst outcomes, such as passing short (like a few days or weeks) extensions of government funding under existing law. That said, there was a \n16-day shutdown\n in 2013, even as the country was led by a fairly traditional president. Now, House Republicans are \ndeeply divided\n; the Senate still includes figures like Ted Cruz, who was instrumental in \npushing for the shutdown\n four years ago; Trump is president and more unpredictable than Obama; and Mulvaney, one of the \nfounding members\n of the Freedom Caucus, is a senior White House official. Anything could happen.'),(855,'http://abcnews.go.com/Politics/heres-happened-time-government-shut/story?id=26997023',122,'Here’s What Happened the Last Time the Government Shut Down - ABC News',0.39392,0.80064,0.60608,'So will there be a shutdown? Right now, key figures in both parties, like Senate Majority Leader \nMitch McConnell\n and Senate Minority Leader \nChuck Schumer\n, are downplaying the possibility. And Congress has a lot of options it could use to avoid the worst outcomes, such as passing short (like a few days or weeks) extensions of government funding under existing law. That said, there was a \n16-day shutdown\n in 2013, even as the country was led by a fairly traditional president. Now, House Republicans are \ndeeply divided\n; the Senate still includes figures like Ted Cruz, who was instrumental in \npushing for the shutdown\n four years ago; Trump is president and more unpredictable than Obama; and Mulvaney, one of the \nfounding members\n of the Freedom Caucus, is a senior White House official. Anything could happen.'),(856,'http://jordan.house.gov/news/documentsingle.aspx?DocumentID=397889',122,'\r\n	House Republicans form House Freedom Caucus - Congressman Jim Jordan\r\n',0.39392,0.80064,0.60608,'So will there be a shutdown? Right now, key figures in both parties, like Senate Majority Leader \nMitch McConnell\n and Senate Minority Leader \nChuck Schumer\n, are downplaying the possibility. And Congress has a lot of options it could use to avoid the worst outcomes, such as passing short (like a few days or weeks) extensions of government funding under existing law. That said, there was a \n16-day shutdown\n in 2013, even as the country was led by a fairly traditional president. Now, House Republicans are \ndeeply divided\n; the Senate still includes figures like Ted Cruz, who was instrumental in \npushing for the shutdown\n four years ago; Trump is president and more unpredictable than Obama; and Mulvaney, one of the \nfounding members\n of the Freedom Caucus, is a senior White House official. Anything could happen.'),(857,'https://fivethirtyeight.com/features/how-trump-lost-on-health-care/',122,'How Trump Lost On Health Care | FiveThirtyEight',0.25192,0.86070,0.74808,'Funding for the U.S. government \nexpires\n at 11:59 p.m. EDT this Friday, April 28. If Congress and the Trump administration don’t reach a deal, the government will go into \nshutdown mode\n, which means hundreds of thousands of federal employees will be put on furlough, national parks will be closed, government websites won’t be updated, and so on. This weekend has political significance as well: Saturday, April 29 will be President Trump’s \n100th day\n in office. A government shutdown starting on that day would be fitting for a Trump administration that has \nstruggled\n to accomplish many of its key initiatives, even though historically the start of a presidency is often one of its most \nproductive times\n.'),(858,'https://fivethirtyeight.com/features/a-presidents-first-100-days-really-do-matter/',122,'A President’s First 100 Days Really Do Matter | FiveThirtyEight',0.25192,0.86070,0.74808,'Funding for the U.S. government \nexpires\n at 11:59 p.m. EDT this Friday, April 28. If Congress and the Trump administration don’t reach a deal, the government will go into \nshutdown mode\n, which means hundreds of thousands of federal employees will be put on furlough, national parks will be closed, government websites won’t be updated, and so on. This weekend has political significance as well: Saturday, April 29 will be President Trump’s \n100th day\n in office. A government shutdown starting on that day would be fitting for a Trump administration that has \nstruggled\n to accomplish many of its key initiatives, even though historically the start of a presidency is often one of its most \nproductive times\n.'),(859,'https://www.govtrack.us/congress/votes/114-2016/h620',122,'H.R. 2028: Energy and Water Development and Related Agencies Appropriations Act, 2017 -- GovTrack.us',0.20616,0.82581,0.79384,'Republican leaders in the \nHouse\n and \nSenate\n have hinted that there is an easy way to avoid a shutdown. In December, a bill authorizing funding through April 28 was passed by large margins in both the House (\n326-96\n) and Senate (\n63-36\n) and \nsigned\n by President Obama, and congressional leaders would like to take the general funding formulas from that provision and extend them through September. That way, with the deadline pushed back, Congress and the Trump administration would have a few months to reconcile Trump’s controversial \nbudget proposal\n with what Democrats and Republicans on Capitol Hill want.'),(860,'https://www.appropriations.senate.gov/news/majority/cochran-supports-senate-passage-of-continuing-resolution',122,'Majority News Release | Majority News Releases | News | United States Senate Committee on Appropriations',0.20616,0.82581,0.79384,'Republican leaders in the \nHouse\n and \nSenate\n have hinted that there is an easy way to avoid a shutdown. In December, a bill authorizing funding through April 28 was passed by large margins in both the House (\n326-96\n) and Senate (\n63-36\n) and \nsigned\n by President Obama, and congressional leaders would like to take the general funding formulas from that provision and extend them through September. That way, with the deadline pushed back, Congress and the Trump administration would have a few months to reconcile Trump’s controversial \nbudget proposal\n with what Democrats and Republicans on Capitol Hill want.'),(861,'https://fivethirtyeight.com/features/what-trumps-budget-says-about-his-priorities/',122,'What Trump’s Budget Says About His Priorities | FiveThirtyEight',0.20616,0.82581,0.79384,'Republican leaders in the \nHouse\n and \nSenate\n have hinted that there is an easy way to avoid a shutdown. In December, a bill authorizing funding through April 28 was passed by large margins in both the House (\n326-96\n) and Senate (\n63-36\n) and \nsigned\n by President Obama, and congressional leaders would like to take the general funding formulas from that provision and extend them through September. That way, with the deadline pushed back, Congress and the Trump administration would have a few months to reconcile Trump’s controversial \nbudget proposal\n with what Democrats and Republicans on Capitol Hill want.'),(862,'https://www.washingtonpost.com/powerpost/senate-republicans-show-resistance-to-trump-suggested-cuts-in-spending-measure/2017/03/28/ce3b97d0-13dc-11e7-ada0-1489b735b3a3_story.html?utm_term=.14400ab930d2',122,' Trump wants to add wall spending to stopgap budget bill, potentially forcing shutdown showdown - The Washington Post',0.62478,0.57656,0.37522,'But at least three groups in Washington could derail this approach. And in one sense, getting this bill through Congress is even harder than passing health care reform. Government funding bills can be filibustered, so this legislation needs not only 216 votes (a simple majority) in the House, but also \n60\n votes (a three-fifths majority) in the Senate, meaning at least eight Democrats must back it.'),(863,'https://www.washingtonpost.com/powerpost/senate-republicans-show-resistance-to-trump-suggested-cuts-in-spending-measure/2017/03/28/ce3b97d0-13dc-11e7-ada0-1489b735b3a3_story.html?utm_term=.5213a66238ab',122,' Trump wants to add wall spending to stopgap budget bill, potentially forcing shutdown showdown - The Washington Post',0.36388,0.89563,0.63612,'The Trump administration, aware that this is a must-pass bill, is trying to attach some of the president’s priorities onto it — in effect forcing Congress to adopt them. The administration \nwants to include\n more than $30 billion in new defense and border security spending. That would include more than $1 billion to start building the wall on the U.S.-Mexico border, a core promise of Trump’s campaign. Trump’s team also wants more than $18 billion in cuts to domestic spending, in part to balance out those defense increases. And the administration has \nfloated the idea\n of including provisions in this bill that would strip some federal funding for so-called sanctuary cities, which refuse to aid federal officials in enforcing national immigration law.'),(864,'https://www.washingtonpost.com/news/powerpost/wp/2017/03/13/senate-democrats-prepare-for-spring-battle-over-trumps-border-wall/?utm_term=.efb95a317347',122,' Senate Democrats prepare for spring battle over Trump’s border wall - The Washington Post',0.59725,0.18684,0.40275,'But most Democratic senators are strongly \nopposed to the wall\n and to \npunishing sanctuary cities\n. It is hard to see which eight Democratic senators would vote for these ideas. Even some Republicans in the Senate don’t \nfully support\n the wall, and others are \nwary\n of including funding for the wall in this particular bill, which would complicate its passage.'),(865,'https://fivethirtyeight.com/features/there-may-be-22-house-republicans-ready-to-sink-the-gop-health-care-bill/',122,'There May Be 22 House Republicans Ready To Sink The GOP Health Care Bill | FiveThirtyEight',0.13638,0.86665,0.86362,'When the government funding bill was adopted last December, the 96 votes against it came from a bipartisan group: 63 Democrats, some of whom thought it did not include \nenough spending\n, plus 33 Republicans. And if you followed the \nhealth care debate\n, many of the \n33 Republicans\n who voted “no” will be familiar to you, including Michigan’s Justin Amash, Texas’ Louie Gohmert, Idaho’s Raúl Labrador, Kentucky’s Thomas Massie and North Carolina’s Walter Jones. The first three people on that list are known to be members of the \nHouse Freedom Caucus\n, while \nJones and Massie\n are not members but often vote with the Freedom Caucus and against the priorities of House Republican leaders. All five of these \nHouse members were among\n the most vocal Republicans speaking out against the health care bill that Speaker Paul Ryan and President Trump supported.'),(866,'https://www.govtrack.us/congress/votes/114-2016/h620',122,'H.R. 2028: Energy and Water Development and Related Agencies Appropriations Act, 2017 -- GovTrack.us',0.13638,0.86665,0.86362,'When the government funding bill was adopted last December, the 96 votes against it came from a bipartisan group: 63 Democrats, some of whom thought it did not include \nenough spending\n, plus 33 Republicans. And if you followed the \nhealth care debate\n, many of the \n33 Republicans\n who voted “no” will be familiar to you, including Michigan’s Justin Amash, Texas’ Louie Gohmert, Idaho’s Raúl Labrador, Kentucky’s Thomas Massie and North Carolina’s Walter Jones. The first three people on that list are known to be members of the \nHouse Freedom Caucus\n, while \nJones and Massie\n are not members but often vote with the Freedom Caucus and against the priorities of House Republican leaders. All five of these \nHouse members were among\n the most vocal Republicans speaking out against the health care bill that Speaker Paul Ryan and President Trump supported.'),(867,'https://fivethirtyeight.com/features/should-the-freedom-caucus-be-afraid-of-donald-trump/',122,'Should The Freedom Caucus Be Afraid Of Donald Trump? | FiveThirtyEight',0.13638,0.86665,0.86362,'When the government funding bill was adopted last December, the 96 votes against it came from a bipartisan group: 63 Democrats, some of whom thought it did not include \nenough spending\n, plus 33 Republicans. And if you followed the \nhealth care debate\n, many of the \n33 Republicans\n who voted “no” will be familiar to you, including Michigan’s Justin Amash, Texas’ Louie Gohmert, Idaho’s Raúl Labrador, Kentucky’s Thomas Massie and North Carolina’s Walter Jones. The first three people on that list are known to be members of the \nHouse Freedom Caucus\n, while \nJones and Massie\n are not members but often vote with the Freedom Caucus and against the priorities of House Republican leaders. All five of these \nHouse members were among\n the most vocal Republicans speaking out against the health care bill that Speaker Paul Ryan and President Trump supported.'),(868,'https://fivethirtyeight.com/features/there-may-be-22-house-republicans-ready-to-sink-the-gop-health-care-bill/',122,'There May Be 22 House Republicans Ready To Sink The GOP Health Care Bill | FiveThirtyEight',0.13638,0.86665,0.86362,'When the government funding bill was adopted last December, the 96 votes against it came from a bipartisan group: 63 Democrats, some of whom thought it did not include \nenough spending\n, plus 33 Republicans. And if you followed the \nhealth care debate\n, many of the \n33 Republicans\n who voted “no” will be familiar to you, including Michigan’s Justin Amash, Texas’ Louie Gohmert, Idaho’s Raúl Labrador, Kentucky’s Thomas Massie and North Carolina’s Walter Jones. The first three people on that list are known to be members of the \nHouse Freedom Caucus\n, while \nJones and Massie\n are not members but often vote with the Freedom Caucus and against the priorities of House Republican leaders. All five of these \nHouse members were among\n the most vocal Republicans speaking out against the health care bill that Speaker Paul Ryan and President Trump supported.'),(869,'https://fivethirtyeight.com/features/how-trump-lost-on-health-care/',122,'How Trump Lost On Health Care | FiveThirtyEight',0.13638,0.86665,0.86362,'When the government funding bill was adopted last December, the 96 votes against it came from a bipartisan group: 63 Democrats, some of whom thought it did not include \nenough spending\n, plus 33 Republicans. And if you followed the \nhealth care debate\n, many of the \n33 Republicans\n who voted “no” will be familiar to you, including Michigan’s Justin Amash, Texas’ Louie Gohmert, Idaho’s Raúl Labrador, Kentucky’s Thomas Massie and North Carolina’s Walter Jones. The first three people on that list are known to be members of the \nHouse Freedom Caucus\n, while \nJones and Massie\n are not members but often vote with the Freedom Caucus and against the priorities of House Republican leaders. All five of these \nHouse members were among\n the most vocal Republicans speaking out against the health care bill that Speaker Paul Ryan and President Trump supported.'),(870,'https://www.washingtonpost.com/powerpost/with-a-deadline-looming-nobody-is-threatening-to-shut-down-the-government/2017/04/09/d68789ee-1a17-11e7-bcc2-7d1a0973e7b2_story.html?utm_term=.b765196fab5b',122,' With a deadline looming, nobody is threatening to shut down the government - The Washington Post',0.55132,0.40441,0.44868,'So far, members of the Freedom Caucus have \ndownplayed\n talk of a shutdown. But they have \nnot clearly said\n that they are likely to vote for this bill either.'),(871,'https://fivethirtyeight.com/features/should-the-freedom-caucus-be-afraid-of-donald-trump/',122,'Should The Freedom Caucus Be Afraid Of Donald Trump? | FiveThirtyEight',0.61370,0.75393,0.38630,'There are 237 Republicans in the House, and, because that chamber has five vacancies, it would take 216 votes to pass a bill right now. So if more than 21 House Republicans refuse to support the funding bill, it will either fail or need Democratic votes to pass. The \nFreedom Caucus\n, which does not publicly release its membership rolls, includes about 30 people, which is enough to tank the bill if they vote en masse against it.'),(872,'https://www.nytimes.com/aponline/2017/04/13/us/politics/ap-us-congress-spending.html?_r=0',122,'Democrats Seek to Resolve Health Payments on Spending Bill - The New York Times',0.53496,0.81110,0.46504,'Democrats are now \nfloating\n their own request: that Congress fully fund the \ncost-sharing subsidies\n that reduce out-of-pocket expenses for some people using the Affordable Care Act’s health insurance exchanges. Republicans in the House actually \nfiled a lawsuit\n in 2014 to stop these subsidies, which are paid directly by the federal government to insurance companies. \nHouse Republicans said it was illegal\n for the Obama administration to make those payments without an explicit appropriation of money for them from Congress. A federal judge \nruled in favor of the GOP position\n, although that ruling has been put \non hold\n. The Trump administration could \ndecide to stop the subsidies\n, which would \nanger health insurers\n and could cause them to stop participating in Obamacare. (The administration has not yet announced a formal policy.)'),(873,'https://www.washingtonpost.com/national/health-science/trump-could-quickly-doom-aca-cost-sharing-subsidies-for-millions-of-americans/2016/12/21/05349066-c2fc-11e6-9a51-cd56ea1c2bb7_story.html?utm_term=.a9251b44da65',122,' Trump could quickly doom ACA cost-sharing subsidies for millions of Americans - The Washington Post',0.53496,0.81110,0.46504,'Democrats are now \nfloating\n their own request: that Congress fully fund the \ncost-sharing subsidies\n that reduce out-of-pocket expenses for some people using the Affordable Care Act’s health insurance exchanges. Republicans in the House actually \nfiled a lawsuit\n in 2014 to stop these subsidies, which are paid directly by the federal government to insurance companies. \nHouse Republicans said it was illegal\n for the Obama administration to make those payments without an explicit appropriation of money for them from Congress. A federal judge \nruled in favor of the GOP position\n, although that ruling has been put \non hold\n. The Trump administration could \ndecide to stop the subsidies\n, which would \nanger health insurers\n and could cause them to stop participating in Obamacare. (The administration has not yet announced a formal policy.)'),(874,'https://www.bloomberg.com/politics/articles/2016-05-12/u-s-court-rules-some-obamacare-funding-isn-t-legal',122,'Some Obamacare Funding Deemed Illegal by D.C. Federal Judge - Bloomberg',0.53496,0.81110,0.46504,'Democrats are now \nfloating\n their own request: that Congress fully fund the \ncost-sharing subsidies\n that reduce out-of-pocket expenses for some people using the Affordable Care Act’s health insurance exchanges. Republicans in the House actually \nfiled a lawsuit\n in 2014 to stop these subsidies, which are paid directly by the federal government to insurance companies. \nHouse Republicans said it was illegal\n for the Obama administration to make those payments without an explicit appropriation of money for them from Congress. A federal judge \nruled in favor of the GOP position\n, although that ruling has been put \non hold\n. The Trump administration could \ndecide to stop the subsidies\n, which would \nanger health insurers\n and could cause them to stop participating in Obamacare. (The administration has not yet announced a formal policy.)'),(875,'https://www.bloomberg.com/politics/articles/2016-05-12/u-s-court-rules-some-obamacare-funding-isn-t-legal',122,'Some Obamacare Funding Deemed Illegal by D.C. Federal Judge - Bloomberg',0.53496,0.81110,0.46504,'Democrats are now \nfloating\n their own request: that Congress fully fund the \ncost-sharing subsidies\n that reduce out-of-pocket expenses for some people using the Affordable Care Act’s health insurance exchanges. Republicans in the House actually \nfiled a lawsuit\n in 2014 to stop these subsidies, which are paid directly by the federal government to insurance companies. \nHouse Republicans said it was illegal\n for the Obama administration to make those payments without an explicit appropriation of money for them from Congress. A federal judge \nruled in favor of the GOP position\n, although that ruling has been put \non hold\n. The Trump administration could \ndecide to stop the subsidies\n, which would \nanger health insurers\n and could cause them to stop participating in Obamacare. (The administration has not yet announced a formal policy.)'),(876,'https://www.yahoo.com/news/house-divided-republican-rift-threatens-trump-agenda-062820029.html',122,'A House divided: Republican rift threatens Trump agenda',0.39392,0.80064,0.60608,'So will there be a shutdown? Right now, key figures in both parties, like Senate Majority Leader \nMitch McConnell\n and Senate Minority Leader \nChuck Schumer\n, are downplaying the possibility. And Congress has a lot of options it could use to avoid the worst outcomes, such as passing short (like a few days or weeks) extensions of government funding under existing law. That said, there was a \n16-day shutdown\n in 2013, even as the country was led by a fairly traditional president. Now, House Republicans are \ndeeply divided\n; the Senate still includes figures like Ted Cruz, who was instrumental in \npushing for the shutdown\n four years ago; Trump is president and more unpredictable than Obama; and Mulvaney, one of the \nfounding members\n of the Freedom Caucus, is a senior White House official. Anything could happen.'),(877,'https://www.washingtonpost.com/politics/how-cruzs-plan-to-defund-obamacare-failed--and-what-it-achieved/2016/02/16/4e2ce116-c6cb-11e5-8965-0607e0e265ce_story.html?utm_term=.5e2add39367f',122,' For Ted Cruz, the 2013 shutdown was a defining moment - The Washington Post',0.39392,0.80064,0.60608,'So will there be a shutdown? Right now, key figures in both parties, like Senate Majority Leader \nMitch McConnell\n and Senate Minority Leader \nChuck Schumer\n, are downplaying the possibility. And Congress has a lot of options it could use to avoid the worst outcomes, such as passing short (like a few days or weeks) extensions of government funding under existing law. That said, there was a \n16-day shutdown\n in 2013, even as the country was led by a fairly traditional president. Now, House Republicans are \ndeeply divided\n; the Senate still includes figures like Ted Cruz, who was instrumental in \npushing for the shutdown\n four years ago; Trump is president and more unpredictable than Obama; and Mulvaney, one of the \nfounding members\n of the Freedom Caucus, is a senior White House official. Anything could happen.');
/*!40000 ALTER TABLE `biasapp_url` ENABLE KEYS */;
UNLOCK TABLES;

--
-- Table structure for table `django_admin_log`
--

DROP TABLE IF EXISTS `django_admin_log`;
/*!40101 SET @saved_cs_client     = @@character_set_client */;
/*!40101 SET character_set_client = utf8 */;
CREATE TABLE `django_admin_log` (
  `id` int(11) NOT NULL AUTO_INCREMENT,
  `action_time` datetime(6) NOT NULL,
  `object_id` longtext,
  `object_repr` varchar(200) NOT NULL,
  `action_flag` smallint(5) unsigned NOT NULL,
  `change_message` longtext NOT NULL,
  `content_type_id` int(11) DEFAULT NULL,
  `user_id` int(11) NOT NULL,
  PRIMARY KEY (`id`),
  KEY `django_admin__content_type_id_c4bce8eb_fk_django_content_type_id` (`content_type_id`),
  KEY `django_admin_log_user_id_c564eba6_fk_auth_user_id` (`user_id`),
  CONSTRAINT `django_admin__content_type_id_c4bce8eb_fk_django_content_type_id` FOREIGN KEY (`content_type_id`) REFERENCES `django_content_type` (`id`),
  CONSTRAINT `django_admin_log_user_id_c564eba6_fk_auth_user_id` FOREIGN KEY (`user_id`) REFERENCES `auth_user` (`id`)
) ENGINE=InnoDB AUTO_INCREMENT=17 DEFAULT CHARSET=utf8;
/*!40101 SET character_set_client = @saved_cs_client */;

--
-- Dumping data for table `django_admin_log`
--

LOCK TABLES `django_admin_log` WRITE;
/*!40000 ALTER TABLE `django_admin_log` DISABLE KEYS */;
INSERT INTO `django_admin_log` VALUES (1,'2017-03-26 05:30:42.183561','40','Url object',3,'',8,2),(2,'2017-03-26 05:30:42.233594','39','Url object',3,'',8,2),(3,'2017-03-26 05:30:42.301640','38','Url object',3,'',8,2),(4,'2017-03-26 05:30:42.406710','37','Url object',3,'',8,2),(5,'2017-03-26 05:30:42.447237','36','Url object',3,'',8,2),(6,'2017-03-26 05:30:42.516284','35','Url object',3,'',8,2),(7,'2017-03-26 05:30:42.562814','33','Url object',3,'',8,2),(8,'2017-03-26 05:30:42.639866','32','Url object',3,'',8,2),(9,'2017-03-26 05:30:42.678185','31','Url object',3,'',8,2),(10,'2017-03-26 05:30:42.719743','30','Url object',3,'',8,2),(11,'2017-04-01 05:44:43.929368','27','Articles object',2,'[{\"changed\": {\"fields\": [\"website\"]}}]',1,2),(12,'2017-04-01 05:44:49.784937','28','Articles object',2,'[{\"changed\": {\"fields\": [\"website\"]}}]',1,2),(13,'2017-04-01 05:45:01.472360','40','Articles object',2,'[{\"changed\": {\"fields\": [\"website\"]}}]',1,2),(14,'2017-04-01 05:45:08.225764','42','Articles object',2,'[{\"changed\": {\"fields\": [\"website\", \"title\"]}}]',1,2),(15,'2017-04-01 05:45:23.593877','41','Articles object',2,'[{\"changed\": {\"fields\": [\"website\"]}}]',1,2),(16,'2017-04-01 08:53:47.491703','73','Articles object',2,'[{\"changed\": {\"fields\": [\"website\"]}}]',1,2);
/*!40000 ALTER TABLE `django_admin_log` ENABLE KEYS */;
UNLOCK TABLES;

--
-- Table structure for table `django_content_type`
--

DROP TABLE IF EXISTS `django_content_type`;
/*!40101 SET @saved_cs_client     = @@character_set_client */;
/*!40101 SET character_set_client = utf8 */;
CREATE TABLE `django_content_type` (
  `id` int(11) NOT NULL AUTO_INCREMENT,
  `app_label` varchar(100) NOT NULL,
  `model` varchar(100) NOT NULL,
  PRIMARY KEY (`id`),
  UNIQUE KEY `django_content_type_app_label_76bd3d3b_uniq` (`app_label`,`model`)
) ENGINE=InnoDB AUTO_INCREMENT=10 DEFAULT CHARSET=utf8;
/*!40101 SET character_set_client = @saved_cs_client */;

--
-- Dumping data for table `django_content_type`
--

LOCK TABLES `django_content_type` WRITE;
/*!40000 ALTER TABLE `django_content_type` DISABLE KEYS */;
INSERT INTO `django_content_type` VALUES (2,'admin','logentry'),(5,'auth','group'),(3,'auth','permission'),(4,'auth','user'),(1,'biasapp','articles'),(9,'biasapp','similararticle'),(8,'biasapp','url'),(6,'contenttypes','contenttype'),(7,'sessions','session');
/*!40000 ALTER TABLE `django_content_type` ENABLE KEYS */;
UNLOCK TABLES;

--
-- Table structure for table `django_migrations`
--

DROP TABLE IF EXISTS `django_migrations`;
/*!40101 SET @saved_cs_client     = @@character_set_client */;
/*!40101 SET character_set_client = utf8 */;
CREATE TABLE `django_migrations` (
  `id` int(11) NOT NULL AUTO_INCREMENT,
  `app` varchar(255) NOT NULL,
  `name` varchar(255) NOT NULL,
  `applied` datetime(6) NOT NULL,
  PRIMARY KEY (`id`)
) ENGINE=InnoDB AUTO_INCREMENT=44 DEFAULT CHARSET=utf8;
/*!40101 SET character_set_client = @saved_cs_client */;

--
-- Dumping data for table `django_migrations`
--

LOCK TABLES `django_migrations` WRITE;
/*!40000 ALTER TABLE `django_migrations` DISABLE KEYS */;
INSERT INTO `django_migrations` VALUES (1,'contenttypes','0001_initial','2017-03-07 19:51:52.329021'),(2,'auth','0001_initial','2017-03-07 19:52:02.259972'),(3,'admin','0001_initial','2017-03-07 19:52:05.354593'),(4,'admin','0002_logentry_remove_auto_add','2017-03-07 19:52:05.428810'),(5,'contenttypes','0002_remove_content_type_name','2017-03-07 19:52:07.119223'),(6,'auth','0002_alter_permission_name_max_length','2017-03-07 19:52:08.196873'),(7,'auth','0003_alter_user_email_max_length','2017-03-07 19:52:10.713861'),(8,'auth','0004_alter_user_username_opts','2017-03-07 19:52:10.827845'),(9,'auth','0005_alter_user_last_login_null','2017-03-07 19:52:11.632807'),(10,'auth','0006_require_contenttypes_0002','2017-03-07 19:52:11.710934'),(11,'auth','0007_alter_validators_add_error_messages','2017-03-07 19:52:11.783869'),(12,'auth','0008_alter_user_username_max_length','2017-03-07 19:52:12.718878'),(13,'biasapp','0001_initial','2017-03-07 19:52:14.075374'),(14,'biasapp','0002_articles_title','2017-03-07 19:52:14.723578'),(15,'biasapp','0003_auto_20170303_1817','2017-03-07 19:52:15.555055'),(16,'biasapp','0004_remove_articles_title','2017-03-07 19:52:16.341554'),(17,'biasapp','0005_articles_title','2017-03-07 19:52:17.268975'),(18,'sessions','0001_initial','2017-03-07 19:52:17.961038'),(19,'biasapp','0006_articles_links','2017-03-15 02:59:35.654423'),(20,'biasapp','0007_auto_20170315_0343','2017-03-15 03:43:25.741918'),(21,'biasapp','0008_url_title','2017-03-15 04:24:03.325692'),(22,'biasapp','0009_auto_20170326_0512','2017-03-26 05:58:07.036903'),(23,'biasapp','0010_auto_20170326_0514','2017-03-26 05:58:07.109192'),(24,'biasapp','0011_auto_20170326_0521','2017-03-26 05:58:07.150912'),(25,'biasapp','0012_auto_20170326_0527','2017-03-26 05:58:07.199813'),(26,'biasapp','0013_auto_20170326_0530','2017-03-26 05:58:07.241430'),(27,'biasapp','0014_auto_20170326_0531','2017-03-26 05:58:07.287474'),(28,'biasapp','0015_auto_20170326_0533','2017-03-26 05:58:07.372536'),(29,'biasapp','0016_auto_20170326_0541','2017-03-26 05:58:07.443556'),(30,'biasapp','0017_auto_20170326_0551','2017-03-26 05:58:07.505876'),(31,'biasapp','0018_auto_20170326_0558','2017-03-26 05:58:38.660347'),(32,'biasapp','0019_auto_20170326_0601','2017-03-26 06:01:38.827626'),(33,'biasapp','0020_auto_20170327_0232','2017-03-27 02:32:16.405739'),(34,'biasapp','0021_auto_20170327_1432','2017-03-27 14:32:57.718656'),(35,'biasapp','0022_articles_total_links','2017-03-27 14:36:50.247871'),(36,'biasapp','0023_articles_self_reference','2017-03-27 14:38:38.062062'),(37,'biasapp','0024_auto_20170327_1440','2017-03-27 14:40:58.986509'),(38,'biasapp','0025_auto_20170327_1754','2017-03-27 17:54:14.922355'),(39,'biasapp','0026_articles_website','2017-03-31 19:12:39.878712'),(40,'biasapp','0027_auto_20170401_0722','2017-04-01 07:23:04.188376'),(41,'biasapp','0028_articles_posted_on','2017-04-10 16:20:04.140152'),(42,'biasapp','0029_similararticle','2017-04-25 11:05:30.740622'),(43,'biasapp','0030_auto_20170425_1124','2017-04-25 11:25:03.547849');
/*!40000 ALTER TABLE `django_migrations` ENABLE KEYS */;
UNLOCK TABLES;

--
-- Table structure for table `django_session`
--

DROP TABLE IF EXISTS `django_session`;
/*!40101 SET @saved_cs_client     = @@character_set_client */;
/*!40101 SET character_set_client = utf8 */;
CREATE TABLE `django_session` (
  `session_key` varchar(40) NOT NULL,
  `session_data` longtext NOT NULL,
  `expire_date` datetime(6) NOT NULL,
  PRIMARY KEY (`session_key`),
  KEY `django_session_de54fa62` (`expire_date`)
) ENGINE=InnoDB DEFAULT CHARSET=utf8;
/*!40101 SET character_set_client = @saved_cs_client */;

--
-- Dumping data for table `django_session`
--

LOCK TABLES `django_session` WRITE;
/*!40000 ALTER TABLE `django_session` DISABLE KEYS */;
INSERT INTO `django_session` VALUES ('18mn3gxnu7n4eqmi3y9t3yygpt2k1x4z','N2Q5N2ZkY2JjZThhNDYwYTljMjFhY2I5NGE5ZDYzMTA1NjAzZjc4MDp7Il9hdXRoX3VzZXJfYmFja2VuZCI6ImRqYW5nby5jb250cmliLmF1dGguYmFja2VuZHMuTW9kZWxCYWNrZW5kIiwiX2F1dGhfdXNlcl9pZCI6IjIiLCJfYXV0aF91c2VyX2hhc2giOiIyNDM1YzMzMmY0YTI5YmJmZTNmMWU4NWI5ZTEwY2UwNjRmMDY4NWE0In0=','2017-04-15 05:43:55.740755'),('3susdjv2r3nb5qjy9h2n4wkc2wl121ok','N2Q5N2ZkY2JjZThhNDYwYTljMjFhY2I5NGE5ZDYzMTA1NjAzZjc4MDp7Il9hdXRoX3VzZXJfYmFja2VuZCI6ImRqYW5nby5jb250cmliLmF1dGguYmFja2VuZHMuTW9kZWxCYWNrZW5kIiwiX2F1dGhfdXNlcl9pZCI6IjIiLCJfYXV0aF91c2VyX2hhc2giOiIyNDM1YzMzMmY0YTI5YmJmZTNmMWU4NWI5ZTEwY2UwNjRmMDY4NWE0In0=','2017-04-09 05:17:39.813583'),('5ddy1bbskxm54g6yhhzk3aeew38mr7li','Mjg1YTYyMTY5MDg5NjBjN2ZiZjRmNzk5YTU2NmZhMDBkMjU2Mzc2Zjp7Il9hdXRoX3VzZXJfYmFja2VuZCI6ImRqYW5nby5jb250cmliLmF1dGguYmFja2VuZHMuTW9kZWxCYWNrZW5kIiwiX2F1dGhfdXNlcl9oYXNoIjoiMjQzNWMzMzJmNGEyOWJiZmUzZjFlODViOWUxMGNlMDY0ZjA2ODVhNCIsIl9hdXRoX3VzZXJfaWQiOiIyIn0=','2017-04-24 03:29:07.024306'),('6203evkh20doczrtljezofoct0kav5dz','ZjVlNGYyZTE2OWY2YzM2YTY5ZWUzNTBmZjlmNWY1NzMyOWVlMDZlZDp7Il9hdXRoX3VzZXJfaWQiOiIyIiwiX2F1dGhfdXNlcl9iYWNrZW5kIjoiZGphbmdvLmNvbnRyaWIuYXV0aC5iYWNrZW5kcy5Nb2RlbEJhY2tlbmQiLCJfYXV0aF91c2VyX2hhc2giOiIyNDM1YzMzMmY0YTI5YmJmZTNmMWU4NWI5ZTEwY2UwNjRmMDY4NWE0In0=','2017-04-12 03:47:09.744622'),('67xq5xhb5wjq7rkerx34a7wgurn4et1t','NzZiYWY1ZTA3YjZhOTFjNWEwOGRhOTM5NDBhOTI5NDEwMGI3NmViZTp7Il9hdXRoX3VzZXJfaGFzaCI6IjI0MzVjMzMyZjRhMjliYmZlM2YxZTg1YjllMTBjZTA2NGYwNjg1YTQiLCJfYXV0aF91c2VyX2JhY2tlbmQiOiJkamFuZ28uY29udHJpYi5hdXRoLmJhY2tlbmRzLk1vZGVsQmFja2VuZCIsIl9hdXRoX3VzZXJfaWQiOiIyIn0=','2017-04-10 14:44:40.022447'),('b4nx7qufvxlmftbbtf9k4gi5ss4cwsn4','NzZiYWY1ZTA3YjZhOTFjNWEwOGRhOTM5NDBhOTI5NDEwMGI3NmViZTp7Il9hdXRoX3VzZXJfaGFzaCI6IjI0MzVjMzMyZjRhMjliYmZlM2YxZTg1YjllMTBjZTA2NGYwNjg1YTQiLCJfYXV0aF91c2VyX2JhY2tlbmQiOiJkamFuZ28uY29udHJpYi5hdXRoLmJhY2tlbmRzLk1vZGVsQmFja2VuZCIsIl9hdXRoX3VzZXJfaWQiOiIyIn0=','2017-03-21 19:58:38.338781'),('cdy634ixa1lc46h3836zgoe20t9jt1zg','ZDQyNDdhODBkZGE0MzEzZjBlOTdhYWJjNzk5NjEzZWZkYjVhODJhYzp7Il9hdXRoX3VzZXJfaGFzaCI6IjI0MzVjMzMyZjRhMjliYmZlM2YxZTg1YjllMTBjZTA2NGYwNjg1YTQiLCJfYXV0aF91c2VyX2lkIjoiMiIsIl9hdXRoX3VzZXJfYmFja2VuZCI6ImRqYW5nby5jb250cmliLmF1dGguYmFja2VuZHMuTW9kZWxCYWNrZW5kIn0=','2017-05-09 11:08:45.620715'),('esv2pwy6177s18mz8f3jbtf8yi629952','MzAxZjJlMTQzYzE1ZDEyNWYwMzA4MzEyODA2ODdhODFiMzQzZGVlNTp7Il9hdXRoX3VzZXJfYmFja2VuZCI6ImRqYW5nby5jb250cmliLmF1dGguYmFja2VuZHMuTW9kZWxCYWNrZW5kIiwiX2F1dGhfdXNlcl9oYXNoIjoiZmI4OTgwMjZkNjIzZWY1NGM2ZDA5YzM5ZWZjMDQ5NjhlOWU0MjNlMyIsIl9hdXRoX3VzZXJfaWQiOiIxIn0=','2017-04-26 19:56:15.634090'),('ftd8mipgvrxjh03yzin0kg4hl9aymo8t','YzcwZjE1MGNjZDBlZjlkNDdlMGE4ZTNhZTc2ZDAwNzAzYjk0OTEyMjp7Il9hdXRoX3VzZXJfaGFzaCI6ImZiODk4MDI2ZDYyM2VmNTRjNmQwOWMzOWVmYzA0OTY4ZTllNDIzZTMiLCJfYXV0aF91c2VyX2lkIjoiMSIsIl9hdXRoX3VzZXJfYmFja2VuZCI6ImRqYW5nby5jb250cmliLmF1dGguYmFja2VuZHMuTW9kZWxCYWNrZW5kIn0=','2017-04-15 20:26:25.187033'),('gf64xg4v4jrsbrty3s6yo21atze5gaxn','MDlkNjkyYTM1M2U1NTgwY2RhZjAzNmRjZDk4Yjc4Mzk1M2ZhYjgxNTp7Il9hdXRoX3VzZXJfaWQiOiIyIiwiX2F1dGhfdXNlcl9oYXNoIjoiMjQzNWMzMzJmNGEyOWJiZmUzZjFlODViOWUxMGNlMDY0ZjA2ODVhNCIsIl9hdXRoX3VzZXJfYmFja2VuZCI6ImRqYW5nby5jb250cmliLmF1dGguYmFja2VuZHMuTW9kZWxCYWNrZW5kIn0=','2017-03-29 02:59:55.712400'),('inkgchiqhl79bo409p0rjt3nwtzgzy08','ZjVlNGYyZTE2OWY2YzM2YTY5ZWUzNTBmZjlmNWY1NzMyOWVlMDZlZDp7Il9hdXRoX3VzZXJfaWQiOiIyIiwiX2F1dGhfdXNlcl9iYWNrZW5kIjoiZGphbmdvLmNvbnRyaWIuYXV0aC5iYWNrZW5kcy5Nb2RlbEJhY2tlbmQiLCJfYXV0aF91c2VyX2hhc2giOiIyNDM1YzMzMmY0YTI5YmJmZTNmMWU4NWI5ZTEwY2UwNjRmMDY4NWE0In0=','2017-04-04 00:46:32.414051'),('of5zx2rbhqfc7ps78da6wnq90y3g38vu','N2Q5N2ZkY2JjZThhNDYwYTljMjFhY2I5NGE5ZDYzMTA1NjAzZjc4MDp7Il9hdXRoX3VzZXJfYmFja2VuZCI6ImRqYW5nby5jb250cmliLmF1dGguYmFja2VuZHMuTW9kZWxCYWNrZW5kIiwiX2F1dGhfdXNlcl9pZCI6IjIiLCJfYXV0aF91c2VyX2hhc2giOiIyNDM1YzMzMmY0YTI5YmJmZTNmMWU4NWI5ZTEwY2UwNjRmMDY4NWE0In0=','2017-04-14 19:01:27.696603'),('pqwf8m4uxcpbfnffuk5a0tghimtxjvg1','ZDQyNDdhODBkZGE0MzEzZjBlOTdhYWJjNzk5NjEzZWZkYjVhODJhYzp7Il9hdXRoX3VzZXJfaGFzaCI6IjI0MzVjMzMyZjRhMjliYmZlM2YxZTg1YjllMTBjZTA2NGYwNjg1YTQiLCJfYXV0aF91c2VyX2lkIjoiMiIsIl9hdXRoX3VzZXJfYmFja2VuZCI6ImRqYW5nby5jb250cmliLmF1dGguYmFja2VuZHMuTW9kZWxCYWNrZW5kIn0=','2017-04-25 10:43:45.873163'),('q4gecktkr3wiosdk9hd3x2nn4qk3j56g','ZjVlNGYyZTE2OWY2YzM2YTY5ZWUzNTBmZjlmNWY1NzMyOWVlMDZlZDp7Il9hdXRoX3VzZXJfaWQiOiIyIiwiX2F1dGhfdXNlcl9iYWNrZW5kIjoiZGphbmdvLmNvbnRyaWIuYXV0aC5iYWNrZW5kcy5Nb2RlbEJhY2tlbmQiLCJfYXV0aF91c2VyX2hhc2giOiIyNDM1YzMzMmY0YTI5YmJmZTNmMWU4NWI5ZTEwY2UwNjRmMDY4NWE0In0=','2017-04-26 17:50:44.279909'),('qj5e5x5dyw6exwqaq3oq2hqv9lba4fdm','N2Q5N2ZkY2JjZThhNDYwYTljMjFhY2I5NGE5ZDYzMTA1NjAzZjc4MDp7Il9hdXRoX3VzZXJfYmFja2VuZCI6ImRqYW5nby5jb250cmliLmF1dGguYmFja2VuZHMuTW9kZWxCYWNrZW5kIiwiX2F1dGhfdXNlcl9pZCI6IjIiLCJfYXV0aF91c2VyX2hhc2giOiIyNDM1YzMzMmY0YTI5YmJmZTNmMWU4NWI5ZTEwY2UwNjRmMDY4NWE0In0=','2017-04-15 21:12:48.377193'),('urvxzimrl9vslkkgol9355fyxpgiasjp','Y2MxMTVmMTgxNWVlNWEyMWI4ZWRlNmE2NTk1M2U0YjkzM2RjNzk0Yjp7Il9hdXRoX3VzZXJfaWQiOiIxIiwiX2F1dGhfdXNlcl9iYWNrZW5kIjoiZGphbmdvLmNvbnRyaWIuYXV0aC5iYWNrZW5kcy5Nb2RlbEJhY2tlbmQiLCJfYXV0aF91c2VyX2hhc2giOiJmYjg5ODAyNmQ2MjNlZjU0YzZkMDljMzllZmMwNDk2OGU5ZTQyM2UzIn0=','2017-03-21 19:53:44.808908'),('wmseg4z6ojpegi1modnbufuouksd7lyx','N2Q5N2ZkY2JjZThhNDYwYTljMjFhY2I5NGE5ZDYzMTA1NjAzZjc4MDp7Il9hdXRoX3VzZXJfYmFja2VuZCI6ImRqYW5nby5jb250cmliLmF1dGguYmFja2VuZHMuTW9kZWxCYWNrZW5kIiwiX2F1dGhfdXNlcl9pZCI6IjIiLCJfYXV0aF91c2VyX2hhc2giOiIyNDM1YzMzMmY0YTI5YmJmZTNmMWU4NWI5ZTEwY2UwNjRmMDY4NWE0In0=','2017-04-24 14:52:46.636110'),('wsh1fq0xw32wdt5d9y7kafnnag54436v','MzAxZjJlMTQzYzE1ZDEyNWYwMzA4MzEyODA2ODdhODFiMzQzZGVlNTp7Il9hdXRoX3VzZXJfYmFja2VuZCI6ImRqYW5nby5jb250cmliLmF1dGguYmFja2VuZHMuTW9kZWxCYWNrZW5kIiwiX2F1dGhfdXNlcl9oYXNoIjoiZmI4OTgwMjZkNjIzZWY1NGM2ZDA5YzM5ZWZjMDQ5NjhlOWU0MjNlMyIsIl9hdXRoX3VzZXJfaWQiOiIxIn0=','2017-04-29 21:11:53.006162'),('xz3w0o3mnvavyq5nkjboi2uc18bjkrq5','YzcwZjE1MGNjZDBlZjlkNDdlMGE4ZTNhZTc2ZDAwNzAzYjk0OTEyMjp7Il9hdXRoX3VzZXJfaGFzaCI6ImZiODk4MDI2ZDYyM2VmNTRjNmQwOWMzOWVmYzA0OTY4ZTllNDIzZTMiLCJfYXV0aF91c2VyX2lkIjoiMSIsIl9hdXRoX3VzZXJfYmFja2VuZCI6ImRqYW5nby5jb250cmliLmF1dGguYmFja2VuZHMuTW9kZWxCYWNrZW5kIn0=','2017-04-10 03:35:01.494727'),('yeo2a7eyd8pzahsp2cr8ovxzu1qtoc2l','MzAxZjJlMTQzYzE1ZDEyNWYwMzA4MzEyODA2ODdhODFiMzQzZGVlNTp7Il9hdXRoX3VzZXJfYmFja2VuZCI6ImRqYW5nby5jb250cmliLmF1dGguYmFja2VuZHMuTW9kZWxCYWNrZW5kIiwiX2F1dGhfdXNlcl9oYXNoIjoiZmI4OTgwMjZkNjIzZWY1NGM2ZDA5YzM5ZWZjMDQ5NjhlOWU0MjNlMyIsIl9hdXRoX3VzZXJfaWQiOiIxIn0=','2017-04-13 21:50:03.788551'),('zy50crc7ri7p5hq3m69rzi7lld8kn6u6','MzAxZjJlMTQzYzE1ZDEyNWYwMzA4MzEyODA2ODdhODFiMzQzZGVlNTp7Il9hdXRoX3VzZXJfYmFja2VuZCI6ImRqYW5nby5jb250cmliLmF1dGguYmFja2VuZHMuTW9kZWxCYWNrZW5kIiwiX2F1dGhfdXNlcl9oYXNoIjoiZmI4OTgwMjZkNjIzZWY1NGM2ZDA5YzM5ZWZjMDQ5NjhlOWU0MjNlMyIsIl9hdXRoX3VzZXJfaWQiOiIxIn0=','2017-04-16 22:29:45.884024');
/*!40000 ALTER TABLE `django_session` ENABLE KEYS */;
UNLOCK TABLES;

--
-- Table structure for table `sites`
--

DROP TABLE IF EXISTS `sites`;
/*!40101 SET @saved_cs_client     = @@character_set_client */;
/*!40101 SET character_set_client = utf8 */;
CREATE TABLE `sites` (
  `url` varchar(100) DEFAULT NULL,
  `gen_bias` int(11) DEFAULT NULL,
  `learn_bias` int(11) DEFAULT NULL
) ENGINE=InnoDB DEFAULT CHARSET=utf8;
/*!40101 SET character_set_client = @saved_cs_client */;

--
-- Dumping data for table `sites`
--

LOCK TABLES `sites` WRITE;
/*!40000 ALTER TABLE `sites` DISABLE KEYS */;
INSERT INTO `sites` VALUES ('washingtonpost',2,0),('cnn',3,0),('nytimes',2,0),('thehill',3,0),('foxnews',5,0),('nbcnews',2,0),('bbc',3,0),('usatoday',3,0),('theguardian',2,0),('wsj',4,0),('abcnews',2,0),('latimes',2,0),('buzzfeed',2,0),('chicagotribune',3,0),('theblaze',5,0),('chicago.suntimes',2,0),('spectator',5,0),('apnews',3,0),('bloomberg',3,0),('breitbart',5,0),('cbn',5,0),('csmonitor',3,0),('thedailybeast',3,0),('democracynow',1,0),('thefiscaltimes',4,0),('fivethirtyeight',3,0),('vox',2,0),('time',1,0),('slate',2,0),('reuters',3,0);
/*!40000 ALTER TABLE `sites` ENABLE KEYS */;
UNLOCK TABLES;
/*!40103 SET TIME_ZONE=@OLD_TIME_ZONE */;

/*!40101 SET SQL_MODE=@OLD_SQL_MODE */;
/*!40014 SET FOREIGN_KEY_CHECKS=@OLD_FOREIGN_KEY_CHECKS */;
/*!40014 SET UNIQUE_CHECKS=@OLD_UNIQUE_CHECKS */;
/*!40101 SET CHARACTER_SET_CLIENT=@OLD_CHARACTER_SET_CLIENT */;
/*!40101 SET CHARACTER_SET_RESULTS=@OLD_CHARACTER_SET_RESULTS */;
/*!40101 SET COLLATION_CONNECTION=@OLD_COLLATION_CONNECTION */;
/*!40111 SET SQL_NOTES=@OLD_SQL_NOTES */;

-- Dump completed on 2017-04-26  8:15:32
